"id","source","section","page","chunkIndex","totalChunksOnPage","text","sourceUrl","catalogUrl","extractedAt"
"dgs_ecatalog-p14-c1","dgs_ecatalog","A","14","1","5","‧玻璃燒杯..........A-3‧塑膠燒杯..........A-6‧量杯.............A-10‧三角燒瓶.........A-11‧過濾吸引瓶.......A-15‧平底燒瓶.........A-16‧圓底燒瓶.........A-17‧茄型燒瓶.........A-17‧梨型燒瓶.........A-19‧反應槽...........A-20‧蒸餾裝置.........A-22‧脂肪抽出器.......A-23‧乾燥管...........A-24‧氣體洗滌瓶.......A-25‧層析管...........A-26‧展開槽...........A-29‧冷凝管...........A-31‧緩衝瓶...........A-33‧磨砂轉接頭.......A-34‧連接管...........A-35‧抽氣接頭.........A-36‧襯套.............A-37‧玻璃量筒.........A-38‧塑膠量筒.........A-41‧玻璃量瓶.........A-42‧茶色量瓶.........A-44‧塑膠量瓶.........A-46‧滴管.............A-48‧毛細管...","https://ec.dgs.com.tw/catalog/files/basic-html/page14.html","https://ec.dgs.com.tw/catalog/catalog.html#p=14","2026-02-24T05:56:40.562Z"
"dgs_ecatalog-p14-c2","dgs_ecatalog","A","14","2","5",".....A-41‧玻璃量瓶.........A-42‧茶色量瓶.........A-44‧塑膠量瓶.........A-46‧滴管.............A-48‧毛細管...........A-49‧玻璃試管.........A-50‧螺蓋試管.........A-51‧反應管...........A-52‧溶劑儲存瓶管.....A-53‧塑膠試管.........A-54‧試管蓋...........A-55‧離心管...........A-56‧微量離心管.......A-62‧PCR反應管.......A-63‧PCR反應盤.......A-64‧冷凍小瓶.........A-65‧培養皿..........A-66‧接種棒...........A-68‧蓋玻片..........A-69‧載玻片...........A-70‧玻璃計算盤.......A-71‧染色壺...........A-73‧玻片盒...........A-75‧玻片放置盤.......A-77‧組織研磨器.......A-78‧核磁管...........A-80‧通氣管...........A-81‧坩堝型過濾器.....A-82‧漏斗","https://ec.dgs.com.tw/catalog/files/basic-html/page14.html","https://ec.dgs.com.tw/catalog/catalog.html#p=14","2026-02-24T05:56:40.562Z"
"dgs_ecatalog-p14-c3","dgs_ecatalog","A","14","3","5","玻片放置盤.......A-77‧組織研磨器.......A-78‧核磁管...........A-80‧通氣管...........A-81‧坩堝型過濾器.....A-82‧漏斗型過濾器.....A-83‧玻璃過濾器.......A-85‧磁性過濾器.......A-88‧多連式過濾座.....A-89‧布氏漏斗.........A-90‧漏斗.............A-91‧分液漏斗.........A-93‧乳脂瓶...........A-95‧沉澱管...........A-96‧比色槽...........A-97‧呈色反應盤.......A-99‧錶面皿..........A-100‧乾燥器..........A-101‧橡膠管..........A-102‧TYGON管........A-103‧軟管量測器......A-104‧塑膠接管........A-105‧螺牙接管........A-106‧多孔螺蓋........A-107‧塑膠活栓........A-109‧攪拌子..........A-111‧結晶皿..........A-114‧瓷坩堝..........A-115‧乳缽...........","https://ec.dgs.com.tw/catalog/files/basic-html/page14.html","https://ec.dgs.com.tw/catalog/catalog.html#p=14","2026-02-24T05:56:40.562Z"
"dgs_ecatalog-p14-c4","dgs_ecatalog","A","14","4","5","7‧塑膠活栓........A-109‧攪拌子..........A-111‧結晶皿..........A-114‧瓷坩堝..........A-115‧乳缽............A-116‧試管架..........A-117‧離心管架........A-120‧冰桶............A-123‧PCR管架........A-124‧冷凍盒..........A-125‧冷凍小瓶架......A-127‧不鏽鋼線網籃....A-128‧坩堝夾..........A-129‧管路夾..........A-130‧磨砂接頭夾......A-131‧三叉夾..........A-132‧漏斗架..........A-133‧鐵台............A-134‧固定夾..........A-135‧晾乾架..........A-136‧燒瓶墊..........A-138‧藥匙............A-139‧藥鏟...........A-140‧鑷子............A-141‧剪刀............A-142‧毛刷............A-143‧推車............A-144‧磨砂塞...","https://ec.dgs.com.tw/catalog/files/basic-html/page14.html","https://ec.dgs.com.tw/catalog/catalog.html#p=14","2026-02-24T05:56:40.562Z"
"dgs_ecatalog-p14-c5","dgs_ecatalog","A","14","5","5","140‧鑷子............A-141‧剪刀............A-142‧毛刷............A-143‧推車............A-144‧磨砂塞..........A-145‧矽／橡膠塞......A-147‧透氣塞..........A-148‧矽膠封口蓋......A-149‧矽/橡膠帽.......A-150‧注射筒..........A-151‧微量注射器......A-152‧封口蠟膜........A-154‧彩色標籤膠帶....A-155‧符號筆..........A-156‧秤量皿..........A-157‧吸管試劑槽......A-160‧玻璃加工活栓....A-161‧玻璃磨砂接頭....A-162‧中孔螺蓋........A-163‧玻璃管..........A-164A-002 以上價格與規格僅供參考 , 請以實際報價為主 以上價格與規格僅供參考 , 請以實際報價為主 基礎實驗器材 A GENERAL LABWARE","https://ec.dgs.com.tw/catalog/files/basic-html/page14.html","https://ec.dgs.com.tw/catalog/catalog.html#p=14","2026-02-24T05:56:40.562Z"
"dgs_ecatalog-p15-c1","dgs_ecatalog","A","15","1","4","貨號 容量mL ØxH(mm) ea/bx/cs 價格eaAK14000-00010AK14000-00020AK14000-00100AK14000-00150AK14000-00400AK14000-00600AK14000-00800AK14000-01000AK14000-01500AK14000-02000AK14000-040001020100150400600800100015002000400025x3232x4050x7157x7977x10688x12298x136107x145120x165130x190161x25012/412/412/412/412/46/66/46/44/44/21/6低型燒杯 KIMBLEBeaker, Griffin, Low Form˙KG-33硼矽酸玻璃製成˙刻度清晰,標示區易寫耐用˙壁厚均勻,並具有優良之傾倒功能不滴漏˙適用於混合或量測液態樣本貨號 容量mL ØxH(mm) ea/bx 價格eaAS1000-00005AS1000-00010AS1000-00025AS1000-00050AS1000-00100AS1000-00150AS1000-00250AS100","https://ec.dgs.com.tw/catalog/files/basic-html/page15.html","https://ec.dgs.com.tw/catalog/catalog.html#p=15","2026-02-24T05:56:40.562Z"
"dgs_ecatalog-p15-c2","dgs_ecatalog","A","15","2","4","aAS1000-00005AS1000-00010AS1000-00025AS1000-00050AS1000-00100AS1000-00150AS1000-00250AS1000-00400AS1000-00600AS1000-00800AS1000-01000AS1000-02000AS1000-03000AS1000-05000AS1000-10000510255010015025040060080010002000300050001000022x3026x3534x5042x6050x7060x8070x9580x11090x125100x135105x145130x185150x210170x270217x350101010101010101010101010411低型燒杯 PYREXBeaker, Griffin, Low Form˙符合ISO 3819和DIN 12331˙Pyrex 硼矽酸玻璃製成˙白色刻度及書寫區˙良好的散熱性能及高抗化學侵蝕性˙玻璃瓶身印有產品追溯碼,可下載批 次證書 (5mL、10mL無追溯碼,僅可提供材質證明)貨號 容量mL ØxH(mm) ea/bx 價格eaBS-2110607B","https://ec.dgs.com.tw/catalog/files/basic-html/page15.html","https://ec.dgs.com.tw/catalog/catalog.html#p=15","2026-02-24T05:56:40.562Z"
"dgs_ecatalog-p15-c3","dgs_ecatalog","A","15","3","4","及高抗化學侵蝕性˙玻璃瓶身印有產品追溯碼,可下載批 次證書 (5mL、10mL無追溯碼,僅可提供材質證明)貨號 容量mL ØxH(mm) ea/bx 價格eaBS-2110607BS-2110608BS-2110614BS-2110617BS-2110624BS-2110629BS-2110636BS-2110641BS-2110648BS-2110653BS-2110654BS-2110663BS-2110668BS-2110673BS-2110686510255010015025040060080010002000300050001000022x3026x3534x5042x6050x7060x8070x9580x11090x125100x135105x145132x185152x210170x270217x350101010101010101010101010411低型燒杯 DURANBeaker, Griffin, Low Form˙DURAN硼矽酸玻璃材質˙刻度清晰,標示區易寫耐用˙適用於混合或量測液態樣本貨號 容量ml ODxH(mm) 價格eaABO-1001006ABO-1001008ABO-1001010A","https://ec.dgs.com.tw/catalog/files/basic-html/page15.html","https://ec.dgs.com.tw/catalog/catalog.html#p=15","2026-02-24T05:56:40.562Z"
"dgs_ecatalog-p15-c4","dgs_ecatalog","A","15","4","4","AN硼矽酸玻璃材質˙刻度清晰,標示區易寫耐用˙適用於混合或量測液態樣本貨號 容量ml ODxH(mm) 價格eaABO-1001006ABO-1001008ABO-1001010ABO-1001D12ABO-1001D16ABO-1001D18ABO-1001D21ABO-1001D23ABO-1001D25ABO-1001D28ABO-1001D29ABO-1001D30102030501001502504006008001000200025x3532x4235x5042x6050x7056x8570x9577x11090x125100x135105x145130x185低型燒杯 BOROSILBeaker, Griffin, Low Form˙硼矽酸玻璃製成˙符合ASTM E960規範˙白色雙刻度印刷及書寫區˙良好的散熱性能及抗化學侵蝕性A基礎實驗器材以上價格與規格僅供參考 , 請以實際報價為主 以上價格與規格僅供參考 , 請以實際報價為主 A-003玻璃燒杯","https://ec.dgs.com.tw/catalog/files/basic-html/page15.html","https://ec.dgs.com.tw/catalog/catalog.html#p=15","2026-02-24T05:56:40.562Z"
"dgs_ecatalog-p16-c1","dgs_ecatalog","A","16","1","4","低型燒杯 經濟型Beaker, Griffin, Low Form˙硼矽酸玻璃製成˙刻度清晰˙適用於混合或量測液態樣本,如需加熱實驗,建議使用進口廠牌貨號 容量mL 價格eaDG1101-03DG1101-05DG1101-10DG1101-15DG1101-20DG1101-25DG1101-27DG1101-30DG1101-35DG1101-37DG1101-38DG1101-40DG1101-45DG1101-47DG1101-50DG1101-552550100150200250300400500600800100020003000500010000低型燒杯 厚壁 KIMBLEBeaker, Heavy-Duty, Low Form˙KG-33硼矽酸玻璃製成˙外觀渾厚,且厚度均勻˙杯緣處更加強厚度,以增強其使用壽命˙適用於機械式之振盪器˙不建議用於急速增溫及溫控不良之加熱板(器)上貨號 容量mL ØxH(mm) ea/bx/cs 價格eaAK14005-00250AK14005-00400AK14005-00600AK14005-01000AK14005-02000AK14005-04000250400600100","https://ec.dgs.com.tw/catalog/files/basic-html/page16.html","https://ec.dgs.com.tw/catalog/catalog.html#p=16","2026-02-24T05:56:40.562Z"
"dgs_ecatalog-p16-c2","dgs_ecatalog","A","16","2","4","AK14005-00250AK14005-00400AK14005-00600AK14005-01000AK14005-02000AK14005-0400025040060010002000400067x9277x11487x122107x152130x190161x25212/412/46/66/44/21/4低型燒杯 厚壁 PYREXBeaker, Heavy-Duty, Low Form˙符合ISO 3819˙Pyrex 硼矽酸玻璃製成˙白色刻度及書寫區˙較厚的杯體及較厚重的底部˙杯緣處加強厚度,以增強其使用壽命貨號 容量mL ØxH(mm) ea/bx 價格eaAS1003-00150AS1003-00250AS1003-00400AS1003-00600AS1003-01000AS1003-02000AS1003-0500015025040060010002000500057x8968x9077x11090x124108x156131x179180x3001212126641低型燒杯 厚壁 BOROSILBeaker, Heavy-Duty, Low Form˙硼矽酸玻璃製成˙符合ASTM E960規範˙白色雙刻度","https://ec.dgs.com.tw/catalog/files/basic-html/page16.html","https://ec.dgs.com.tw/catalog/catalog.html#p=16","2026-02-24T05:56:40.562Z"
"dgs_ecatalog-p16-c3","dgs_ecatalog","A","16","3","4","79180x3001212126641低型燒杯 厚壁 BOROSILBeaker, Heavy-Duty, Low Form˙硼矽酸玻璃製成˙符合ASTM E960規範˙白色雙刻度印刷及書寫區˙杯緣處加強厚度,增強其使用壽命貨號 容量ml ØxH(mm) 價格eaABO-1003018ABO-1003021ABO-1003023ABO-1003025ABO-1003029150250400600100056x8568x9577x11590x130105x155低型燒杯 厚壁 SYNTHWAREBeaker, Heavy-Duty, Low Form˙硼矽酸玻璃製成˙白色雙刻度印刷及書寫區˙較厚的杯體及較厚重的底部˙杯緣處加強厚度,以增強其使用壽命貨號 容量mL ØxH(mm) ea/bx 價格eaASG-B220050ASG-B220100ASG-B220150ASG-B220250ASG-B220500ASG-B231000ASG-B232000ASG-B233000ASG-B23500050100150250500100020003000500042x6050x7860x8070x9885x125107x145136x2","https://ec.dgs.com.tw/catalog/files/basic-html/page16.html","https://ec.dgs.com.tw/catalog/catalog.html#p=16","2026-02-24T05:56:40.562Z"
"dgs_ecatalog-p16-c4","dgs_ecatalog","A","16","4","4","ASG-B233000ASG-B23500050100150250500100020003000500042x6050x7860x8070x9885x125107x145136x208150x240180x26510101010101111高型燒杯 具嘴 KIMBLEBeaker, Tall Form, with Spout˙KG-33硼矽酸玻璃製成˙高型,具嘴˙刻度清晰貨號 容量mL ØxH(mm) ea/bx/cs 價格eaAK14030-00100AK14030-00200AK14030-00300AK14030-00400AK14030-00600AK14030-01000100200300400600100050x7857x10464x11870x12780x15090x18812/412/412/46/66/46/3A基礎實驗器材A-004 以上價格與規格僅供參考 , 請以實際報價為主 玻璃燒杯","https://ec.dgs.com.tw/catalog/files/basic-html/page16.html","https://ec.dgs.com.tw/catalog/catalog.html#p=16","2026-02-24T05:56:40.562Z"
"dgs_ecatalog-p17-c1","dgs_ecatalog","A","17","1","4","貨號 容量mL ØxH(mm) ea/bx 價格eaAS1015-00050AS1015-00100AS1015-00150AS1015-00250AS1015-00400AS1015-00600AS1015-01000AS1015-02000501001502504006001000200038x7048x8054x9560x12070x13080x15095x180120x2401010101010101010高型燒杯 具嘴 PYREXBeaker, Tall form, with Spout˙符合ISO 3819和DIN 12331˙Pyrex 硼矽酸玻璃製成˙白色刻度及書寫區˙良好的散熱性能及高抗化學侵蝕性˙玻璃瓶身印有產品追溯碼,可下載批次證書(400mL無追溯碼,僅可提供材質證明)貨號 容量ml ØxH(mm) 價格eaABO-1070016ABO-1070020ABO-1070022ABO-1070023ABO-1070024ABO-1070025ABO-1070029100200300400500600100048x8056x10565x12070x13077x14080x15590x190高型燒杯 具嘴 B","https://ec.dgs.com.tw/catalog/files/basic-html/page17.html","https://ec.dgs.com.tw/catalog/catalog.html#p=17","2026-02-24T05:56:40.562Z"
"dgs_ecatalog-p17-c2","dgs_ecatalog","A","17","2","4","1070025ABO-1070029100200300400500600100048x8056x10565x12070x13077x14080x15590x190高型燒杯 具嘴 BOROSILBeaker, Tall form, with spout˙硼矽酸玻璃製成˙符合ASTM E960規範˙白色雙刻度印刷及書寫區˙良好的散熱性能及抗化學侵蝕性高型燒杯 具嘴 經濟型Beaker, Tall Form, with Spout˙硼矽酸玻璃製成˙刻度清晰,高型,具嘴˙適用於混合或量測液態樣本,如需加熱實驗,建議使用進口廠牌˙價格低廉,適合各級學校單位使用貨號 容量mL 價格eaDG1102-05DG1102-07DG1102-10DG1102-15DG1102-20DG1102-251001502504006001000 高型燒杯無具嘴 KIMBLEBeaker, Tall Form, without Spout˙KG-33硼矽酸玻璃製成˙無具嘴˙刻度清晰貨號 容量mL ØxH(mm) ea/bx 價格eaAK14020-00100AK14020-00200AK14020-00300AK14020-00400AK14020-00","https://ec.dgs.com.tw/catalog/files/basic-html/page17.html","https://ec.dgs.com.tw/catalog/catalog.html#p=17","2026-02-24T05:56:40.562Z"
"dgs_ecatalog-p17-c3","dgs_ecatalog","A","17","3","4","清晰貨號 容量mL ØxH(mm) ea/bx 價格eaAK14020-00100AK14020-00200AK14020-00300AK14020-00400AK14020-00600AK14020-01000100200300400600100050x7857x10464x11870x12780x15090x188121212666貨號 容量ml ØxH(mm) 價格eaABO-1050016ABO-1050020ABO-1050022ABO-1050023ABO-1050024ABO-1050025ABO-1050029100200300400500600100048x8056x10565x12070x13077x14080x15590x190高型燒杯 無具嘴 BOROSILBeaker, Tall form, without spout˙硼矽酸玻璃製成˙符合ASTM E960規範˙白色雙刻度印刷及書寫區˙良好的散熱性能及抗化學侵蝕性貨號 容量mL ØxH(mm) ea/bx 價格eaAS1004-00150AS1004-00250AS1004-0060015025060054x9560x12080x150101010","https://ec.dgs.com.tw/catalog/files/basic-html/page17.html","https://ec.dgs.com.tw/catalog/catalog.html#p=17","2026-02-24T05:56:40.562Z"
"dgs_ecatalog-p17-c4","dgs_ecatalog","A","17","4","4","量mL ØxH(mm) ea/bx 價格eaAS1004-00150AS1004-00250AS1004-0060015025060054x9560x12080x150101010高型燒杯 厚壁 PYREXBeaker, Heavy-Duty, Tall Form˙Pyrex硼矽酸玻璃製成˙白色刻度及書寫區,刻度為近似值˙較厚的杯體及較厚重的底部˙杯緣處加強厚度,以增強其使用壽命˙玻璃瓶身印有產品追溯碼,可下載批次證書A基礎實驗器材以上價格與規格僅供參考 , 請以實際報價為主 A-005玻璃燒杯","https://ec.dgs.com.tw/catalog/files/basic-html/page17.html","https://ec.dgs.com.tw/catalog/catalog.html#p=17","2026-02-24T05:56:40.562Z"
"dgs_ecatalog-p18-c1","dgs_ecatalog","A","18","1","4","燒瓶式燒杯 具嘴 KIMBLEBeaker,Combination Beaker and Flask, Graduated with Pour Spouts,BEAKERplusTM貨號 容量mL ØxH(mm) ea/cs 價格eaAK14035-00150AK14035-00250AK14035-00500AK14035-01000AK14035-012001502505001000120070x8070x10770x17895x22295x25466622˙KG-33硼矽酸玻璃製成˙刻度清晰,標示區易寫耐用˙窄口設計,可放置漏斗過濾,攪拌時亦可減少液體的飛濺錐型燒杯 PYREXBeaker, Philips, Conical貨號 容量mL ODxH(mm) 瓶口OD(mm) 價格eaAS1020-00006DAS1020-00016D25050068x10586x1425259˙Pyrex硼矽酸玻璃製成˙適用於混合或量測液態樣本貨號 容量mL ØxH(mm) ea/bx 價格eaBS-2114129BS-2114136BS-211414415025050059x8768x10586x142101010錐型燒杯 DURA","https://ec.dgs.com.tw/catalog/files/basic-html/page18.html","https://ec.dgs.com.tw/catalog/catalog.html#p=18","2026-02-24T05:56:40.562Z"
"dgs_ecatalog-p18-c2","dgs_ecatalog","A","18","2","4","ØxH(mm) ea/bx 價格eaBS-2114129BS-2114136BS-211414415025050059x8768x10586x142101010錐型燒杯 DURANBeaker,Philips,Conical˙DURAN硼矽酸玻璃材質˙適用於混合或量測液態樣本貨號 容量mL 價格eaDG1103-05DG1103-10DG1103-15125250500錐形燒杯 經濟型Beaker, with spout˙硼矽酸玻璃製成˙刻度清晰˙適用於混合或量測液態樣本,如需加熱實驗,建議使用進口廠牌˙價格低廉,適合各級學校單位使用有柄燒杯 經濟型Beaker with Handle˙玻璃材質˙具把手及刻度貨號 容量mL 價格eaDG1107-00100DG1107-00250DG1107-00500DG1107-01000DG1107-02000DG1107-03000DG1107-050001002505001000200030005000有柄燒杯 厚壁 SYNTHWAREBeaker, with Handle,Heavy-Duty˙硼矽酸玻璃製成˙無具嘴˙白色雙刻度印刷及書寫區˙較厚的杯體及較厚重的底部˙杯緣處加強","https://ec.dgs.com.tw/catalog/files/basic-html/page18.html","https://ec.dgs.com.tw/catalog/catalog.html#p=18","2026-02-24T05:56:40.562Z"
"dgs_ecatalog-p18-c3","dgs_ecatalog","A","18","3","4","有柄燒杯 厚壁 SYNTHWAREBeaker, with Handle,Heavy-Duty˙硼矽酸玻璃製成˙無具嘴˙白色雙刻度印刷及書寫區˙較厚的杯體及較厚重的底部˙杯緣處加強厚度,以增強其使用壽命貨號 容量mL ØxH(mm) 價格eaASG-B190050ASG-B190100ASG-B190250ASG-B190500ASG-B19100050100250500100042x6050x7777x9680x125107x145無柄燒杯 PP KartellBeaker without Handle, PP˙PP材質˙燒杯具嘴,傾倒方便˙半透明˙藍色刻度印刷於燒杯表面貨號 容量/刻度mL ØxH(mm) ea/cs 價格eaBK-1821BK-1822BK-1823BK-1824BK-1825BK-1826BK-1827BK-818BK-81925/150/2100/5250/10500/101000/202000/503000/5005000/50034x4941x6051x7271x9587x119109x147132x183.5158x201188.5x22920201216124422 A基礎實驗器材A-006","https://ec.dgs.com.tw/catalog/files/basic-html/page18.html","https://ec.dgs.com.tw/catalog/catalog.html#p=18","2026-02-24T05:56:40.562Z"
"dgs_ecatalog-p18-c4","dgs_ecatalog","A","18","4","4","0/50034x4941x6051x7271x9587x119109x147132x183.5158x201188.5x22920201216124422 A基礎實驗器材A-006 以上價格與規格僅供參考 , 請以實際報價為主 塑膠燒杯","https://ec.dgs.com.tw/catalog/files/basic-html/page18.html","https://ec.dgs.com.tw/catalog/catalog.html#p=18","2026-02-24T05:56:40.562Z"
"dgs_ecatalog-p19-c1","dgs_ecatalog","A","19","1","4","無柄燒杯 TPX KartellBlue graduated beakers, low form, TPX˙PMP(TPX)材質,可耐高溫至170℃˙燒杯具嘴,傾倒方便˙透明度佳,易讀取˙藍色刻度印刷於燒杯表面貨號 容量/刻度mL ØxH(mm) ea/cs 價格eaBK-1720BK-1721BK-1722BK-1723BK-1724BK-1725BK-1726BK-1727BK-172825/150/2100/5250/10500/101000/202000/503000/5005000/50034x4942x6052x7271x9588x119110x146133x184159x201190x22820201216124422 貨號 容量mL ea/pk/cs 價格eaATS-421010ATS-421020ATS-421040ATS-421050ATS-421060ATS-421070ATS-421080ATS-421090501002506001000200050001000012/412/46/64/63/4642無柄燒杯 PP TarsonsBeaker without Handle, PP˙PP材質,可高壓滅","https://ec.dgs.com.tw/catalog/files/basic-html/page19.html","https://ec.dgs.com.tw/catalog/catalog.html#p=19","2026-02-24T05:56:40.562Z"
"dgs_ecatalog-p19-c2","dgs_ecatalog","A","19","2","4","6001000200050001000012/412/46/64/63/4642無柄燒杯 PP TarsonsBeaker without Handle, PP˙PP材質,可高壓滅菌˙燒杯具嘴,方便傾倒˙刻度為藍色刻劃,清晰易讀˙符合美國 FDA 21 CFR貨號 容量mL ea/pk/cs 價格eaATS-422000ATS-422010ATS-422020ATS-422030ATS-422040ATS-422050ATS-422060ATS-422070501002506001000200050001000012/412/46/64/63/4642無柄燒杯 PMP TarsonsBeaker without Handle, PMP˙PMP(TPX)材質,可高壓滅菌˙燒杯具嘴,方便傾倒˙刻度為深色刻劃,清晰易讀拋棄式燒杯 PP NIKKOBeaker, Disposable, PP˙PP材質拋棄式˙刻度由鑄模浮刻於燒杯表面˙一體成型設計,底部平滑,無接縫線˙2L非一體成型且無刻度貨號 容量mL 上徑x下徑x高mm ea/cs 價格eaCN3014-01CN3014-02CN3014-03CN3014-04CN3014-05","https://ec.dgs.com.tw/catalog/files/basic-html/page19.html","https://ec.dgs.com.tw/catalog/catalog.html#p=19","2026-02-24T05:56:40.562Z"
"dgs_ecatalog-p19-c3","dgs_ecatalog","A","19","3","4",",無接縫線˙2L非一體成型且無刻度貨號 容量mL 上徑x下徑x高mm ea/cs 價格eaCN3014-01CN3014-02CN3014-03CN3014-04CN3014-05CN3014-07CN3014-082000 100050030020010050141.5x124x172.5123.5x100x148.5102.5x79.5x12490x68.5x9682x59.5x8258.5x42.5x77.543.5x32.5x706015025050075010002000拋棄式燒杯 PP SANPLATECBeaker, Disposable, PP˙PP材質拋棄式˙半透明˙刻度由鑄模浮刻於燒杯表面貨號 容量/刻度mL ØxH(mm) ea/cs 價格eaCS-1665CS-1666CS-1667CS-1668CS-1669CS-1840100/10200/50300/50500/501000/1002000/50053.5x7272.5x8484x98.598.5x121122x145142x19710001000500250100100拋棄式燒杯 PP AS ONEBeaker, Disposable, PP˙","https://ec.dgs.com.tw/catalog/files/basic-html/page19.html","https://ec.dgs.com.tw/catalog/catalog.html#p=19","2026-02-24T05:56:40.562Z"
"dgs_ecatalog-p19-c4","dgs_ecatalog","A","19","4","4","x8484x98.598.5x121122x145142x19710001000500250100100拋棄式燒杯 PP AS ONEBeaker, Disposable, PP˙PP材質拋棄式,不可高壓滅菌˙半透明˙刻度鑄模浮刻於燒杯表面˙可堆疊,不佔用儲存空間貨號 容量mL 上徑x下徑x高mm ea/cs 價格eaAO14659-01AO14659-02AO14659-23AO14659-04AO14659-05AO14659-26AO14659-071001502003005001000200054x47x7261x55x7874x63x8580x69x98100x84x119122x103x146142x118x196100010001000500250100100A基礎實驗器材以上價格與規格僅供參考 , 請以實際報價為主 A-007塑膠燒杯","https://ec.dgs.com.tw/catalog/files/basic-html/page19.html","https://ec.dgs.com.tw/catalog/catalog.html#p=19","2026-02-24T05:56:40.562Z"
"dgs_ecatalog-p20-c1","dgs_ecatalog","A","20","1","3","˙PP材質˙150mL為浮刻於表面˙250mL以上為藍色刻劃貨號 容量mL ea/cs 價格eaDP-350150DP-3502501DP-3505001DP-351000115025050010002000240200100無柄燒杯 PP 台製Beaker without Handle, PP 塑膠燒杯 PE 台製Beaker, PE˙PE材質˙燒杯具嘴,傾倒方便˙半透明˙刻度由鑄模浮刻於燒杯表面貨號 容量mL ea/pk 價格eaDP-350250DP-350500DP-3510002505001000240200100燒杯 PTFE cowiePTFE Beakers˙表面光滑不易殘留˙底部平整,具良好的熱傳導能力˙PTFE材質耐溫 -200~250℃˙良好的耐化學性和溫度貨號 容量mL ØxH(mm) 價格eaAC007-005AC007-010AC007-025AC007-050AC007-100AC007-250AC007-500AC007-1000AC007-2000AC007-5000510255010025050010002000500020x2624x3332x4743x5554x6866x9780x12","https://ec.dgs.com.tw/catalog/files/basic-html/page20.html","https://ec.dgs.com.tw/catalog/catalog.html#p=20","2026-02-24T05:56:40.562Z"
"dgs_ecatalog-p20-c2","dgs_ecatalog","A","20","2","3","07-1000AC007-2000AC007-5000510255010025050010002000500020x2624x3332x4743x5554x6866x9780x125100x155125x210170x280不鏽鋼燒杯 日製S.S. Beaker˙不鏽鋼製˙具嘴及刻度貨號 容量mL ØxH(mm) 價格eaC8HS-61001C8HS-61002C8HS-61003C8HS-61004C8HS-61005100200300500100050x5769x6972x7881x108107x120低型有柄燒杯 PP KartellBeaker with Handle, Short Form, PP˙PP材質˙燒杯具嘴,握柄,傾倒方便˙半透明˙刻度鑄模浮刻於燒杯表面貨號 容量/刻度mL ØxH(mm) 價格eaBK-1156BK-1157BK-1158BK-1159BK-1160500/251000/502000/503000/1005000/25090x116116x131145x165165x180190x225貨號 容量/刻度mL ØxH(mm) ea/cs 價格eaBV-446941BV-447941BV-4","https://ec.dgs.com.tw/catalog/files/basic-html/page20.html","https://ec.dgs.com.tw/catalog/catalog.html#p=20","2026-02-24T05:56:40.562Z"
"dgs_ecatalog-p20-c3","dgs_ecatalog","A","20","3","3","0/25090x116116x131145x165165x180190x225貨號 容量/刻度mL ØxH(mm) ea/cs 價格eaBV-446941BV-447941BV-440941BV-441941BV-442941BV-443941BV-444941BV-44594150/2100/2250/5500/101000/102000/203000/505000/10040x7050x8074x12092x140117x181152x213172x242204x270242412126666有柄燒杯 PP VITLABBeaker with Handle, PP˙PP材質˙燒杯具嘴,握柄,傾倒方便˙半透明˙刻度鑄模浮刻於燒杯表面A基礎實驗器材A-008 以上價格與規格僅供參考 , 請以實際報價為主 塑膠燒杯","https://ec.dgs.com.tw/catalog/files/basic-html/page20.html","https://ec.dgs.com.tw/catalog/catalog.html#p=20","2026-02-24T05:56:40.562Z"
"dgs_ecatalog-p21-c1","dgs_ecatalog","A","21","1","3","貨號 容量/刻度mL ØxH(mm) ea/cs 價格eaBV-446081BV-447081BV-440081BV-441081BV-442081BV-443081BV-444081BV-44508150/2100/2250/5500/101000/102000/203000/505000/10040x7050x8074x12092x140117x181152x213172x242204x270242412126666 有柄燒杯 PP 藍色刻劃 VITLABBeaker with Handle, PP˙PP材質˙燒杯具嘴,握柄,傾倒方便˙半透明˙刻度藍色刻劃,清析易讀貨號 容量/刻度mL ØxH(mm) ea/cs 價格eaBV-44091BV-44191BV-44291BV-44391BV-44491250/5500/101000/102000/203000/5070x12091x133116x170150x215170x2421212666 有柄燒杯 SAN VITLABBeaker with Handle, SAN˙SAN材質˙燒杯具嘴,握柄,傾倒方便˙透明˙刻度鑄模浮刻於燒杯表面有柄燒杯 PP TarsonsBea","https://ec.dgs.com.tw/catalog/files/basic-html/page21.html","https://ec.dgs.com.tw/catalog/catalog.html#p=21","2026-02-24T05:56:40.562Z"
"dgs_ecatalog-p21-c2","dgs_ecatalog","A","21","2","3","有柄燒杯 SAN VITLABBeaker with Handle, SAN˙SAN材質˙燒杯具嘴,握柄,傾倒方便˙透明˙刻度鑄模浮刻於燒杯表面有柄燒杯 PP TarsonsBeaker with Handle ,PP˙PP材質,可高壓滅菌˙燒杯具嘴及握柄,方便傾倒˙刻度藍色刻劃,清晰易讀貨號 容量mL ea/cs 價格eaATS-431040ATS-431050ATS-431060ATS-431070ATS-431080ATS-431090100250600100020005000121212642貨號 容量mL ea/cs 價格eaATS-441040ATS-441050ATS-441060ATS-441070ATS-441080ATS-441090100250600100020005000121212642有柄燒杯 PMP TarsonsBeaker with Handle ,PMP˙PMP(TPX)材質,可高壓滅菌˙燒杯具嘴及握柄,方便傾倒˙刻度深色刻劃,清晰易讀貨號 容量mL ea/cs 價格eaDP-360100DP-360200DP-360500DP-361000DP-362000DP-363000DP-365","https://ec.dgs.com.tw/catalog/files/basic-html/page21.html","https://ec.dgs.com.tw/catalog/catalog.html#p=21","2026-02-24T05:56:40.562Z"
"dgs_ecatalog-p21-c3","dgs_ecatalog","A","21","3","3","˙刻度深色刻劃,清晰易讀貨號 容量mL ea/cs 價格eaDP-360100DP-360200DP-360500DP-361000DP-362000DP-363000DP-365000100200500100020003000500035012025060601812有柄燒杯 PP 台製Beaker with Handle, PP˙PP材質˙燒杯具嘴,握柄,傾倒方便˙半透明˙刻度由鑄模浮刻於燒杯表面有柄燒杯 PFA SANPLATECBeaker with Handle, PFA˙PFA材質耐溫-200~250℃˙良好的耐化學性和溫度˙透明,附刻度貨號 容量/刻度mL ØxH(mm) 價格eaAS-11113AS-111141000/1002000/100110x152136x198 A基礎實驗器材以上價格與規格僅供參考 , 請以實際報價為主 A-009塑膠燒杯","https://ec.dgs.com.tw/catalog/files/basic-html/page21.html","https://ec.dgs.com.tw/catalog/catalog.html#p=21","2026-02-24T05:56:40.562Z"
"dgs_ecatalog-p22-c1","dgs_ecatalog","A","22","1","4","貨號 容量mL ØxH(mm) 價格eaC8HS-54001C8HS-54002C8HS-54003C8HS-54004C8HS-54005C8HS-54006C8HS-54007C8HS-54008100200300500100020003000500050x5769x6972x7881x108107x120137x150155x178178x212 不鏽鋼手把燒杯 SANPLATECS.S. Beaker with Handle˙SUS304不鏽鋼製˙具嘴及刻度貨號 容量mL 價格eaDG1611-03DG1611-05DG1611-10DG1611-15DG1611-20DG1611-25DG1611-301020501002505001000量杯 經濟型Conical Beaker Graduated ˙硼矽酸玻璃製成˙刻度清晰˙錐形具嘴及底座貨號 容量/刻度mL H(mm) ea/cs 價格eaBK-422BK-423BK-424BK-425100/2250/5500/101000/20118164183263121283 量杯 PP KartellConical Beaker Graduated, PP˙PP材質","https://ec.dgs.com.tw/catalog/files/basic-html/page22.html","https://ec.dgs.com.tw/catalog/catalog.html#p=22","2026-02-24T05:56:40.562Z"
"dgs_ecatalog-p22-c2","dgs_ecatalog","A","22","2","4","25100/2250/5500/101000/20118164183263121283 量杯 PP KartellConical Beaker Graduated, PP˙PP材質,可耐高溫至120℃˙半透明˙量杯具嘴,傾倒方便,量杯底座寬大˙刻度由鑄模浮刻於量杯表面量杯 TPX KartellConical Beaker Graduated, TPX˙TPX(PMP)材質可耐高溫至170°C˙量杯具嘴,傾倒方便,量杯底座寬大˙刻度由鑄模浮刻於量杯表面˙規透明度佳貨號 容量/刻度mL H(mm) ea/cs 價格eaBK-1422BK-1423BK-1424BK-1425100/2250/5500/101000/20117162183263121883塑膠量杯 PP 台製Beaker, PP˙PP材質貨號 容量mL ØxH(mm) ea/cs 價格DP-N-3-1DP-N-3-2202035x3537x31.540002000三角燒瓶 KIMBLEFlask, Erlenmeyer, Narrow Mouth˙KG-33硼矽酸玻璃製成˙外觀呈三角形,瓶口部分有特別加工,加強其圓滑與堅固˙適用於混合或量測液態溶劑貨號 容量mL","https://ec.dgs.com.tw/catalog/files/basic-html/page22.html","https://ec.dgs.com.tw/catalog/catalog.html#p=22","2026-02-24T05:56:40.562Z"
"dgs_ecatalog-p22-c3","dgs_ecatalog","A","22","3","4","Flask, Erlenmeyer, Narrow Mouth˙KG-33硼矽酸玻璃製成˙外觀呈三角形,瓶口部分有特別加工,加強其圓滑與堅固˙適用於混合或量測液態溶劑貨號 容量mL ØxH(mm) ea/bx /cs 價格eaAK26500-00025AK26500-00050AK26500-00125AK26500-00250AK26500-00300AK26500-00500AK26500-01000AK26500-02000AK26500-04000AK26500-060002550125250300500100020004000600038x6550x7866x10882x13088x140102x174128x213161x275208x355235x39312/412/412/412/412/46/66/44/21/41/4貨號 容量mL ØxH(mm) ea/bx 價格eaAS1130-00025AS1130-00050AS1130-00100AS1130-00150AS1130-00200AS1130-00250AS1130-00300AS1130-00500AS1130-01000AS1130-02000A","https://ec.dgs.com.tw/catalog/files/basic-html/page22.html","https://ec.dgs.com.tw/catalog/catalog.html#p=22","2026-02-24T05:56:40.562Z"
"dgs_ecatalog-p22-c4","dgs_ecatalog","A","22","4","4","00100AS1130-00150AS1130-00200AS1130-00250AS1130-00300AS1130-00500AS1130-01000AS1130-02000AS1130-03000AS1130-050002550100150200250300500100020003000500042x7051x8564x10574x11879x13185x14587x156105x180131x220166x280187x310220x3651010101010101010101021三角燒瓶 PYREXFlask, Erlenmeyer, Narrow Mouth˙符合DIN ISO 1773˙Pyrex 硼矽酸玻璃製成˙白色刻度及書寫區˙良好的耐熱性能及高抗化學侵蝕性˙玻璃瓶身印有產品追溯碼,可下載批次證書(25mL、50mL、100mL無追溯碼,僅可提供材質證明)A基礎實驗器材A-010 以上價格與規格僅供參考 , 請以實際報價為主 量杯","https://ec.dgs.com.tw/catalog/files/basic-html/page22.html","https://ec.dgs.com.tw/catalog/catalog.html#p=22","2026-02-24T05:56:40.562Z"
"dgs_ecatalog-p23-c1","dgs_ecatalog","A","23","1","4","三角燒瓶 DURANFlask,Erlenmeyer,Narrow Mouth˙DURAN 硼矽酸玻璃材質˙刻度清晰,標示區易寫耐用˙適用於混合或量測液態樣本貨號 容量mL ØxH(mm) ea/bx 價格eaBS-2121614BS-2121617BS-2121624BS-2121628BS-2121632BS-2121636BS-2121639BS-2121644BS-2121654BS-2121663BS-2121668BS-21216732550100125200250300500100020003000500042x7551x9064x10567x11279x13185x14587x156105x180131x220166x280187x310220x3651010101010101010101021 貨號 容量mL ØxH(mm) 價格eaABO-4985009ABO-4985012ABO-4985017ABO-4985021ABO-4985022ABO-4985024ABO-49850292550125250300500100042x6752x8368x11183x13390x146103x177131x222","https://ec.dgs.com.tw/catalog/files/basic-html/page23.html","https://ec.dgs.com.tw/catalog/catalog.html#p=23","2026-02-24T05:56:40.562Z"
"dgs_ecatalog-p23-c2","dgs_ecatalog","A","23","2","4","985022ABO-4985024ABO-49850292550125250300500100042x6752x8368x11183x13390x146103x177131x222三角燒瓶 BOROSILFlask, Erlenmeyer, Narrow Mouth˙硼矽酸玻璃製成˙符合ASTM E1404規範˙白色雙刻度印刷及書寫區˙良好的散熱性能及抗化學侵蝕性˙適用於混合或量測液態溶劑,為各實驗室中通用之燒瓶三角燒瓶 經濟型Flask, Erlenmeyer, Narrow Mouth˙硼矽酸玻璃製成˙刻度清晰,外觀呈三角形˙適用於混合或量測液態樣本,如需加熱實驗,建議使用進口廠牌貨號 容量mL 價格eaDG1121-05DG1121-10DG1121-12DG1121-15DG1121-17DG1121-20DG1121-23DG1121-25DG1121-30DG1121-35DG1121-39DG1121-42DG1121-4550100125150200250300500100020003000500010000廣口厚唇三角燒瓶 KIMBLEFlask, Erlenmeyer, Wide Mouth˙KG-33硼","https://ec.dgs.com.tw/catalog/files/basic-html/page23.html","https://ec.dgs.com.tw/catalog/catalog.html#p=23","2026-02-24T05:56:40.562Z"
"dgs_ecatalog-p23-c3","dgs_ecatalog","A","23","3","4","125150200250300500100020003000500010000廣口厚唇三角燒瓶 KIMBLEFlask, Erlenmeyer, Wide Mouth˙KG-33硼矽酸玻璃製成˙瓶身厚重,瓶口寬廣˙可耐高溫,化學溶劑侵蝕,可用於振盪器之振盪貨號 容量mL ØxH(mm) ea/bx/cs 價格eaAK26650-00125AK26650-00250AK26650-00500AK26650-01000AK26650-020001252505001000200066x10877x13097x172122x216161x26512/412/46/66/44/2貨號 容量mL口內徑mmØxH(mm)ea/bx 價格eaAS1140-00050AS1140-00100AS1140-00250AS1140-00500AS1140-01000AS1140-02000501002505001000200030304646466648x8564x11085x140105x175131x220153x275101010101010廣口三角燒瓶 PYREXFlask, Erlenmeyer, Wide Mouth˙符合DIN IS","https://ec.dgs.com.tw/catalog/files/basic-html/page23.html","https://ec.dgs.com.tw/catalog/catalog.html#p=23","2026-02-24T05:56:40.562Z"
"dgs_ecatalog-p23-c4","dgs_ecatalog","A","23","4","4","085x140105x175131x220153x275101010101010廣口三角燒瓶 PYREXFlask, Erlenmeyer, Wide Mouth˙符合DIN ISO 24450˙Pyrex 硼矽酸玻璃製成˙白色刻度及書寫區˙良好的耐熱性能及高抗化學侵蝕性˙玻璃瓶身印有產品追溯碼,可下載批次證書 (50mL、100mL、2000mL無追溯碼,僅可提供材質證明)廣口三角燒瓶 BOROSILFlask, Erlenmeyer, Wide Mouth˙硼矽酸玻璃製成˙符合ASTM E1404規範˙白色雙刻度印刷及書寫區˙良好的散熱性能及抗化學侵蝕性貨號 容量mL ØxH(mm) 價格eaABO-5102017ABO-5102021ABO-5102024ABO-5102029125250500100068x11183x133105x186131x222A基礎實驗器材以上價格與規格僅供參考 , 請以實際報價為主 A-011三角燒瓶","https://ec.dgs.com.tw/catalog/files/basic-html/page23.html","https://ec.dgs.com.tw/catalog/catalog.html#p=23","2026-02-24T05:56:40.562Z"
"dgs_ecatalog-p24-c1","dgs_ecatalog","A","24","1","4","螺蓋三角燒瓶 KIMBLEFlask, Erlenmeyer, Screw Cap˙KG-33硼矽酸玻璃製成˙瓶身呈三角形,瓶口附螺旋蓋˙用於儲存或混合微生物之培養˙125mL以下螺蓋為24-410˙250mL螺蓋為28-410˙500mL以上螺蓋為38-430貨號 容量mL WxH(mm) ea/bx/cs 價格eaAK26505-00050AK26505-00125AK26505-00250AK26505-00500AK26505-01000AK26505-02000501252505001000200050x78 66x11582x128102x175128x215161x2736/46/46/46/46/22/4螺蓋三角瓶 PYREXFlask, Erlenmeyer, Screw Cap˙Pyrex硼矽酸玻璃製成˙黑蓋PTB材質附PTFE墊片可高溫高壓滅菌及乾熱滅菌,可耐溫度至180°C˙適用於培養樣品及培養基的儲存˙附白色刻度,白色書寫區˙滅菌時請勿鎖緊蓋子,以避免瓶子破裂貨號 容量mL ODxH(mm) 螺蓋規格mm 價格eaAS1137-00012MAS1137-00013MAS1137-00002MAS11","https://ec.dgs.com.tw/catalog/files/basic-html/page24.html","https://ec.dgs.com.tw/catalog/catalog.html#p=24","2026-02-24T05:56:40.562Z"
"dgs_ecatalog-p24-c2","dgs_ecatalog","A","24","2","4","區˙滅菌時請勿鎖緊蓋子,以避免瓶子破裂貨號 容量mL ODxH(mm) 螺蓋規格mm 價格eaAS1137-00012MAS1137-00013MAS1137-00002MAS1137-00003DAS1137-00006MAS1137-00008DAS1137-00010MAS1137-00014MAS1137-00018M10255010025050010002000300030x6842x7651x8564x10585x130105x160131x210166x280187x315SVL15SVL22SVL22SVL30SVL42SVL42SVL42SVL42SVL42廣口螺蓋三角燒瓶 KIMBLEFlask, GL45 Erlenmeyer, Screw Cap˙KG-33硼矽酸玻璃製成˙附GL45螺旋蓋˙廣口之設計可將液體更容易的倒入瓶中˙標示區為琺瑯材質貨號 容量mL WxH(mm) 價格eaAK26720-00500 500 102 x 165 廣口螺蓋三角燒瓶 安全披覆 KIMBLEFlask, GL45 Erlenmeyer, Screw Cap˙KG-33硼矽酸玻璃製成˙瓶身具安全披覆,以避免瓶身打破時內","https://ec.dgs.com.tw/catalog/files/basic-html/page24.html","https://ec.dgs.com.tw/catalog/catalog.html#p=24","2026-02-24T05:56:40.562Z"
"dgs_ecatalog-p24-c3","dgs_ecatalog","A","24","3","4","x 165 廣口螺蓋三角燒瓶 安全披覆 KIMBLEFlask, GL45 Erlenmeyer, Screw Cap˙KG-33硼矽酸玻璃製成˙瓶身具安全披覆,以避免瓶身打破時內裝藥劑外流˙附GL45螺旋蓋˙廣口之設計可將液體更容易的倒入瓶中˙標示區為琺瑯材質貨號 容量mL WxH(mm) ea/bx 價格eaAKC26720-00250AKC26720-00500AKC26720-01000AKC26720-0200025050010002000 81x130102x165128x205161x2656642 螺蓋三角瓶 PP GL45 VITLABFlask , Erlenmeyer, PP, with Scre w Thread Closure, GL45˙PP材質,半透明,可高溫高壓滅菌˙適用於細胞培養,也適合盛裝食品˙瓶身表面印有刻度˙滅菌時須將瓶蓋取下分開滅菌˙清洗時溫度不建議高於60°C,以避免破壞刻度貨號 容量/刻度mL ea/bx 價格eaBV-566941BV-567941BV-568941BV-569941BV-57094175/10125/20250/50500/1001000/20066664 螺","https://ec.dgs.com.tw/catalog/files/basic-html/page24.html","https://ec.dgs.com.tw/catalog/catalog.html#p=24","2026-02-24T05:56:40.562Z"
"dgs_ecatalog-p24-c4","dgs_ecatalog","A","24","4","4","x 價格eaBV-566941BV-567941BV-568941BV-569941BV-57094175/10125/20250/50500/1001000/20066664 螺蓋三角瓶 TPX GL45 VITLABFlask, Erlenmeyer, TPX, with Screw Thread Closure, GL45˙TPX(PMP)材質,半透明,可高溫高壓滅菌˙適用於細胞培養,也適合作為滴定實驗的接收容器˙瓶身表面印有刻度˙滅菌時須將瓶蓋取下分開滅菌˙清洗時溫度不建議高於60°C,以避免破壞刻度貨號 容量/刻度mL ea/bx 價格eaBV-56695BV-56795BV-56895BV-56995BV-5709575/10125/20250/50500/1001000/20066664 A基礎實驗器材A-012 以上價格與規格僅供參考 , 請以實際報價為主 三角燒瓶","https://ec.dgs.com.tw/catalog/files/basic-html/page24.html","https://ec.dgs.com.tw/catalog/catalog.html#p=24","2026-02-24T05:56:40.562Z"
"dgs_ecatalog-p25-c1","dgs_ecatalog","A","25","1","5","磨砂三角瓶 PYREXFlask, Erlenmeyer, Joint˙加工製品˙PYREX玻璃三角瓶加工磨砂口˙適用於混合液態溶劑貨號 容量mL 磨口 價格eaDG26511-11002DG26511-11005DG26511-11010DG26511-13005DG26511-13010DG26511-13025DG26511-13030DG26511-13050DG26511-13100DG26511-13200DG26511-13300DG26511-13500DG26511-14025DG26511-14030DG26511-14050DG26511-14100DG26511-14200DG26511-14300DG26511-145002550100501002503005001000200030005000250300500100020003000500014/2014/2014/2024/4024/4024/4024/4024/4024/4024/4024/4024/4029/3229/3229/3229/3229/3229/3229/32 磨口三角燒瓶 KIMBLEFlask, Erlenmeyer, Jo","https://ec.dgs.com.tw/catalog/files/basic-html/page25.html","https://ec.dgs.com.tw/catalog/catalog.html#p=25","2026-02-24T05:56:40.562Z"
"dgs_ecatalog-p25-c2","dgs_ecatalog","A","25","2","5","24/4024/4024/4024/4029/3229/3229/3229/3229/3229/3229/32 磨口三角燒瓶 KIMBLEFlask, Erlenmeyer, Joint˙加工製品˙進口玻璃三角瓶加工磨砂口˙容量50mL之磨口為19/38,其餘為24/40磨口˙適用於混合或量測液態溶劑貨號 容量mL 磨口 價格eaDG26510-00050DG26510-00125DG26510-00250DG26510-00300DG26510-00500DG26510-01000DG26510-02000501252503005001000200019/3824/4024/4024/4024/4024/4024/40 磨口 三角瓶 PP KartellFlask, Erlenmeyer, PP˙PP材質可耐高壓滅菌˙刻度由鑄模浮刻於量杯表面˙半透明貨號 容量/刻度mL 磨口 ea/cs 價格eaBK-1460BK-1461BK-1462BK-1463BK-1464BK-146550/10125/25250/25500/501000/502000/10014/2314/2319/2624/2929/3234/3520201","https://ec.dgs.com.tw/catalog/files/basic-html/page25.html","https://ec.dgs.com.tw/catalog/catalog.html#p=25","2026-02-24T05:56:40.562Z"
"dgs_ecatalog-p25-c3","dgs_ecatalog","A","25","3","5","463BK-1464BK-146550/10125/25250/25500/501000/502000/10014/2314/2319/2624/2929/3234/35202015884沃度圓錐燒瓶 KIMBLEFlask, Iodine, PTFE Stopper˙KG-33硼矽酸玻璃製成˙別名又稱碘瓶˙250mL瓶用於乾燥蟲膠(DRY SHELLAC或稱紫膠)碘含量,亦適用於油,脂肪酸,或動物油之碘含量˙500mL瓶用於油漆或亮光劑˙規格表內標示不含瓶塞之高度˙使用PTFE磨砂塞#22貨號 容量mL WxH(mm) 價格eaAK27200-00125AK27200-00250AK27200-0050012525050066x12482x160102x195培養三角瓶 KIMBLEFlask, Culture, Long Neck˙KG-33硼矽酸玻璃製成˙瓶身三角,瓶頸長且厚˙長頸之設計可使用金屬或塑膠的透氣蓋覆蓋之˙125mL瓶口適用透氣蓋25mm˙250mL以上瓶口適用透氣蓋38mm˙亦可使用海棉透氣塞塞住瓶口,以利微生物之培養貨號 容量mL WxH(mm) ea/bx/cs 價格eaAK25615-00125AK","https://ec.dgs.com.tw/catalog/files/basic-html/page25.html","https://ec.dgs.com.tw/catalog/catalog.html#p=25","2026-02-24T05:56:40.562Z"
"dgs_ecatalog-p25-c4","dgs_ecatalog","A","25","4","5","25mm˙250mL以上瓶口適用透氣蓋38mm˙亦可使用海棉透氣塞塞住瓶口,以利微生物之培養貨號 容量mL WxH(mm) ea/bx/cs 價格eaAK25615-00125AK25615-00250AK25615-01000AK25615-020001252501000200066x12582x142128x230161x2886/46/46/46/2 培養三角瓶 PETG SUNTRINEFlask, Erlenmeyer, Screw Cap, PETG˙醫用級PETG、PC材質˙獨立真空包裝,取用方便,避免交叉感染˙一體成型,避免表面接痕導致細胞撞壁破裂˙表面光潔度達到鏡面要求,透明度接近玻璃,減少了細胞貼壁的風險˙透氣蓋具0.22μm疏水膜,幫助細胞生長,也同時防止微生物污染˙採用電子束滅菌,無菌保證水準SAL=10-6˙無DNase/Rnase,無熱源,無內毒素貨號 容量mL ODxH(mm) ea/cs 價格eaAST-40701101AST-40702101AST-40703101AST-40704101AST-40705101AST-4070610112525050010002800500066x1148","https://ec.dgs.com.tw/catalog/files/basic-html/page25.html","https://ec.dgs.com.tw/catalog/catalog.html#p=25","2026-02-24T05:56:40.562Z"
"dgs_ecatalog-p25-c5","dgs_ecatalog","A","25","5","5","01AST-40702101AST-40703101AST-40704101AST-40705101AST-4070610112525050010002800500066x11483x139101x178127x212164x243228x253241212664 A基礎實驗器材以上價格與規格僅供參考 , 請以實際報價為主 A-013三角燒瓶","https://ec.dgs.com.tw/catalog/files/basic-html/page25.html","https://ec.dgs.com.tw/catalog/catalog.html#p=25","2026-02-24T05:56:40.562Z"
"dgs_ecatalog-p26-c1","dgs_ecatalog","A","26","1","5","培養三角瓶 MDHCFlasks, Erlenmeyer, Screw Cap, PC˙瓶身PC材質,瓶蓋HDPE材質,均符合USP Class VI標準˙平底三角培養瓶能穩定置於振盪器,可有效控制泡沫量產生˙經過嚴格的密封性、跌落、平整度等系列測試,確保品質˙瓶身均勻 、透明,刻度淯晰、準確,便於觀察容量˙濾膜蓋型為0.22µm PTFE疏水透氣膜,利於氣體交換的同時確保為無菌˙加長瓶頸,便於拿取,瓶口處有導液槽,防滴漏,且易於傾倒˙PC材質瓶身可在121°C,15psl下高壓滅菌20分鐘1次,不可反覆高壓滅菌,(蓋子不可高壓滅菌）˙經過嚴格的在線氣密性測試, 確保無洩漏˙單一獨立包裝, 包裝袋均有產品批號,便於品質追溯˙輻射滅菌,SAL=10-6˙無DNase/RNase,無熱原,無細胞毒性貨號 規格 ea/cs 價格csAMD-24125210AMD-24250210AMD-24500210AMD-24001210AMD-24125310AMD-24250310AMD-24500310AMD-24001310125mL 密封蓋250mL 密封蓋500mL 密封蓋1000mL 密封蓋125mL 濾膜蓋250mL 濾膜蓋5","https://ec.dgs.com.tw/catalog/files/basic-html/page26.html","https://ec.dgs.com.tw/catalog/catalog.html#p=26","2026-02-24T05:56:40.562Z"
"dgs_ecatalog-p26-c2","dgs_ecatalog","A","26","2","5","D-24250310AMD-24500310AMD-24001310125mL 密封蓋250mL 密封蓋500mL 密封蓋1000mL 密封蓋125mL 濾膜蓋250mL 濾膜蓋500mL 濾膜蓋1000mL 濾膜蓋2412121224121212 細胞培養三角瓶 TarsonsFlasks, Erlenmeyer, Screw Cap, PC貨號 規格 ea/cs 價格csATS-443210ATS-443220ATS-443230ATS-443240ATS-443250ATS-445210ATS-445220ATS-445230ATS-445240ATS-445250125mL 密封蓋250mL 密封蓋500mL 密封蓋 1000mL 密封蓋2000mL 密封蓋125mL 濾膜蓋250mL 濾膜蓋500mL 濾膜蓋1000mL 濾膜蓋2000mL 濾膜蓋2412126424121264 ˙瓶身PC材質,符合USP Class VI標準˙蓋子HDPE˙無DNase/RNase,無熱原,無細胞毒性˙溫度耐受性:可耐受-80°C至121°C˙濾膜蓋型為0.22µm PTFE透氣膜,利於氣體交換的同時確保為無菌˙單一獨立包裝˙B","https://ec.dgs.com.tw/catalog/files/basic-html/page26.html","https://ec.dgs.com.tw/catalog/catalog.html#p=26","2026-02-24T05:56:40.562Z"
"dgs_ecatalog-p26-c3","dgs_ecatalog","A","26","3","5","PE˙無DNase/RNase,無熱原,無細胞毒性˙溫度耐受性:可耐受-80°C至121°C˙濾膜蓋型為0.22µm PTFE透氣膜,利於氣體交換的同時確保為無菌˙單一獨立包裝˙Buffled base(凹槽)設計通常有助於穩定性和混合效果ATS-443210 ATS-445210振盪三角瓶 KIMBLEFlask, Baffled Shake˙KG-33硼矽酸玻璃製成˙適用於振盪器上˙瓶身底部有三個凹陷之檔板,可加強瓶中液體之擾動,進而加速瓶中氧氣之轉換˙125mL瓶口適用透氣蓋25mm;250mL以上瓶口適用透氣蓋38mm貨號 容量mL WxH(mm) 價格eaAK25630-00125AK25630-00250AK25630-00500AK25630-01000AK25630-020001252505001000200066 x 12582 x 142102 x 183128 x 230161 x 288振盪三角瓶 PYREXFlask, Baffled Shake˙Pyrex硼矽酸玻璃製成˙適用於振盪器上˙瓶身底部有四個凹陷的擋板,可加強瓶中液體之擾動,進而加速瓶中氧氣之轉換˙適用於微生物培養˙可高溫高壓滅菌貨號 容","https://ec.dgs.com.tw/catalog/files/basic-html/page26.html","https://ec.dgs.com.tw/catalog/catalog.html#p=26","2026-02-24T05:56:40.562Z"
"dgs_ecatalog-p26-c4","dgs_ecatalog","A","26","4","5","affled Shake˙Pyrex硼矽酸玻璃製成˙適用於振盪器上˙瓶身底部有四個凹陷的擋板,可加強瓶中液體之擾動,進而加速瓶中氧氣之轉換˙適用於微生物培養˙可高溫高壓滅菌貨號 容量mL ODxH(mm) ea/bx 價格eaAS1134-00008AS1134-00010AS1134-00012AS1134-000142505001000200082x138101x186129x222161x2825552振盪三角瓶 GL45 PYREXFlask, Baffled Shake, Screw Cap, GL45˙Pyrex硼矽酸玻璃製成˙藍色PP GL45螺蓋,配有0.2μm PTFE透氣膜,可以進行氣體交換,同時內容物保持無菌狀態˙透氣螺蓋可與瓶身鎖緊後高溫高壓滅菌˙瓶身底部有四個凹陷的擋板,可加強瓶中液體之擾動,進而加速瓶中氧氣之轉換˙適用於好氧微生物學和細胞培養貨號 容量mL ODxH(mm) ea/bx/cs 價格eaAS1142-00008AS1142-00010AS1142-00012AS1142-000142505001000200082x130101x165129x205166x2655/45/425A基礎","https://ec.dgs.com.tw/catalog/files/basic-html/page26.html","https://ec.dgs.com.tw/catalog/catalog.html#p=26","2026-02-24T05:56:40.562Z"
"dgs_ecatalog-p26-c5","dgs_ecatalog","A","26","5","5","08AS1142-00010AS1142-00012AS1142-000142505001000200082x130101x165129x205166x2655/45/425A基礎實驗器材A-014 以上價格與規格僅供參考 , 請以實際報價為主 三角燒瓶","https://ec.dgs.com.tw/catalog/files/basic-html/page26.html","https://ec.dgs.com.tw/catalog/catalog.html#p=26","2026-02-24T05:56:40.562Z"
"dgs_ecatalog-p27-c1","dgs_ecatalog","A","27","1","4","貨號 容量mL ea/cs 價格eaATS-442110ATS-442120ATS-44213050010001500222過濾吸引瓶 PP TarsonsFlask, Filtering, PP˙PP材質,一體成型,可高壓滅菌˙45°角的管口可防止吸引瓶傾倒˙符合美國 FDA 21 CFR過濾吸引瓶 KIMBLEFlask, Filtering, Heavy Wall˙KG-33硼矽酸玻璃製成˙附側支,瓶壁較一般燒瓶厚,可承受1大氣壓之真空度˙側支玻璃連接管,可接管內徑8mm的真空管貨號 容量mL WxH(mm) 價格eaAK27060-00025AK27060-00050AK27060-00125AK27060-00250AK27060-00500AK27060-01000AK27060-02000AK27060-04000255012525050010002000400040x7448x81 69x111 83x163104x190135x238168x300208x380過濾吸引瓶 PYREXFlask, Filtering˙Pyrex硼矽酸玻璃製成˙符合ISO 6556˙附側支,瓶壁較一般燒瓶厚,可承受1大氣壓之真","https://ec.dgs.com.tw/catalog/files/basic-html/page27.html","https://ec.dgs.com.tw/catalog/catalog.html#p=27","2026-02-24T05:56:40.562Z"
"dgs_ecatalog-p27-c2","dgs_ecatalog","A","27","2","4","38168x300208x380過濾吸引瓶 PYREXFlask, Filtering˙Pyrex硼矽酸玻璃製成˙符合ISO 6556˙附側支,瓶壁較一般燒瓶厚,可承受1大氣壓之真空度˙側支玻璃連接管,可接管內徑8mm的真空管貨號 容量mL WxH(mm) 瓶口ID(mm) 價格eaAS1170-00002MAS1170-00004MAS1170-00006MAS1170-00008MAS1170-00010DAS1170-00012MAS1170-00014D100250500100020003000500064x10585x155105x185135x230166x260187x335220x38524353545606868過濾吸引瓶 安全披覆 KIMBLEFlask, Filtering, Heavy Wall˙KG-33硼矽酸玻璃製成˙瓶身具安全披覆,以避免瓶身打破時內裝藥劑外流˙附側支,瓶壁較一般燒瓶厚,可承受1大氣壓之真空度˙側支玻璃連接管,可接管內徑8mm的真空管貨號 容量mL WxH(mm) 價格eaAK953760-00122AK953760-01002AK953760-02002AK953760-040","https://ec.dgs.com.tw/catalog/files/basic-html/page27.html","https://ec.dgs.com.tw/catalog/catalog.html#p=27","2026-02-24T05:56:40.562Z"
"dgs_ecatalog-p27-c3","dgs_ecatalog","A","27","3","4","連接管,可接管內徑8mm的真空管貨號 容量mL WxH(mm) 價格eaAK953760-00122AK953760-01002AK953760-02002AK953760-0400212510002000400069x111 135x238168x300208x380過濾吸引瓶 厚壁 DURAN Flask, Filtering, Hervy Wall˙DURAN硼矽酸玻璃材質˙瓶壁厚,所有容量吸引瓶皆有側支,可承受一大氣壓真空度˙側支玻璃連接管,可接管內徑8mm的真空管貨號 容量mL WxH(mm) ea/cs 價格eaBS-2119168BS-2119173BS-2119186BS-2119188BS-211919130005000100001500020000170x295185x360240x420255x500290x53511111 貨號 容量mL WxH(mm) 價格eaAK27065-00250AK27065-00500AK27065-01000AK27065-02000AK27065-0400025050010002000400083x153104x190135x238168x300208x380 過濾吸","https://ec.dgs.com.tw/catalog/files/basic-html/page27.html","https://ec.dgs.com.tw/catalog/catalog.html#p=27","2026-02-24T05:56:40.562Z"
"dgs_ecatalog-p27-c4","dgs_ecatalog","A","27","4","4","65-01000AK27065-02000AK27065-0400025050010002000400083x153104x190135x238168x300208x380 過濾吸引瓶 可拆式側支KIMBLEFlask, Filtering, Heavy Wall, Detachable Plastic Sidearm˙KG-33硼矽酸玻璃製成˙燒瓶附可耐高壓滅菌之塑膠側支,可接管內徑8mm的真空管˙此塑膠側支為美國專利產品A基礎實驗器材以上價格與規格僅供參考 , 請以實際報價為主 A-015過濾吸引瓶","https://ec.dgs.com.tw/catalog/files/basic-html/page27.html","https://ec.dgs.com.tw/catalog/catalog.html#p=27","2026-02-24T05:56:40.562Z"
"dgs_ecatalog-p28-c1","dgs_ecatalog","A","28","1","4","過濾吸引瓶 可拆式側支 PYREXFlask, Filtering, with screwthread connector˙Pyrex硼矽酸玻璃製成˙符合ISO 6556和DIN 12476˙側支為玻璃連接PTFE可分離式接管(側支GL14螺牙),可接管內徑8mm的真空管貨號 容量mL WxH(mm) 瓶口ID(mm) 價格eaAS1170-00002SCAS1170-00004SCAS1170-00006SCAS1170-00008SCAS1170-00010SCAS1170-00014SC10025050010002000500064x10585x155105x185135x230166x260220x385243535456068平底燒瓶 DURANFlask, Flat Bottom˙DURAN硼矽酸玻璃材質貨號 容量mL ODxH(mm) ea/cs 價格eaBS-2171117BS-2171124BS-2171136BS-2171144BS-2171154BS-2171164BS-2171168BS-2171173BS-2171177BS-2171186501002505001000200030005000600","https://ec.dgs.com.tw/catalog/files/basic-html/page28.html","https://ec.dgs.com.tw/catalog/catalog.html#p=28","2026-02-24T05:56:40.562Z"
"dgs_ecatalog-p28-c2","dgs_ecatalog","A","28","2","4","BS-2171154BS-2171164BS-2171168BS-2171173BS-2171177BS-217118650100250500100020003000500060001000051x9064x10585x138105x163131x190166x250185x250223x290237x315280x3601010101010101111圓底燒瓶 DURANFlask, Round Bottom˙DURAN硼矽酸玻璃材質貨號 容量mL ODxH(mm) ea/cs 價格eaBS-2172117BS-2172124BS-2172136BS-2172144BS-2172154BS-2172164BS-2172168BS-2172171BS-2172173BS-2172177BS-2172186BS-217219150100250500100020003000400050006000100002000051x9564x11085x144105x168131x200166x260185x260207x290223x305236x355279x380345x515101010101010111111 凱氏分解瓶 KIM","https://ec.dgs.com.tw/catalog/files/basic-html/page28.html","https://ec.dgs.com.tw/catalog/catalog.html#p=28","2026-02-24T05:56:40.562Z"
"dgs_ecatalog-p28-c3","dgs_ecatalog","A","28","3","4","05x168131x200166x260185x260207x290223x305236x355279x380345x515101010101010111111 凱氏分解瓶 KIMBLEFlask, Kjeldahl˙KG-33硼矽酸玻璃製成˙外型頸長底圓,為凱氏分解瓶˙瓶頸部分經特殊加工以減少耗損之可能性貨號 容量mL H(mm) 價格eaAK27400-00100AK27400-00500AK27400-00800100500800210320365 平底燒瓶具磨口SYNTHWAREFlask, Flat Bottom, with Joint˙硼矽酸玻璃製成˙膨脹系數低,可抗熱衝擊˙瓶壁結構堅固可降低操作過程中之破損貨號 容量mL 磨口 價格eaASG-F122450ASG-F124100ASG-F124250ASG-F128250ASG-F124500ASG-F128500ASG-F124000ASG-F128000501002502505005001000100024/4024/4024/4029/4224/4029/4224/4029/42平底燒瓶具磨口Flask, Flat Bottom, with Joint˙","https://ec.dgs.com.tw/catalog/files/basic-html/page28.html","https://ec.dgs.com.tw/catalog/catalog.html#p=28","2026-02-24T05:56:40.562Z"
"dgs_ecatalog-p28-c4","dgs_ecatalog","A","28","4","4","05001000100024/4024/4024/4029/4224/4029/4224/4029/42平底燒瓶具磨口Flask, Flat Bottom, with Joint˙硼矽酸玻璃製成˙膨脹系數低,可抗熱衝擊˙瓶壁結構堅固可降低操作過程中之破損貨號 容量mL 磨口 價格eaDG25055-13200DG25055-15200DG25055-13500DG25055-15500200020005000500024/4029/4224/4029/42A基礎實驗器材A-016 以上價格與規格僅供參考 , 請以實際報價為主 平底燒瓶","https://ec.dgs.com.tw/catalog/files/basic-html/page28.html","https://ec.dgs.com.tw/catalog/catalog.html#p=28","2026-02-24T05:56:40.562Z"
"dgs_ecatalog-p29-c1","dgs_ecatalog","A","29","1","4","圓底燒瓶具磨口 SYNTHWAREFlask, Round Bottom, with Joint˙硼矽酸玻璃製成˙膨脹系數低,可抗熱衝擊˙瓶壁結構堅固可降低操作過程貨號 容量mL 磨口 價格eaASG-F301410ASG-F301425ASG-F302425ASG-F301450ASG-F302450ASG-F301100ASG-F304100ASG-F308100BASG-F308100ASG-F301250ASG-F304250ASG-F308250BASG-F308250ASG-F304500ASG-F308500ASG-F304000ASG-F30291LASG-F30242L102525505010010010010025025025025050050010001000200014/2014/2024/4014/2024/4014/2024/4029/3229/4214/2024/4029/3229/4224/4029/4224/4029/4224/40圓底燒瓶具磨口Flask, Round Bottom, with Joint˙硼矽酸玻璃製成˙膨脹系數低,可抗熱衝擊˙瓶壁結構堅固可降低操作過程中之破損貨號 容量","https://ec.dgs.com.tw/catalog/files/basic-html/page29.html","https://ec.dgs.com.tw/catalog/catalog.html#p=29","2026-02-24T05:56:40.562Z"
"dgs_ecatalog-p29-c2","dgs_ecatalog","A","29","2","4","9/4224/40圓底燒瓶具磨口Flask, Round Bottom, with Joint˙硼矽酸玻璃製成˙膨脹系數低,可抗熱衝擊˙瓶壁結構堅固可降低操作過程中之破損貨號 容量mL 磨口 價格eaDG25285-15200DG25285-13500DG25285-1550020005000500029/4224/4029/42圓底燒瓶 PFA VITLABRound Bottom Flask, PFA˙PFA質耐溫-200~250℃˙良好的耐化學性和溫度˙磨口29/32貨號 容量mL ODxH(mm) 價格eaBV-107797BV-107897BV-10799710025050065x11788x147107x177 圓底燒瓶 半球磨口 SYNTHWAREFlask , Round Bottom, Spherical Joint˙可用於減壓濃縮機的接收瓶貨號 容量mL 磨口 價格eaASG-F527000ASG-F52702L1000200035/2035/20圓底燒瓶 半球磨口Flask, Round Bottom˙加工品˙標準半圓球磨口,可依磨口及 容量訂製貨號 價格eaKZ601050圓底燒瓶 雙磨口SYNTHW","https://ec.dgs.com.tw/catalog/files/basic-html/page29.html","https://ec.dgs.com.tw/catalog/catalog.html#p=29","2026-02-24T05:56:40.562Z"
"dgs_ecatalog-p29-c3","dgs_ecatalog","A","29","3","4","35/2035/20圓底燒瓶 半球磨口Flask, Round Bottom˙加工品˙標準半圓球磨口,可依磨口及 容量訂製貨號 價格eaKZ601050圓底燒瓶 雙磨口SYNTHWAREFlask , Round Bottom,Two Neck˙硼矽酸玻璃製成˙膨脹系數低,可抗熱衝擊˙瓶壁結構堅固可降低操作過 程中之破損貨號 容量mL 磨口 價格eaASG-F411110ASG-F411125ASG-F411150ASG-F414450ASG-F411100ASG-F414400ASG-F414250ASG-F414504ASG-F41241LASG-F41242L102550501001002505001000200014/2014/2014/2024/4014/2024/4024/4024/4024/4024/40圓底燒瓶 雙磨口Flask , Round Bottom,Two Neck˙硼矽酸玻璃製成˙膨脹系數低,可抗熱衝擊˙瓶壁結構堅固可降低操作過 程中之破損貨號 容量mL 磨口 價格eaDG25285-23200DG25285-235002000500024/4024/40A基礎實驗器材以上價格與規格僅供參考 ,","https://ec.dgs.com.tw/catalog/files/basic-html/page29.html","https://ec.dgs.com.tw/catalog/catalog.html#p=29","2026-02-24T05:56:40.562Z"
"dgs_ecatalog-p29-c4","dgs_ecatalog","A","29","4","4","低操作過 程中之破損貨號 容量mL 磨口 價格eaDG25285-23200DG25285-235002000500024/4024/40A基礎實驗器材以上價格與規格僅供參考 , 請以實際報價為主 A-017圓底燒瓶","https://ec.dgs.com.tw/catalog/files/basic-html/page29.html","https://ec.dgs.com.tw/catalog/catalog.html#p=29","2026-02-24T05:56:40.562Z"
"dgs_ecatalog-p30-c1","dgs_ecatalog","A","30","1","4","圓底燒瓶 三磨口SYNTHWAREFlask , Round Bottom,Three Neck ˙硼矽酸玻璃製成˙膨脹系數低,可抗熱衝擊˙瓶壁結構堅固可降低操作過 程中之破損貨號 容量mL 磨口 價格eaASG-F431125ASG-F431150ASG-F434450ASG-F431100ASG-F434400ASG-F434250ASG-F434500ASG-F43401LASG-F43242L2550501001002505001000200014/2014/2024/4014/2024/4024/4024/4024/4024/40圓底燒瓶 三磨口DURANFlask , Round Bottom,Three Neck ˙硼矽酸玻璃製成˙膨脹系數低,可抗熱衝擊˙瓶壁結構堅固可降低操作過 程中之破損貨號 容量mL 磨口 價格eaDG25285-33200DG25285-33300DG25285-3350020003000500024/4024/4024/40圓底燒瓶 四磨口SYNTHWAREFlask, Round Bottom,Four Neck ˙硼矽酸玻璃製成˙膨脹系數低,可抗熱衝擊˙瓶壁結構堅固可降低操作過 程","https://ec.dgs.com.tw/catalog/files/basic-html/page30.html","https://ec.dgs.com.tw/catalog/catalog.html#p=30","2026-02-24T05:56:40.562Z"
"dgs_ecatalog-p30-c2","dgs_ecatalog","A","30","2","4","/4024/40圓底燒瓶 四磨口SYNTHWAREFlask, Round Bottom,Four Neck ˙硼矽酸玻璃製成˙膨脹系數低,可抗熱衝擊˙瓶壁結構堅固可降低操作過 程中之破損貨號 容量mL 磨口 價格eaASG-F214250ASG-F214500ASG-F214000250500100024/4024/4024/40 圓底燒瓶 四磨口DURANFlask, Round Bottom,Four Neck ˙硼矽酸玻璃製成˙膨脹系數低,可抗熱衝擊˙瓶壁結構堅固可降低操作過 程中之破損貨號 容量mL 磨口 價格eaDG25285-43200DG25285-43300DG25285-4350020003000500024/4024/4024/40 貨號 容量mL 磨口 價格eaASG-F311405ASG-F311410ASG-F311425ASG-F312425ASG-F311450ASG-F312450ASG-F311100ASG-F314100ASG-F318100BASG-F318100ASG-F311250ASG-F314250ASG-F318250BASG-F318250ASG-F314500ASG-F3","https://ec.dgs.com.tw/catalog/files/basic-html/page30.html","https://ec.dgs.com.tw/catalog/catalog.html#p=30","2026-02-24T05:56:40.562Z"
"dgs_ecatalog-p30-c3","dgs_ecatalog","A","30","3","4","14100ASG-F318100BASG-F318100ASG-F311250ASG-F314250ASG-F318250BASG-F318250ASG-F314500ASG-F318500BASG-F318500ASG-F314000ASG-F31291LBASG-F31291L5102525505010010010010025025025025050050050010001000100014/2014/2014/2024/4014/2024/4014/2024/4029/3229/4214/2024/4029/3229/4224/4029/3229/4224/4029/3229/42 茄型燒瓶 具磨口SYNTHWAREFlask, Recovery, With Joint ˙用於減壓濃縮機上,用濃縮之方式除去溶劑獲得乾的結晶物貨號 容量mL 磨口 價格eaDG25165-14005DG25165-15005DG25165-14030DG25165-13200DG25165-1420050503002000200029/3229/4229/3224/4029/32 茄型燒瓶 具磨口Flask, Recovery, With","https://ec.dgs.com.tw/catalog/files/basic-html/page30.html","https://ec.dgs.com.tw/catalog/catalog.html#p=30","2026-02-24T05:56:40.562Z"
"dgs_ecatalog-p30-c4","dgs_ecatalog","A","30","4","4","5-13200DG25165-1420050503002000200029/3229/4229/3224/4029/32 茄型燒瓶 具磨口Flask, Recovery, With Joint ˙用於減壓濃縮機上,用濃縮之方式除去溶劑獲得乾的結晶物蒸餾燒瓶 KIMBLEFlask, Distilling, Engler ˙KG-33硼矽酸玻璃材質˙燒瓶側支與瓶身呈75°角,位 於瓶底上方約137±3mm處˙總高214mm側支直徑7mm貨號 容量mL 價格eaAK26015-00125 125A基礎實驗器材A-018 以上價格與規格僅供參考 , 請以實際報價為主 茄型燒瓶","https://ec.dgs.com.tw/catalog/files/basic-html/page30.html","https://ec.dgs.com.tw/catalog/catalog.html#p=30","2026-02-24T05:56:40.562Z"
"dgs_ecatalog-p31-c1","dgs_ecatalog","A","31","1","4","梨型濃縮燒瓶 具磨口SYNTHWAREFlask, Boiling,Heart-Shaped, with Joint˙梨型尖底,讓被濃縮出的結 晶物更集中於底部貨號 容量mL 磨口 價格eaASG-F321405LASG-F321410LASG-F321225ASG-F321250ASG-F322450ASG-F321100ASG-F32410051025505010010014/2014/2014/2014/2024/4014/2024/40梨型濃縮燒瓶 具磨口Flask, Boiling,Heart-Shaped, with Joint˙梨型尖底,讓被濃縮出的結 晶物更集中於底部貨號 容量mL 磨口 價格eaDG294250-13250DG294250-13300DG294250-1350025030050024/4024/4024/40溶劑儲存瓶 SYNTHWARESchlenk Flask, Solvent Transfer/Storage貨號 容量mL 磨口 活栓mm 價格eaASG-F484500ASG-F484508ASG-F484008500500100024/4024/4024/400-40-80-8˙PT","https://ec.dgs.com.tw/catalog/files/basic-html/page31.html","https://ec.dgs.com.tw/catalog/catalog.html#p=31","2026-02-24T05:56:40.562Z"
"dgs_ecatalog-p31-c2","dgs_ecatalog","A","31","2","4","貨號 容量mL 磨口 活栓mm 價格eaASG-F484500ASG-F484508ASG-F484008500500100024/4024/4024/400-40-80-8˙PTFE活栓˙可根據實驗需求,選擇真空 活栓0-4或0-8mm規格溶劑儲存瓶 SYNTHWARESchlenk Flask, Storage, Vacuum Valve貨號 容量mL 活栓mm 價格eaASG-F498100ASG-F490258ASG-F4905081002505000-80-80-8˙PTFE活栓˙可根據實驗需求,放置攪拌子使用˙活栓0-8mm,孔內直徑為8mm, 請放置小於8mm攪拌子貨號 容量mL 活栓 上下磨口 價格eaASG-F901410ASG-F901410GASG-F901425ASG-F901425GASG-F901450GASG-F901100GASG-F904100ASG-F904100GASG-F901200GASG-F904200ASG-F904200GASG-F904500G1010252550100100100200200200500PTFE活栓玻璃活栓PTFE活栓玻璃活栓玻璃活栓玻璃活栓PTFE活栓玻璃","https://ec.dgs.com.tw/catalog/files/basic-html/page31.html","https://ec.dgs.com.tw/catalog/catalog.html#p=31","2026-02-24T05:56:40.562Z"
"dgs_ecatalog-p31-c3","dgs_ecatalog","A","31","3","4","SG-F904200GASG-F904500G1010252550100100100200200200500PTFE活栓玻璃活栓PTFE活栓玻璃活栓玻璃活栓玻璃活栓PTFE活栓玻璃活栓玻璃活栓PTFE活栓玻璃活栓玻璃活栓14/2014/2014/2014/2014/2014/2024/4024/4014/2024/4024/4024/40茄型反應瓶 具活栓 SYNTHWARESchlenk Flask, Modified, Stopcock˙PTFE活栓或玻璃活栓˙具磨口貨號 容量mL瓶身x螺紋以下長度mm規格 價格eaASG-P170001ASG-P170002ASG-P170003ASG-P170004ASG-P170005ASG-P170006ASG-P170006D7575150150350350350Ø46x90Ø46x90Ø60x100Ø60x100Ø80x115Ø80x115Ø80x115螺紋#15螺紋#25螺紋#15螺紋#25螺紋#15螺紋#25螺紋#25 安全披覆厚壁耐壓瓶 瓶狀 SYNTHWAREFlask, Pressure Vessel, Heavy Wall˙PTFE活栓˙內部螺紋口˙可承受壓力為6","https://ec.dgs.com.tw/catalog/files/basic-html/page31.html","https://ec.dgs.com.tw/catalog/catalog.html#p=31","2026-02-24T05:56:40.562Z"
"dgs_ecatalog-p31-c4","dgs_ecatalog","A","31","4","4","15螺紋#25螺紋#25 安全披覆厚壁耐壓瓶 瓶狀 SYNTHWAREFlask, Pressure Vessel, Heavy Wall˙PTFE活栓˙內部螺紋口˙可承受壓力為6個大氣壓˙附O形橡膠圈˙不可用於微波及烘箱加熱,可能導致PTFE加熱膨脹,使玻璃脹裂˙耐壓瓶請勿裝滿,建議只裝一半溶劑,全滿時因液體不能被壓縮,會造成瓶子爆裂A基礎實驗器材以上價格與規格僅供參考 , 請以實際報價為主 A-019梨型燒瓶","https://ec.dgs.com.tw/catalog/files/basic-html/page31.html","https://ec.dgs.com.tw/catalog/catalog.html#p=31","2026-02-24T05:56:40.562Z"
"dgs_ecatalog-p32-c1","dgs_ecatalog","A","32","1","4","直筒四口反應瓶 分離式Flask, Reaction, Cylindrical貨號 容量mL 磨口 外唇mm 價格setDG33700-00500DG33700-01000DG33700-02000DG33700-03000DG33700-05000DG33700-10001DG33700-20001500100020003000500010000 血清瓶身20000 血清瓶身24/4024/4024/4024/4024/4024/4024/40110150160180210180210 貨號 描述 外唇mm 價格eaDG33731-00110DG33731-00150DG33731-00160DG33731-00180DG33731-00210DG33741-00110DG33741-00150DG33741-00160DG33741-00180DG33741-00210DG33742-00110DG33742-00150DG33742-00160DG33742-00180DG33742-00210不鏽鋼卡鉗式反應槽夾 不鏽鋼卡鉗式反應槽夾 不鏽鋼卡鉗式反應槽夾不鏽鋼卡鉗式反應槽夾不鏽鋼卡鉗式反應槽夾反應槽用矽膠墊片反應槽","https://ec.dgs.com.tw/catalog/files/basic-html/page32.html","https://ec.dgs.com.tw/catalog/catalog.html#p=32","2026-02-24T05:56:40.562Z"
"dgs_ecatalog-p32-c2","dgs_ecatalog","A","32","2","4","0DG33742-00180DG33742-00210不鏽鋼卡鉗式反應槽夾 不鏽鋼卡鉗式反應槽夾 不鏽鋼卡鉗式反應槽夾不鏽鋼卡鉗式反應槽夾不鏽鋼卡鉗式反應槽夾反應槽用矽膠墊片反應槽用矽膠墊片反應槽用矽膠墊片反應槽用矽膠墊片反應槽用矽膠墊片反應槽用TF墊片反應槽用TF墊片反應槽用TF墊片反應槽用TF墊片反應槽用TF墊片110150160180210110150160180210110150160180210選購配件˙加工品˙直筒瓶身方便取出反應物及清洗˙可使用於凱氏檢測法中,氮的微量檢測˙亦可訂做血清瓶身˙不含反應槽夾及墊片,需另選購矽膠墊片反應槽夾貨號 容量mL 磨口 外唇mm瓶身直徑mm價格setDG33701-00500DG33701-01000DG33701-02000DG33701-03000DG33701-05000DG33701-10000DG33701-12000DG33701-20000DG33701-2200050010002000300050001000012000200002200024/4024/4024/4024/4024/4024/4024/4024/4024/401101501501501501","https://ec.dgs.com.tw/catalog/files/basic-html/page32.html","https://ec.dgs.com.tw/catalog/catalog.html#p=32","2026-02-24T05:56:40.562Z"
"dgs_ecatalog-p32-c3","dgs_ecatalog","A","32","3","4","0300050001000012000200002200024/4024/4024/4024/4024/4024/4024/4024/4024/40110150150150150150150180180105131166185223279295345349四口反應槽 圓底 美規台製Flask, Reaction, Spherical (whole set)貨號 容量mL 外唇mm瓶身直徑mm價格eaDG33711-00500DG33711-01000DG33711-02000DG33711-03000DG33711-05000DG33711-10000DG33711-12000DG33711-20000DG33711-22000DG33721-00500DG33721-01000DG33721-200005001000200030005000100001200020000220005001000~1200020000~22000本體本體本體本體本體本體本體本體本體上蓋上蓋上蓋110150150150150150150180180110150180105131166185223279295345349組合配件貨號 描述 外唇m","https://ec.dgs.com.tw/catalog/files/basic-html/page32.html","https://ec.dgs.com.tw/catalog/catalog.html#p=32","2026-02-24T05:56:40.562Z"
"dgs_ecatalog-p32-c4","dgs_ecatalog","A","32","4","4","本體本體本體本體上蓋上蓋上蓋110150150150150150150180180110150180105131166185223279295345349組合配件貨號 描述 外唇mm 價格eaDG33731-00110DG33731-00150DG33731-00180DG33741-00110DG33741-00150DG33741-00180DG33742-00110DG33742-00150DG33742-00180不鏽鋼卡鉗式反應槽夾 不鏽鋼卡鉗式反應槽夾 不鏽鋼卡鉗式反應槽夾 反應槽用矽膠墊片反應槽用矽膠墊片反應槽用矽膠墊片反應槽用TF墊片反應槽用TF墊片反應槽用TF墊片110150180110150180110150180選購配件˙加工品,美規尺寸˙圓底造型可搭配加熱包使用˙開口大,便於取出反應物及清洗˙不含反應槽夾及墊片,需另選購矽膠墊片反應槽夾A基礎實驗器材A-020 以上價格與規格僅供參考 , 請以實際報價為主 反應槽","https://ec.dgs.com.tw/catalog/files/basic-html/page32.html","https://ec.dgs.com.tw/catalog/catalog.html#p=32","2026-02-24T05:56:40.562Z"
"dgs_ecatalog-p33-c1","dgs_ecatalog","A","33","1","3","貨號 容量mL 磨口 外唇mm瓶身直徑mm價格setDG33702-00500DG33702-01000DG33702-02000DG33702-03000DG33702-05000500100020003000500024/4024/4024/4024/4024/40110150150150150109137170200236 四口反應槽 圓底 日規台製Flask, Reaction, Spherical (whole set)貨號 容量mL 外唇mm瓶身直徑mm價格eaDG33712-00500DG33712-01000DG33712-02000DG33712-03000DG33712-05000DG33721-00500DG33721-0100050010002000300050005001000~5000本體本體本體本體本體上蓋上蓋110150150150150110150109137170200236 組合配件貨號 描述 外唇mm 價格eaDG33731-00110DG33731-00150DG33741-00110DG33741-00150DG33742-00110DG33742-00150不鏽鋼卡鉗式反應槽夾","https://ec.dgs.com.tw/catalog/files/basic-html/page33.html","https://ec.dgs.com.tw/catalog/catalog.html#p=33","2026-02-24T05:56:40.562Z"
"dgs_ecatalog-p33-c2","dgs_ecatalog","A","33","2","3","aDG33731-00110DG33731-00150DG33741-00110DG33741-00150DG33742-00110DG33742-00150不鏽鋼卡鉗式反應槽夾 不鏽鋼卡鉗式反應槽夾 反應槽用矽膠墊片反應槽用矽膠墊片反應槽用TF墊片反應槽用TF墊片110150110150110150選購配件˙加工品,日規尺寸˙圓底造型可搭配加熱包使用˙開口大,便於取出反應物及清洗˙不含反應槽夾及墊片,需另選購矽膠墊片反應槽夾雙層反應槽 磨口Reaction Apparatus, Jacketed˙加工訂製品˙厚壁雙層式反應槽,搭配卡鉗式反應槽夾及PTFE活栓貨號 價格eaKZ614110雙層反應槽 分離式 防爆馬達Reaction Apparatus, Jacketed貨號 容量L 價格setDG33703-FPGR005DG33703-FPGR010DG33703-FPGR020DG33703-FPGR030DG33703-FPGR050DG33703-FPGR080DG33703-FPGR100510203050801005L-50L˙硼矽酸3.3雙層玻璃結構設計˙高效蛇型冷凝器˙PT100溫度感測器˙馬達防爆等級 E","https://ec.dgs.com.tw/catalog/files/basic-html/page33.html","https://ec.dgs.com.tw/catalog/catalog.html#p=33","2026-02-24T05:56:40.562Z"
"dgs_ecatalog-p33-c3","dgs_ecatalog","A","33","3","3","3703-FPGR080DG33703-FPGR100510203050801005L-50L˙硼矽酸3.3雙層玻璃結構設計˙高效蛇型冷凝器˙PT100溫度感測器˙馬達防爆等級 ExdⅡBT4˙具攪拌馬達及轉速控制器˙底部具卸料閥˙含支撐架及可剎移動輪A基礎實驗器材以上價格與規格僅供參考 , 請以實際報價為主 A-021反應槽","https://ec.dgs.com.tw/catalog/files/basic-html/page33.html","https://ec.dgs.com.tw/catalog/catalog.html#p=33","2026-02-24T05:56:40.562Z"
"dgs_ecatalog-p34-c1","dgs_ecatalog","A","34","1","3","雙層燒杯 反應用 SYNTHWAREBeaker Jacketed Reaction˙硼矽酸玻璃材質˙雙層設計,可將內層液體與外層隔離及循環,保持恒溫,適合生化與化學反應用˙附可拆式側支螺牙接管GL14, 接管8mm貨號 容量mL 價格eaASG-B180050ZASG-B180100ZASG-B180250ZASG-B180500ZASG-B181000ZASG-B182000Z5010025050010002000雙層燒杯 反應用Beaker Jacketed Reaction˙硼矽酸玻璃材質˙雙層設計,可將內層液體與外層隔離及循環,保持恒溫,適合生化與化學反應用˙附可拆式側支螺牙接管GL14,接管8mm貨號 容量mL IDxH(mm) ODxH(mm) 價格eaDG31700-00500DG31700-01000500100080x135110x165100x150130x180雙層燒杯 反應用Beaker Jacketed Reaction˙加工訂製品˙雙層設計用於反應時控制,反應物溫度適合生化與化學反應用貨號 價格eaKZ317000貨號 容量mL 價格eaDG21500-00500DG21500-01000DG2","https://ec.dgs.com.tw/catalog/files/basic-html/page34.html","https://ec.dgs.com.tw/catalog/catalog.html#p=34","2026-02-24T05:56:40.562Z"
"dgs_ecatalog-p34-c2","dgs_ecatalog","A","34","2","3","˙加工訂製品˙雙層設計用於反應時控制,反應物溫度適合生化與化學反應用貨號 價格eaKZ317000貨號 容量mL 價格eaDG21500-00500DG21500-01000DG21500-02000DG21500-05000500100020005000蒸餾裝置Distilling Apparatus˙加工訂製品˙適用於一般蒸餾或酚類蒸餾˙蒸餾瓶為圓底,瓶口與側支口為磨砂加工,附玻璃瓶栓˙冷凝管為蛇型上磨口冷凝管貨號 磨口 價格eaASG-K161420ASG-K161922ASG-K16244014/2019/2224/40微量蒸餾裝置 SYNTHWAREKits, Labset Assembly˙含14件精細裝備,專為有機化學實驗設計˙舉凡蒸餾,分餾等功能甚多˙每組包含如下配件 1.Y型連接管 2.連接管75度 3.真空抽氣連接管 4.溫度計插管 5.直型冷凝管190mm/200mm 6.磨口圓底燒瓶 25mL,50mL,100mL,250mL,500mL 7.分液漏斗125mL 8.玻璃塞 9.玻璃吸管索氏脂肪抽出器 SYNTHWAREExtraction Apparatus, Soxhlet˙加工訂製品˙裝置共包含","https://ec.dgs.com.tw/catalog/files/basic-html/page34.html","https://ec.dgs.com.tw/catalog/catalog.html#p=34","2026-02-24T05:56:40.562Z"
"dgs_ecatalog-p34-c3","dgs_ecatalog","A","34","3","3","L,500mL 7.分液漏斗125mL 8.玻璃塞 9.玻璃吸管索氏脂肪抽出器 SYNTHWAREExtraction Apparatus, Soxhlet˙加工訂製品˙裝置共包含三部分: 上段冷凝管 中段萃取管(Soxhlet索氏管) 底部為平底燒瓶 皆以磨砂方式銜接,緊密度高貨號 容量mL 價格eaASG-2400525ASG-2400550250500A基礎實驗器材A-022 以上價格與規格僅供參考 , 請以實際報價為主 蒸餾裝置","https://ec.dgs.com.tw/catalog/files/basic-html/page34.html","https://ec.dgs.com.tw/catalog/catalog.html#p=34","2026-02-24T05:56:40.562Z"
"dgs_ecatalog-p35-c1","dgs_ecatalog","A","35","1","3","索氏脂肪抽出器Extraction Apparatus, Soxhlet˙加工訂製品˙裝置共包含三部分: 上段冷凝管 中段萃取管(Soxhlet索氏管) 底部為平底燒瓶 皆以磨砂方式銜接,緊密度高貨號 容量mL 價格eaDG24005-00125DG24005-010001251000 脂肪抽出器上段SYNTHWAREExtraction Condenser Only˙加工製品˙為索氏脂肪抽出器套件之上段冷卻管˙用於冷凝貨號 規格 磨口 價格eaASG-C244500ASG-C245550250mL用500mL用45/5055/50脂肪抽出器上段Extraction Condenser Only˙加工製品˙為索氏脂肪抽出器套件之上段冷卻管˙用於冷凝貨號 規格 磨口 價格eaDG24027-00125DG24027-01000125mL用1000mL用40/4070/60貨號 規格 上磨口 價格eaASG-E104524ASG-E105550250mL用500mL用45/5055/50脂肪抽出器中段SYNTHWAREExtraction Tube Only˙加工製品˙為索氏脂肪抽出器套件之中段萃取管˙內置濾筒用於萃取樣品˙下磨","https://ec.dgs.com.tw/catalog/files/basic-html/page35.html","https://ec.dgs.com.tw/catalog/catalog.html#p=35","2026-02-24T05:56:40.562Z"
"dgs_ecatalog-p35-c2","dgs_ecatalog","A","35","2","3","L用500mL用45/5055/50脂肪抽出器中段SYNTHWAREExtraction Tube Only˙加工製品˙為索氏脂肪抽出器套件之中段萃取管˙內置濾筒用於萃取樣品˙下磨砂口24/40脂肪抽出器中段Extraction Tube Only˙加工製品˙為索氏脂肪抽出器套件之中段萃取管˙內置濾筒用於萃取樣品˙下磨砂口24/40貨號 規格 上磨口 價格eaDG24071-00125DG24071-01000125mL用1000mL用40/4070/60去氯裝置(新型濾片)Dechlorination Apparatus貨號 容量mL 價格eaDG22000-00250 250˙加工訂製品˙硼矽酸玻璃材質製成˙新型玻璃多孔性濾心˙適用於環保署環檢所含高鹵離子水中化學需氧量(COD)檢測法˙三角瓶標準磨砂口24/40砷測定裝置Arsine Generator˙加工訂製品˙已附24/40磨砂接頭夾與12WS球型夾˙三角瓶標準磨砂口24/40貨號 容量mL 價格eaDG241100-00125DG241100-00250125250 貨號 容量mL L(mm) 價格setAK570025-0250AK570025-0500250","https://ec.dgs.com.tw/catalog/files/basic-html/page35.html","https://ec.dgs.com.tw/catalog/catalog.html#p=35","2026-02-24T05:56:40.562Z"
"dgs_ecatalog-p35-c3","dgs_ecatalog","A","35","3","3","mL 價格eaDG241100-00125DG241100-00250125250 貨號 容量mL L(mm) 價格setAK570025-0250AK570025-0500250500560600K.D濃縮裝置 KONTESEvaporative Concentrator, Kuderna-Danish˙專為濃縮溶於有機溶劑中之樣本設計˙極適用於有機溶劑(如乙醚,乙烷等)分析之前置準備工作˙上段磨口19/22,下段磨口24/40A基礎實驗器材以上價格與規格僅供參考 , 請以實際報價為主 A-023脂肪抽出器","https://ec.dgs.com.tw/catalog/files/basic-html/page35.html","https://ec.dgs.com.tw/catalog/catalog.html#p=35","2026-02-24T05:56:40.562Z"
"dgs_ecatalog-p36-c1","dgs_ecatalog","A","36","1","3","COD迴流裝置SYNTHWARECOD Glassware˙裝置共包含2部分:球型冷凝管,及平底燒瓶,皆以磨砂方式銜接,緊密度高˙可搭配多孔式COD加熱爐使用˙磨砂口24/40貨號 容量mL 價格setDG-00001 250乾燥管 PE KartellDrying Tube,PE˙PE材質˙兩端皆可開啟放入乾燥劑或棉花˙外接管內徑8~10mm˙可搭配真空幫浦使用,減少水氣吸入幫浦內貨號 管徑xL(mm) 全長mm 價格eaBK-446BK-447BK-44820x10020x15020x200170220270貨號 容量mL 價格eaDG19505-00250DG19505-00300250300 乾燥塔Cylinder, Drying Tower˙進口硼矽酸玻璃加工˙底部放入氯化鈣或其他固體試劑來乾燥或純化氣體˙瓶口磨口為34/28,上下端側支接管為8mm貨號 價格eaKZ891000乾燥管 U型Tube Drying˙加工訂製品˙U型,玻璃磨砂塞玻璃乾燥管 SYNTHWAREDrying Tube,Glass貨號 磨口 規格 價格eaASG-A870014ASG-A870024ASG-A870029ASG-A87142","https://ec.dgs.com.tw/catalog/files/basic-html/page36.html","https://ec.dgs.com.tw/catalog/catalog.html#p=36","2026-02-24T05:56:40.562Z"
"dgs_ecatalog-p36-c2","dgs_ecatalog","A","36","2","3","砂塞玻璃乾燥管 SYNTHWAREDrying Tube,Glass貨號 磨口 規格 價格eaASG-A870014ASG-A870024ASG-A870029ASG-A871420ASG-A872440ASG-A87294214/2024/4029/4214/2024/4029/42直型直型直型彎型75°彎型75°彎型75°˙硼矽酸玻璃材質˙可直接與反應瓶相連,75°彎角可防止乾燥劑進入反應瓶 中氣體洗滌瓶Bottle, Gas Washing˙加工訂製品˙氣體由瓶上端細管注入,經由清洗媒介,再由瓶身上端之側支排出,完成洗滌作業˙適用於氣體洗滌或乾燥˙DG15060為無濾片˙DG28220為有濾片貨號 容量mL 價格eaDG15060-00125DG15060-00250DG15060-00500DG15060-01000DG28220-01251DG28220-02501DG28220-05001DG28220-1000112525050010001252505001000氣體洗滌瓶Bottle, Gas Washing˙加工製品˙硼矽酸玻璃製成˙氣體由瓶上端細管注入, 經由清洗媒介,再由瓶身上端之側支排出,完成洗滌作業","https://ec.dgs.com.tw/catalog/files/basic-html/page36.html","https://ec.dgs.com.tw/catalog/catalog.html#p=36","2026-02-24T05:56:40.562Z"
"dgs_ecatalog-p36-c3","dgs_ecatalog","A","36","3","3","001252505001000氣體洗滌瓶Bottle, Gas Washing˙加工製品˙硼矽酸玻璃製成˙氣體由瓶上端細管注入, 經由清洗媒介,再由瓶身上端之側支排出,完成洗滌作業˙適用於氣體洗滌或乾燥˙上蓋螺牙為GL45,側支螺牙為GL14貨號 容量mL 價格eaAZ-5530058AZ-5530158AZ-5530059AZ-5530159500500附濾片10001000附濾片 A基礎實驗器材A-024 以上價格與規格僅供參考 , 請以實際報價為主 乾燥管","https://ec.dgs.com.tw/catalog/files/basic-html/page36.html","https://ec.dgs.com.tw/catalog/catalog.html#p=36","2026-02-24T05:56:40.562Z"
"dgs_ecatalog-p37-c1","dgs_ecatalog","A","37","1","3","貨號 容量mL 價格eaAS-18149AS-18150AS-18151AS-181521002505001000氣體洗滌瓶 PFA SANPLATECGas Wash Bottle, wide mouth, PFA˙PFA材質耐溫-200~250℃˙良好的耐化學性和溫度˙PTFE 過濾球:直徑25mm,孔徑10μm˙PFA管:外徑8mm氣體洗滌瓶 濾管型Gas Washing Bottle˙加工訂製品˙氣體洗滌瓶附直型通氣濾管,上端為橡皮管用接管貨號 價格eaKZ657250氣體洗滌瓶 濾片型Gas Washing Bottle˙加工訂製品˙氣體洗滌瓶附濾片,上端為橡皮管用接管貨號 價格eaKZ657750 氣體洗滌瓶 BOHLENDERGAS-Wash Bottle, FEP/PFA˙FEP/PFA材質,良好的耐化學性和溫度˙管型為FEP材質˙瓶型為PFA材質˙濾管管徑8mm,孔徑3μm貨號 容量mL H(mm) 價格eaAO-A11704AO-A11708AO-A11801AO-A11802AO-A11803管型500管型1000瓶型250瓶型500瓶型1000400700175200240 氣體取樣管 PP Bel-","https://ec.dgs.com.tw/catalog/files/basic-html/page37.html","https://ec.dgs.com.tw/catalog/catalog.html#p=37","2026-02-24T05:56:40.562Z"
"dgs_ecatalog-p37-c2","dgs_ecatalog","A","37","2","3","-A11708AO-A11801AO-A11802AO-A11803管型500管型1000瓶型250瓶型500瓶型1000400700175200240 氣體取樣管 PP Bel-ArtGas Sampling Bulbs, PP˙PP材質管身,PTFE活栓˙管體直徑51mm,管身長度222mm,活栓長度64mm˙活栓長度64mm,孔徑4mm,可接6.4~9.5mm內徑軟管˙最大使用壓力15psi貨號 描述 價格eaBB-199530000BB-199550000BB-199570000上下:兩方活栓,總長32cm上:兩方活栓,下:螺蓋封口,總長29cm上:三方活栓,下:兩方活栓,總長32cm 氣體取樣管Gas Sampling Tube˙加工訂製品˙二端活栓皆為PTFE材質貨號 價格eaKZ653100 玻璃棉 PYREXFiber Glass˙在層析萃取實驗中,用於填塞於玻璃層析管柱˙因玻璃濾片通過高污染的萃取液後,污物不易清洗,因此使用玻璃棉取代濾片來留住吸附劑貨號 磅/bx 價格bxAS3950 1 石英棉 台製Fiber Quartz Glass˙在層析萃取實驗中,用於填塞於玻璃層析管柱˙因玻璃濾片通過高污染的萃取","https://ec.dgs.com.tw/catalog/files/basic-html/page37.html","https://ec.dgs.com.tw/catalog/catalog.html#p=37","2026-02-24T05:56:40.562Z"
"dgs_ecatalog-p37-c3","dgs_ecatalog","A","37","3","3","取代濾片來留住吸附劑貨號 磅/bx 價格bxAS3950 1 石英棉 台製Fiber Quartz Glass˙在層析萃取實驗中,用於填塞於玻璃層析管柱˙因玻璃濾片通過高污染的萃取液後,污物不易清洗,因此使用石英棉取代濾片留住吸附劑˙每包(pk)10g包裝貨號 pk 價格pkBP-00019 1A基礎實驗器材以上價格與規格僅供參考 , 請以實際報價為主 A-025氣體洗滌瓶","https://ec.dgs.com.tw/catalog/files/basic-html/page37.html","https://ec.dgs.com.tw/catalog/catalog.html#p=37","2026-02-24T05:56:40.562Z"
"dgs_ecatalog-p38-c1","dgs_ecatalog","A","38","1","4","層析管 標準型 KONTESColumns, Threaded Standard Chromaflex®˙Chromaflex®標準型系列共有三種內徑,五種長度共十五種規格的層析管˙每支層析管皆包含PTFE材質底端配件及20μm HDPE bed supports(可另購PTFE材質), 1.5米FEP管貨號 內徑cm 長度cm 容量mL 最大耐壓psi/bar ea/cs 價格eaAK420830-01500AK420830-03000AK420830-01000AK420830-012001.01.01.01.0153010012012247995100/6.9100/6.9100/6.9100/6.91111AK420830-01510AK420830-03010AK420830-06010AK420830-01010AK420830-012102.52.52.52.52.51530601001207414729549158975/5.275/5.275/5.275/5.275/5.211111AK420830-01520AK420830-03020AK420830-06020AK420830-01020AK42083","https://ec.dgs.com.tw/catalog/files/basic-html/page38.html","https://ec.dgs.com.tw/catalog/catalog.html#p=38","2026-02-24T05:56:40.562Z"
"dgs_ecatalog-p38-c2","dgs_ecatalog","A","38","2","4","/5.275/5.275/5.275/5.211111AK420830-01520AK420830-03020AK420830-06020AK420830-01020AK420830-012204.84.84.84.84.815306010012027154310861810217250/3.450/3.450/3.450/3.450/3.411111 選購配件貨號 描述 ea/cs 價格AK420831-01500AK420831-03000AK420831-06000AK420831-01000AK420831-01200玻璃管柱,1.0x15cm玻璃管柱,1.0x30cm玻璃管柱,1.0x60cm玻璃管柱,1.0x100cm玻璃管柱,1.0x120cm11111AK420831-01510AK420831-03010AK420831-06010AK420831-01010AK420831-01210玻璃管柱,2.5x15cm玻璃管柱,2.5x30cm玻璃管柱,2.5x60cm玻璃管柱,2.5x100cm玻璃管柱,2.5x120cm11111AK420831-03020AK420831-06020AK420831-010","https://ec.dgs.com.tw/catalog/files/basic-html/page38.html","https://ec.dgs.com.tw/catalog/catalog.html#p=38","2026-02-24T05:56:40.562Z"
"dgs_ecatalog-p38-c3","dgs_ecatalog","A","38","3","4","30cm玻璃管柱,2.5x60cm玻璃管柱,2.5x100cm玻璃管柱,2.5x120cm11111AK420831-03020AK420831-06020AK420831-01020AK420831-01220玻璃管柱,4.8x30cm玻璃管柱,4.8x60cm玻璃管柱,4.8x100cm玻璃管柱,4.8x120cm1111AK420832-02100AK420832-02110AK420832-02120PTFE底端配件1.0cm內徑用,不含bed supportsPTFE底端配件2.5cm內徑用,不含bed supportsPTFE底端配件4.8cm內徑用,不含bed supports111AK420811-02010AK420811-02020AK420811-02040Bed supports, HDPE,1.0cm,20μmBed supports, HDPE,2.5cm,20μmBed supports, HDPE,4.8cm,20μm101010AK420833-00000AK420833-00010AK420833-00020螺蓋,1.0cm內徑用螺蓋,2.5cm內徑用螺蓋,4.8cm內徑用111A基礎實驗","https://ec.dgs.com.tw/catalog/files/basic-html/page38.html","https://ec.dgs.com.tw/catalog/catalog.html#p=38","2026-02-24T05:56:40.562Z"
"dgs_ecatalog-p38-c4","dgs_ecatalog","A","38","4","4","m101010AK420833-00000AK420833-00010AK420833-00020螺蓋,1.0cm內徑用螺蓋,2.5cm內徑用螺蓋,4.8cm內徑用111A基礎實驗器材A-026 以上價格與規格僅供參考 , 請以實際報價為主 層析管","https://ec.dgs.com.tw/catalog/files/basic-html/page38.html","https://ec.dgs.com.tw/catalog/catalog.html#p=38","2026-02-24T05:56:40.562Z"
"dgs_ecatalog-p39-c1","dgs_ecatalog","A","39","1","5","層析管 附活栓 磨砂口 Column, Chromatography, with PTFE stopcock, Joint˙硼矽酸玻璃製成˙活栓為PTFE材質˙上端磨口24/40˙其他尺寸磨口或上端為緩衝球形式皆可訂製貨號 IDxH/mm 價格eaDG420510-13200DG420510-13250DG420510-13300DG420510-13350DG420510-13400DG420510-1345013x20013x25013x30013x35013x40013x450DG420510-15200DG420510-15250DG420510-15300DG420510-15350DG420510-15400DG420510-1545015x20015x25015x30015x35015x40015x450DG420510-19200DG420510-19250DG420510-19300DG420510-19350DG420510-19400DG420510-1945019x20019x25019x30019x35019x40019x450DG420510-22200DG420510-22250DG420510","https://ec.dgs.com.tw/catalog/files/basic-html/page39.html","https://ec.dgs.com.tw/catalog/catalog.html#p=39","2026-02-24T05:56:40.562Z"
"dgs_ecatalog-p39-c2","dgs_ecatalog","A","39","2","5","9400DG420510-1945019x20019x25019x30019x35019x40019x450DG420510-22200DG420510-22250DG420510-22300DG420510-22350DG420510-22400DG420510-22450DG420510-2250022x20022x25022x30022x35022x40022x45022x500DG420510-26300DG420510-26350DG420510-26400DG420510-26450DG420510-2650026x30026x35026x40026x45026x500DG420510-31300DG420510-31350DG420510-31400DG420510-31450DG420510-3150031x30031x35031x40031x45031x500DG420510-36300DG420510-36350DG420510-36400DG420510-36450DG420510-3650036x30036x35036x40036x45036x500DG420510-41300DG420510-413","https://ec.dgs.com.tw/catalog/files/basic-html/page39.html","https://ec.dgs.com.tw/catalog/catalog.html#p=39","2026-02-24T05:56:40.562Z"
"dgs_ecatalog-p39-c3","dgs_ecatalog","A","39","3","5","-36400DG420510-36450DG420510-3650036x30036x35036x40036x45036x500DG420510-41300DG420510-41350DG420510-41400DG420510-41450DG420510-4150041x30041x35041x40041x45041x500層析管 附活栓Column Chromatography, with PTFE stopcock˙硼矽酸玻璃製成˙活栓為PTFE材質˙其他尺寸或上端為緩衝球形式皆 可訂製貨號 IDxH/mm 價格eaDG420530-13200DG420530-13250DG420530-13300DG420530-13350DG420530-13400DG420530-1345013x20013x25013x30013x35013x40013x450DG420530-15200DG420530-15250DG420530-15300DG420530-15350DG420530-15400DG420530-1545015x20015x25015x30015x35015x40015x450DG420530-19200DG","https://ec.dgs.com.tw/catalog/files/basic-html/page39.html","https://ec.dgs.com.tw/catalog/catalog.html#p=39","2026-02-24T05:56:40.562Z"
"dgs_ecatalog-p39-c4","dgs_ecatalog","A","39","4","5","0530-15350DG420530-15400DG420530-1545015x20015x25015x30015x35015x40015x450DG420530-19200DG420530-19250DG420530-19300DG420530-19350DG420530-19400DG420530-1945019x20019x25019x30019x35019x40019x450DG420530-22200DG420530-22250DG420530-22300DG420530-22350DG420530-22400DG420530-22450DG420530-2250022x20022x25022x30022x35022x40022x45022x500DG420530-26300DG420530-26350DG420530-26400DG420530-26450DG420530-2650026x30026x35026x40026x45026x500DG420530-31300DG420530-31350DG420530-31400DG420530-31450DG420530-3150031x30031x35031x4","https://ec.dgs.com.tw/catalog/files/basic-html/page39.html","https://ec.dgs.com.tw/catalog/catalog.html#p=39","2026-02-24T05:56:40.562Z"
"dgs_ecatalog-p39-c5","dgs_ecatalog","A","39","5","5","x500DG420530-31300DG420530-31350DG420530-31400DG420530-31450DG420530-3150031x30031x35031x40031x45031x500DG420530-36300DG420530-36350DG420530-36400DG420530-36450DG420530-3650036x30036x35036x40036x45036x500DG420530-41300DG420530-41350DG420530-41400DG420530-41450DG420530-4150041x30041x35041x40041x45041x500A基礎實驗器材以上價格與規格僅供參考 , 請以實際報價為主 A-027層析管","https://ec.dgs.com.tw/catalog/files/basic-html/page39.html","https://ec.dgs.com.tw/catalog/catalog.html#p=39","2026-02-24T05:56:40.562Z"
"dgs_ecatalog-p40-c1","dgs_ecatalog","A","40","1","5","層析管 附濾片及活栓Column, Chromatography, with Fritted Disc and PTFE stopcock˙硼矽酸玻璃製成˙活栓為PTFE材質˙濾片孔徑40~50μm˙其他尺寸或上端為緩衝球形式皆可訂製貨號 IDxH/mm 價格eaDG420540-13200DG420540-13250DG420540-13300DG420540-13350DG420540-13400DG420540-1345013x20013x25013x30013x35013x40013x450DG420540-15200DG420540-15250DG420540-15300DG420540-15350DG420540-15400DG420540-1545015x20015x25015x30015x35015x40015x450DG420540-19200DG420540-19250DG420540-19300DG420540-19350DG420540-19400DG420540-1945019x20019x25019x30019x35019x40019x450DG420540-22200DG420540-22250","https://ec.dgs.com.tw/catalog/files/basic-html/page40.html","https://ec.dgs.com.tw/catalog/catalog.html#p=40","2026-02-24T05:56:40.562Z"
"dgs_ecatalog-p40-c2","dgs_ecatalog","A","40","2","5","420540-19400DG420540-1945019x20019x25019x30019x35019x40019x450DG420540-22200DG420540-22250DG420540-22300DG420540-22350DG420540-22400DG420540-22450DG420540-2250022x20022x25022x30022x35022x40022x45022x500DG420540-26300DG420540-26350DG420540-26400DG420540-26450DG420540-2650026x30026x35026x40026x45026x500DG420540-31300DG420540-31350DG420540-31400DG420540-31450DG420540-3150031x30031x35031x40031x45031x500DG420540-36300DG420540-36350DG420540-36400DG420540-36450DG420540-3650036x30036x35036x40036x45036x500DG420540-41300DG42","https://ec.dgs.com.tw/catalog/files/basic-html/page40.html","https://ec.dgs.com.tw/catalog/catalog.html#p=40","2026-02-24T05:56:40.562Z"
"dgs_ecatalog-p40-c3","dgs_ecatalog","A","40","3","5","DG420540-36400DG420540-36450DG420540-3650036x30036x35036x40036x45036x500DG420540-41300DG420540-41350DG420540-41400DG420540-41450DG420540-4150041x30041x35041x40041x45041x500層析管 附濾片及活栓 磨砂口Column, Chromatography, with Fritted Disc and PTFE stopcock, Joint˙硼矽酸玻璃製成˙活栓為PTFE材質˙濾片孔徑40~50μm˙上端磨口24/40˙其他尺寸磨口或上端為緩衝球形式皆可訂製貨號 IDxH/mm 價格eaDG420550-13200DG420550-13250DG420550-13300DG420550-13350DG420550-13400DG420550-1345013x20013x25013x30013x35013x40013x450DG420550-15200DG420550-15250DG420550-15300DG420550-15350DG420550-15400DG4","https://ec.dgs.com.tw/catalog/files/basic-html/page40.html","https://ec.dgs.com.tw/catalog/catalog.html#p=40","2026-02-24T05:56:40.562Z"
"dgs_ecatalog-p40-c4","dgs_ecatalog","A","40","4","5","3x35013x40013x450DG420550-15200DG420550-15250DG420550-15300DG420550-15350DG420550-15400DG420550-1545015x20015x25015x30015x35015x40015x450DG420550-19200DG420550-19250DG420550-19300DG420550-19350DG420550-19400DG420550-1945019x20019x25019x30019x35019x40019x450DG420550-22200DG420550-22250DG420550-22300DG420550-22350DG420550-22400DG420550-22450DG420550-2250022x20022x25022x30022x35022x40022x45022x500DG420550-26300DG420550-26350DG420550-26400DG420550-26450DG420550-2650026x30026x35026x40026x45026x500DG420550-31300DG420550-","https://ec.dgs.com.tw/catalog/files/basic-html/page40.html","https://ec.dgs.com.tw/catalog/catalog.html#p=40","2026-02-24T05:56:40.562Z"
"dgs_ecatalog-p40-c5","dgs_ecatalog","A","40","5","5","550-26400DG420550-26450DG420550-2650026x30026x35026x40026x45026x500DG420550-31300DG420550-31350DG420550-31400DG420550-31450DG420550-3150031x30031x35031x40031x45031x500DG420550-36300DG420550-36350DG420550-36400DG420550-36450DG420550-3650036x30036x35036x40036x45036x500DG420550-41300DG420550-41350DG420550-41400DG420550-41450DG420550-4150041x30041x35041x40041x45041x500A基礎實驗器材A-028 以上價格與規格僅供參考 , 請以實際報價為主 層析管","https://ec.dgs.com.tw/catalog/files/basic-html/page40.html","https://ec.dgs.com.tw/catalog/catalog.html#p=40","2026-02-24T05:56:40.562Z"
"dgs_ecatalog-p41-c1","dgs_ecatalog","A","41","1","2","層析管Column Chromatography˙硼矽酸玻璃製成˙活栓為PTFE材質˙濾片孔徑40~50μm˙上端磨口24/40˙長度為濾片以上至磨口以下大約數值˙其他尺寸磨口或上端為緩衝球形式皆可訂製˙DG420510~DG420550四款已有貨號,可直接訂購參考訂製規格如下,另可依需求訂製尺寸貨 號 KZ420300 KZ420320 DG420530 DG420510 DG420540 DG420550 KZ420280 KZ420290濾 片TF活栓磨 口◉◉ ◉◉◉◉◉◉◉◉◉◉樣 式 內徑管身長度 13mm 15mm 19mm 22mm 26mm 31mm 36mm 41mm200mm250mm300mm350mm400mm450mm500mm◉◉◉◉◉◉◉◉◉◉◉◉◉◉◉◉◉◉◉◉◉◉◉◉◉◉◉◉◉◉◉◉◉◉◉◉◉◉◉◉◉◉緩衝球容量100mL250mL500mL◉◉ ◉ ◉◉◉◉◉◉◉◉ ◉ ◉價 格展開槽 圓形KONTESTLC Developing Tanks , Cylindrical˙Soda-lime玻璃製˙可放入小型的TLC片˙提供了最大的氣相飽和度與使用最小量的溶劑˙附玻璃蓋貨號 使用TLC片尺","https://ec.dgs.com.tw/catalog/files/basic-html/page41.html","https://ec.dgs.com.tw/catalog/catalog.html#p=41","2026-02-24T05:56:40.562Z"
"dgs_ecatalog-p41-c2","dgs_ecatalog","A","41","2","2","Developing Tanks , Cylindrical˙Soda-lime玻璃製˙可放入小型的TLC片˙提供了最大的氣相飽和度與使用最小量的溶劑˙附玻璃蓋貨號 使用TLC片尺寸 ea/cs 價格eaAK416170-00510AK416170-00520AK416170-01020AK416171-005005x10cm5x20cm10x20cm展開槽蓋1111 展開槽標準型 KONTESTLC Developing Tanks with Standard Lid˙Soda-lime玻璃製˙可放入200x200/mmTLC片˙附玻璃蓋˙尺寸27x7x25/cm(AK416180-00000)˙尺寸20x7x20/cm(DG-00013)貨號 規格 價格AK416180-00000DG-00013AK416181-00000AK416182-00000標準型展開槽組不附TLC片架展開槽不附TLC片架標準型蓋本體A基礎實驗器材以上價格與規格僅供參考 , 請以實際報價為主 A-029展開槽","https://ec.dgs.com.tw/catalog/files/basic-html/page41.html","https://ec.dgs.com.tw/catalog/catalog.html#p=41","2026-02-24T05:56:40.562Z"
"dgs_ecatalog-p42-c1","dgs_ecatalog","A","42","1","4","展開槽 方形 SYNTHWARETLC Developing Tanks˙硼矽酸玻璃材質˙可放入200x200/mm TLC片˙附玻璃蓋貨號 規格 價格eaASG-T216200 200x200/mm,寬度內徑60mm 展開槽防滑落型 KONTESTLC Developing Tanks with Nonslip Lid˙Soda-lime玻璃製˙可放入200x200/mm TLC片˙附玻璃蓋,蓋子附把手,上蓋四周並有止滑墊˙尺寸27x7x25/cm貨號 規格 價格AK416185-00000AK416186-00000AK416182-00000防滑型展開槽組不附TLC片架防滑型蓋本體展開槽附扣環型 KONTESTLC Developing Tank with Latch Lid˙Soda-lime玻璃製˙可放入200x200/mm TLC片˙附玻璃蓋,蓋子兩側多一金屬鎖扣,可防止蓋子因碰撞而滑落˙尺寸27x7x25/cm貨號 規格 價格AK416190-00000AK416191-00000AK416192-00000附扣環型展開槽組不附TLC片架附扣環型蓋附扣環型本體TLC片放置架 KONTESAluminum Rac","https://ec.dgs.com.tw/catalog/files/basic-html/page42.html","https://ec.dgs.com.tw/catalog/catalog.html#p=42","2026-02-24T05:56:40.562Z"
"dgs_ecatalog-p42-c2","dgs_ecatalog","A","42","2","4","6190-00000AK416191-00000AK416192-00000附扣環型展開槽組不附TLC片架附扣環型蓋附扣環型本體TLC片放置架 KONTESAluminum Rack for TLC Plate˙鋁製˙可放入6片200x200/mm TLC片貨號 規格 價格eaAK416175-00000 鋁質放置架不含展開槽TLC片點片器 KONTESTLC Plate Streaker˙可整齊的將樣品點於TLC片上˙整組包含不鏽鋼基座,玻璃儲液器,玻璃及不銹鋼的毛細管貨號 規格 ea/cs 價格setAK416430-00000 點片器 25Lx15Wx16H/cm 1選購配件貨號 描述 ea/cs 價格AK416431-00000AK416432-00000AK416433-00000AK416434-00000不鏽鋼基座玻璃儲液器玻璃毛細管組不鏽鋼毛細管1111 TLC薄層層析片 MNTLC Plate˙鋁及聚酯纖維基板-矽膠塗層: 應用於黃曲霉毒素,生物鹼,胺,氨基酸,鎮痛劑,抗生素,激素,大麻化合物,正相 (NP),棒曲霉素,類固醇,甜味劑,維生素˙玻璃基板-矽膠塗層:應用於苯胺,膽汁酸,正常相 (NP),皮膚脂","https://ec.dgs.com.tw/catalog/files/basic-html/page42.html","https://ec.dgs.com.tw/catalog/catalog.html#p=42","2026-02-24T05:56:40.562Z"
"dgs_ecatalog-p42-c3","dgs_ecatalog","A","42","3","4","黃曲霉毒素,生物鹼,胺,氨基酸,鎮痛劑,抗生素,激素,大麻化合物,正相 (NP),棒曲霉素,類固醇,甜味劑,維生素˙玻璃基板-矽膠塗層:應用於苯胺,膽汁酸,正常相 (NP),皮膚脂質,類固醇˙鋁基板-氧化鋁塗層:應用於脂肪族和芳香族化合物,生物鹼,類固醇,萜烯˙尺寸20x20cm˙25ea/bx貨號 型號 描述 價格bxCM-805023CM-812008CM-818023CM-818133CM-818333POLYGRAM SIL G UV254DURASIL UV254ALUGRAM Alox N UV254ALUGRAM SIL G UV254ALUGRAM Xtra SIL G UV254聚酯纖維基板,矽膠塗層玻璃基板,矽膠塗層鋁基板,氧化鋁塗層鋁基板,矽膠塗層鋁基板,矽膠塗層 易裁切二連送風球 日製Crown Spray˙橡膠製˙使用於噴霧瓶噴霧時,壓擠風球,前端網狀氣室會膨脹而連續送風,使噴霧瓶噴霧貨號 規格 價格eaA32S-11006A32S-11008#6#8 噴霧瓶 KONTES˙KG-33硼矽酸玻璃製˙適用於任何試劑及大部分具腐蝕性的液體˙噴霧效果佳,出廠已經過測試,以確保液體在噴霧時,不會有凝結滴落的","https://ec.dgs.com.tw/catalog/files/basic-html/page42.html","https://ec.dgs.com.tw/catalog/catalog.html#p=42","2026-02-24T05:56:40.562Z"
"dgs_ecatalog-p42-c4","dgs_ecatalog","A","42","4","4","6A32S-11008#6#8 噴霧瓶 KONTES˙KG-33硼矽酸玻璃製˙適用於任何試劑及大部分具腐蝕性的液體˙噴霧效果佳,出廠已經過測試,以確保液體在噴霧時,不會有凝結滴落的情形發生B-059關連產品A基礎實驗器材A-030 以上價格與規格僅供參考 , 請以實際報價為主 展開槽","https://ec.dgs.com.tw/catalog/files/basic-html/page42.html","https://ec.dgs.com.tw/catalog/catalog.html#p=42","2026-02-24T05:56:40.562Z"
"dgs_ecatalog-p43-c1","dgs_ecatalog","A","43","1","3","直型冷凝管 SYNTHWARECondenser, Liebig˙內管為直筒型˙標準磨口24/40貨號 磨口 冷卻段長/mm 側管OD/mm 價格eaASG-C171200ASG-C204200ASG-C204300ASG-C204400ASG-C20450014/2024/4024/4024/4024/40200200300400500810101010直型冷凝管 附螺牙接管SYNTHWARECondenser, Liebig˙附可拆式側枝螺牙接管貨號 磨口 冷卻段長/mm 側管OD/mm 價格eaASG-C504200ASG-C504300ASG-C50440024/4024/4024/40200300400888直型冷凝管 經濟型Condenser, Liebig˙內管為直筒型˙上下側支之方向相反˙標準磨口24/40貨號 磨口 L/mm 價格eaDG5021-05DG5021-10DG5021-15DG5021-20DG5028-05DG5028-10DG5028-15DG5028-20上下磨口上下磨口上下磨口上下磨口下磨口下磨口下磨口下磨口200300400500200300400500 球型冷凝管 SYNTHWAR","https://ec.dgs.com.tw/catalog/files/basic-html/page43.html","https://ec.dgs.com.tw/catalog/catalog.html#p=43","2026-02-24T05:56:40.562Z"
"dgs_ecatalog-p43-c2","dgs_ecatalog","A","43","2","3","28-10DG5028-15DG5028-20上下磨口上下磨口上下磨口上下磨口下磨口下磨口下磨口下磨口200300400500200300400500 球型冷凝管 SYNTHWARECondenser, Allihn˙內管為連續球狀型 ˙標準磨口24/40貨號 磨口 冷卻段長/mm 側管OD/mm 價格eaASG-C251120ASG-C251200ASG-C254300ASG-C25440014/2024/4024/4024/401202003004008101010 球型冷凝管 附螺牙接管SYNTHWARECondenser, Allihn˙附可拆式側枝螺牙接管貨號 磨口 冷卻段長/mm 側管OD/mm 價格eaASG-C621200ASG-C624300ASG-C62440024/4024/4024/40200300400888球型冷凝管 經濟型Condenser, Allihn˙內管為連續球狀型˙上下側支之方向相反˙標準磨口24/40貨號 磨口 L/mm 價格eaDG5022-05DG5022-10DG5022-15DG5022-20DG5029-05DG5029-10DG5029-15DG5029-20上下磨口上下","https://ec.dgs.com.tw/catalog/files/basic-html/page43.html","https://ec.dgs.com.tw/catalog/catalog.html#p=43","2026-02-24T05:56:40.562Z"
"dgs_ecatalog-p43-c3","dgs_ecatalog","A","43","3","3","磨口 L/mm 價格eaDG5022-05DG5022-10DG5022-15DG5022-20DG5029-05DG5029-10DG5029-15DG5029-20上下磨口上下磨口上下磨口上下磨口下磨口下磨口下磨口下磨口200300400500200300400500 A基礎實驗器材以上價格與規格僅供參考 , 請以實際報價為主 A-031冷凝管","https://ec.dgs.com.tw/catalog/files/basic-html/page43.html","https://ec.dgs.com.tw/catalog/catalog.html#p=43","2026-02-24T05:56:40.562Z"
"dgs_ecatalog-p44-c1","dgs_ecatalog","A","44","1","3","蛇型冷凝管 SYNTHWARECondenser, Graham˙內管為環型螺旋狀˙上下側支方向相反˙標準磨口24/40貨號 磨口 冷卻段長/mm 側管OD/mm 價格eaASG-C141120ASG-C144200ASG-C144300ASG-C144400ASG-C14450014/2024/4024/4024/4024/4012020030040050088101010蛇型冷凝管 附螺牙接管SYNTHWARECondenser, Graham˙附可拆式側枝螺牙接管貨號 磨口 冷卻段長/mm 側管OD/mm 價格eaASG-C544200ASG-C544300ASG-C54440024/4024/4024/40200300400888蛇型冷凝管 迴流型 附螺牙接管 SYNTHWARECondenser, Graham˙硼矽酸玻璃材質˙附可拆式側枝螺牙接管˙盤繞的蛇型管路,有效的延伸更長的表面來凝結高揮發性的溶劑,如己烷貨號 磨口 冷卻段長/mm 側管OD/mm 價格eaASG-C561100ASG-C564175ASG-C562280ASG-C564225ASG-C564125ASG-C56427514/2024/401","https://ec.dgs.com.tw/catalog/files/basic-html/page44.html","https://ec.dgs.com.tw/catalog/catalog.html#p=44","2026-02-24T05:56:40.562Z"
"dgs_ecatalog-p44-c2","dgs_ecatalog","A","44","2","3","側管OD/mm 價格eaASG-C561100ASG-C564175ASG-C562280ASG-C564225ASG-C564125ASG-C56427514/2024/4014/2024/4024/4024/40100175180225125275888888蛇型冷凝管 經濟型Condenser, Graham˙內管為環型螺旋狀˙上下側支之方向相反˙標準磨口24/40貨號 磨口 L/mm 價格eaDG5023-05DG5023-10DG5023-15DG5023-20DG5030-05DG5030-10DG5030-15DG5030-20上下磨口上下磨口上下磨口上下磨口下磨口下磨口下磨口下磨口200300400500200300400500蛇型冷凝管 迴流型 Condenser Reflux˙硼矽酸玻璃製成˙盤繞的蛇型管路,有效的延伸更長的表面來凝結高揮發性的溶劑,如己烷貨號 磨口 冷卻段長/mm 側管OD/mm 價格eaDG28300-01420DG28300-0244014/2024/4020020088冷凝管 雙層 迴流型Condenser Reflux˙加工訂製品˙內部螺旋管與外部整支包覆的外管,更有效的提高冷","https://ec.dgs.com.tw/catalog/files/basic-html/page44.html","https://ec.dgs.com.tw/catalog/catalog.html#p=44","2026-02-24T05:56:40.562Z"
"dgs_ecatalog-p44-c3","dgs_ecatalog","A","44","3","3","420DG28300-0244014/2024/4020020088冷凝管 雙層 迴流型Condenser Reflux˙加工訂製品˙內部螺旋管與外部整支包覆的外管,更有效的提高冷凝的能力貨號 價格eaKZ457270 貨號 磨口 冷卻段長/mm 價格eaASG-C102443 24/40 300 蒸餾管 維格羅SYNTHWAREColumn Distillation, Vigreux˙具有鋸齒狀凹槽,可有效的改良水蒸氣的接觸A基礎實驗器材A-032 以上價格與規格僅供參考 , 請以實際報價為主 冷凝管","https://ec.dgs.com.tw/catalog/files/basic-html/page44.html","https://ec.dgs.com.tw/catalog/catalog.html#p=44","2026-02-24T05:56:40.562Z"
"dgs_ecatalog-p45-c1","dgs_ecatalog","A","45","1","4","蒸餾受器 SYNTHWAREDistillation Receiver Moisture Test貨號 描述 價格eaASG-D452410ASG-D452424容量10mL 尺寸 275Hx95W mm 容量20mL 尺寸 325Hx95W mm˙磨口24/40,PTFE活栓˙附刻度貨號 OD(mm) 價格eaDG16055-00052DG16055-000655565 氮氣連接球Bulb, Connecting, Spherical, Kjeldahl˙加工訂製品˙用於凱氏法˙下端管徑為11~12mm,可接於凱氏裝置緩衝瓶SYNTHWARETrap Distilling˙加工訂製品˙硼矽酸玻璃材質˙可依需求訂製不同磨口貨號 容量mL 上下磨口 價格eaASG-A264100 100 24/40緩衝瓶 SYNTHWARETrap Rotary Evaporator˙加工訂製品˙硼矽酸玻璃材質˙可依需求訂製不同磨口貨號 容量mL 上磨口 下磨口 價格eaASG-A282414ASG-A282424ASG-A282914BASG-A282924BASG-A282929BASG-A282914ASG-A282924ASG-A28","https://ec.dgs.com.tw/catalog/files/basic-html/page45.html","https://ec.dgs.com.tw/catalog/catalog.html#p=45","2026-02-24T05:56:40.562Z"
"dgs_ecatalog-p45-c2","dgs_ecatalog","A","45","2","4","格eaASG-A282414ASG-A282424ASG-A282914BASG-A282924BASG-A282929BASG-A282914ASG-A282924ASG-A282929ASG-A284250ASG-A282250BASG-A288250BASG-A282250ASG-A28825010010010010010010010010025025025025025024/4024/4029/3229/3229/3229/4229/4229/4224/4029/3229/3229/4229/4214/2024/4014/2024/4029/3214/2024/4029/4224/4024/4029/3224/4029/42真空緩衝瓶SYNTHWAREVacuum Trap˙放置於液態氮或乾冰中,使真空幫浦所抽之空氣經由液態氮或乾冰凝結其中之水氣或揮發性溶劑,以保護幫浦不受侵蝕˙適用於1公升的POPE液態氮筒˙瓶身外徑50mm,磨口為45/50,磨口以下長250mm貨號 描述 價格eaASG-V165045 接管口10mm 貨號 價格eaKZ926300 真空緩衝瓶Vacuum Trap˙加工訂製品˙放置於液態氮或乾","https://ec.dgs.com.tw/catalog/files/basic-html/page45.html","https://ec.dgs.com.tw/catalog/catalog.html#p=45","2026-02-24T05:56:40.562Z"
"dgs_ecatalog-p45-c3","dgs_ecatalog","A","45","3","4","50,磨口以下長250mm貨號 描述 價格eaASG-V165045 接管口10mm 貨號 價格eaKZ926300 真空緩衝瓶Vacuum Trap˙加工訂製品˙放置於液態氮或乾冰中,使真空幫浦所抽之空氣經由液態氮或乾冰凝結其中之水氣,以保護幫浦不受水氣侵蝕溫度計磨砂轉接頭SYNTHWAREAdapters, Thermometer˙硼矽酸玻璃材質˙上螺蓋有中孔及墊圈,可插入溫度計固定˙適用於直徑5~7mm棒形溫度計,另可更換墊片以適用於3mm的金屬溫度探棒貨號 描述 價格eaASG-A521420ASG-A522440ASG-A522942外磨口14/20外磨口24/40外磨口29/42選購配件貨號 描述 價格eaASG-RC009ASG-R010ASG-R201Nylon 螺蓋Viton 耐酸鹼溶劑墊圈 5~7mm用Viton 耐酸鹼溶劑墊圈 3~5mm用磨砂轉換接頭SYNTHWAREAdapters, Bushing Type˙硼矽酸玻璃材質貨號 上內磨口 螺牙規格 價格eaASG-A982440ASG-A98294224/4029/4220-40020-400 A基礎實驗器材以上價格與規格僅供參考 , 請以實際報價","https://ec.dgs.com.tw/catalog/files/basic-html/page45.html","https://ec.dgs.com.tw/catalog/catalog.html#p=45","2026-02-24T05:56:40.562Z"
"dgs_ecatalog-p45-c4","dgs_ecatalog","A","45","4","4","質貨號 上內磨口 螺牙規格 價格eaASG-A982440ASG-A98294224/4029/4220-40020-400 A基礎實驗器材以上價格與規格僅供參考 , 請以實際報價為主 A-033緩衝瓶","https://ec.dgs.com.tw/catalog/files/basic-html/page45.html","https://ec.dgs.com.tw/catalog/catalog.html#p=45","2026-02-24T05:56:40.562Z"
"dgs_ecatalog-p46-c1","dgs_ecatalog","A","46","1","3","磨砂轉換接頭 SYNTHWAREAdapters, Bushing Type˙硼矽酸玻璃材質貨號 上內磨口 下外磨口 價格eaASG-A201424ASG-A252414ASG-A202429ASG-A252914ASG-A25292414/2024/4024/4029/4229/4224/4014/2029/4214/2024/40 磨砂轉換接頭Adapters, Bushing Type˙硼矽酸玻璃材質貨號 上內磨口 下外磨口 價格eaDG44865-01410DG44865-01910DG44865-02410AK44865-02435DG44865-02419DG44865-03424DG44865-0342914/2019/3824/4024/4024/4034/4534/4510/3010/3010/3014/3519/3824/4029/42 磨砂轉接頭 PTFE BOHLENDERAdaPtors, Bushing Type, PTFE˙PTFE材質耐溫-200~250℃˙良好的耐化學性和溫度貨號 外磨口 內磨口 直徑mm 價格eaAO-H98003AO-H98006AO-H98009AO-H9801219/","https://ec.dgs.com.tw/catalog/files/basic-html/page46.html","https://ec.dgs.com.tw/catalog/catalog.html#p=46","2026-02-24T05:56:40.562Z"
"dgs_ecatalog-p46-c2","dgs_ecatalog","A","46","2","3","FE˙PTFE材質耐溫-200~250℃˙良好的耐化學性和溫度貨號 外磨口 內磨口 直徑mm 價格eaAO-H98003AO-H98006AO-H98009AO-H9801219/2629/3229/3245/4014/2314/2319/2629/3230404055貨號 適用磨口 L(mm) 價格eaAO-H90517 29/42 124 to142 萬向磨砂轉接頭 PTFE BOHLENDERPTFE Connector˙PTFE質耐溫-200~250℃˙良好的耐化學性和溫度˙適用於真空系統萬向GL螺牙轉接頭 PTFE BOHLENDERGL Thread Connector, PTFE˙PTFE材質耐溫-200~250℃˙良好耐化學性和溫度 ˙可折彎120°˙可用於真空系統連接貨號 螺牙規格 L(mm) 價格eaAO-H90203AO-H90204AO-H90205AO-H90210AO-H90215GL14GL25GL25GL32GL4528 to 4042 to 9058 to 10458 to 9067 to 115連接管 75° SYNTHWAREAdapter Distillation˙硼矽酸玻璃材質˙角度","https://ec.dgs.com.tw/catalog/files/basic-html/page46.html","https://ec.dgs.com.tw/catalog/catalog.html#p=46","2026-02-24T05:56:40.562Z"
"dgs_ecatalog-p46-c3","dgs_ecatalog","A","46","3","3","28 to 4042 to 9058 to 10458 to 9067 to 115連接管 75° SYNTHWAREAdapter Distillation˙硼矽酸玻璃材質˙角度75°˙可依需求訂製不同磨口75°貨號 磨口 價格eaASG-A151420ASG-A15244014/2024/40連接管 105°SYNTHWAREAdapter Distillation˙硼矽酸玻璃材質˙角度105°˙可依需求訂製不同磨口105°貨號 磨口 價格eaASG-A961420ASG-A96244014/2024/40 連接管 105°SYNTHWAREAdapter Distillation˙硼矽酸玻璃材質˙角度105°˙可依需求訂製不同磨口貨號 磨口 價格eaASG-A412440ASG-A41294224/4029/42105°A基礎實驗器材A-034 以上價格與規格僅供參考 , 請以實際報價為主 磨砂轉接頭","https://ec.dgs.com.tw/catalog/files/basic-html/page46.html","https://ec.dgs.com.tw/catalog/catalog.html#p=46","2026-02-24T05:56:40.562Z"
"dgs_ecatalog-p47-c1","dgs_ecatalog","A","47","1","3","連接管 Y型 SYNTHWAREAdapter Distillation˙硼矽酸玻璃材質˙可依需求訂製不同磨口貨號 磨口 價格eaASG-A371420ASG-A371922ASG-A372440ASG-A37294214/2019/2224/4029/42連接管 Y型螺牙SYNTHWAREAdapter Distillation˙硼矽酸玻璃材質˙上螺蓋有中孔及墊圈,可插入溫度計固定˙適用於直徑5~7mm棒形溫度計,另可更換墊片以適用於3mm的金屬溫度探棒貨號 描述 價格eaASG-A902440 磨口24/40選購配件貨號 描述 價格eaASG-RC009ASG-R010ASG-R201Nylon 螺蓋Viton 耐酸鹼溶劑墊圈 5~7mm用Viton 耐酸鹼溶劑墊圈 3~5mm用連接管 Y型螺牙Adapter Distillation˙加工訂製品˙硼矽酸玻璃材質˙可依需求訂製不同磨口貨號 價格eaKZ161100連接管 卜型SYNTHWAREAdapter Distillation˙硼矽酸玻璃材質˙可依需求訂製不同磨口貨號 磨口 價格eaASG-A352440 24/40連接管 卜型螺牙SYNTHWAREAdapter","https://ec.dgs.com.tw/catalog/files/basic-html/page47.html","https://ec.dgs.com.tw/catalog/catalog.html#p=47","2026-02-24T05:56:40.562Z"
"dgs_ecatalog-p47-c2","dgs_ecatalog","A","47","2","3","dapter Distillation˙硼矽酸玻璃材質˙可依需求訂製不同磨口貨號 磨口 價格eaASG-A352440 24/40連接管 卜型螺牙SYNTHWAREAdapter Distillation貨號 磨口 價格eaASG-A971420ASG-A972440ASG-A97294214/2024/4029/42選購配件貨號 描述 價格eaASG-RC009ASG-R010ASG-R201Nylon 螺蓋Viton 耐酸鹼溶劑墊圈 5~7mm用Viton 耐酸鹼溶劑墊圈 3~5mm用˙硼矽酸玻璃材質˙上螺蓋有中孔及墊圈,可插入溫度計固定˙適用於直徑5~7mm棒形溫度計,另可更換墊片以適用於3mm的金屬溫度探棒連接管 105° 減壓蒸餾抽氣用SYNTHWAREAdapter Distillation˙硼矽酸玻璃材質˙角度105°˙可依需求訂製不同磨口貨號 磨口 價格eaASG-A621420ASG-A622440ASG-A62294214/2024/4029/42105°連接管 直型 減壓蒸餾抽氣用SYNTHWAREAdapter, Distillation ˙硼矽酸玻璃材質˙接軟管口直徑8mm貨號 磨口 價格eaASG","https://ec.dgs.com.tw/catalog/files/basic-html/page47.html","https://ec.dgs.com.tw/catalog/catalog.html#p=47","2026-02-24T05:56:40.562Z"
"dgs_ecatalog-p47-c3","dgs_ecatalog","A","47","3","3","24/4029/42105°連接管 直型 減壓蒸餾抽氣用SYNTHWAREAdapter, Distillation ˙硼矽酸玻璃材質˙接軟管口直徑8mm貨號 磨口 價格eaASG-A431420ASG-A432440ASG-A43294214/2024/4029/42連接管Adapter Connecting˙加工訂製品˙硼矽酸玻璃材質˙可依需求訂製不同磨口貨號 價格eaKZ275900 A基礎實驗器材以上價格與規格僅供參考 , 請以實際報價為主 A-035連接管","https://ec.dgs.com.tw/catalog/files/basic-html/page47.html","https://ec.dgs.com.tw/catalog/catalog.html#p=47","2026-02-24T05:56:40.562Z"
"dgs_ecatalog-p48-c1","dgs_ecatalog","A","48","1","3","連接管Adapter Connecting˙加工訂製品˙硼矽酸玻璃材質˙可依需求訂製不同磨口貨號 規格 價格eaKZ166000KZ166100KZ166200公轉母公轉公母轉母連接管Adapter Distillation˙加工訂製品˙硼矽酸玻璃材質˙可依需求訂製不同磨口貨號 價格eaKZ275050 連接管Adapter Distillation˙加工訂製品˙硼矽酸玻璃材質˙可依需求訂製不同磨口貨號 價格eaKZ211410 抽氣接頭 彎型 附TF活栓SYNTHWAREAdapter ,Vacuum, With PTFE Stopcock˙活栓孔徑2mm˙接軟管口直徑8mm貨號 磨口 價格eaASG-A381420ASG-A382440ASG-A38294214/2024/4029/42抽氣接頭 直型 附TF活栓SYNTHWAREAdapter ,Vacuum, With PTFE Stopcock˙活栓孔徑2mm˙接軟管口直徑8mm貨號 磨口 價格eaASG-A701420ASG-A702440ASG-A70294214/2024/4029/42抽氣接頭 附三方TF活栓SYNTHWAREAdapter ,Vacuum,","https://ec.dgs.com.tw/catalog/files/basic-html/page48.html","https://ec.dgs.com.tw/catalog/catalog.html#p=48","2026-02-24T05:56:40.562Z"
"dgs_ecatalog-p48-c2","dgs_ecatalog","A","48","2","3","價格eaASG-A701420ASG-A702440ASG-A70294214/2024/4029/42抽氣接頭 附三方TF活栓SYNTHWAREAdapter ,Vacuum, With T-Bore PTFE Stopcock˙活栓孔徑2mm˙接軟管口直徑8mm貨號 磨口 價格eaASG-A681420ASG-A682440ASG-A68294214/2024/4029/42抽氣接頭 彎型SYNTHWAREAdapter, Vacuum ˙硼矽酸玻璃材質˙接軟管口直徑8mm(14/20)˙接軟管口直徑10mm(24/40、29/42)貨號 磨口 價格eaASG-A291420ASG-A292440ASG-A29294214/2024/4029/42抽氣接頭 直型SYNTHWAREAdapter, Vacuum, Standard Taper Joints ˙硼矽酸玻璃材質˙接軟管口直徑8mm貨號 磨口 價格eaASG-A301420ASG-A302440ASG-A30294214/2024/4029/42蒸餾裝置 回收組SYNTHWAREDistillation Receiver˙硼矽酸玻璃材質˙不含燒瓶及磨砂夾貨號","https://ec.dgs.com.tw/catalog/files/basic-html/page48.html","https://ec.dgs.com.tw/catalog/catalog.html#p=48","2026-02-24T05:56:40.562Z"
"dgs_ecatalog-p48-c3","dgs_ecatalog","A","48","3","3","302440ASG-A30294214/2024/4029/42蒸餾裝置 回收組SYNTHWAREDistillation Receiver˙硼矽酸玻璃材質˙不含燒瓶及磨砂夾貨號 描述 價格eaASG-A551420ASG-D201414ASG-A552440ASG-D202424上段抽氣連接管 磨口14/20中段四腳接收管 磨口14/20 上段抽氣連接管 磨口24/40中段四腳接收管 磨口24/40 A基礎實驗器材A-036 以上價格與規格僅供參考 , 請以實際報價為主 抽氣接頭","https://ec.dgs.com.tw/catalog/files/basic-html/page48.html","https://ec.dgs.com.tw/catalog/catalog.html#p=48","2026-02-24T05:56:40.562Z"
"dgs_ecatalog-p49-c1","dgs_ecatalog","A","49","1","3","溶劑蒸餾頭SYNTHWARESolvent still head˙上方活栓孔徑4mm,磨口14/20˙下方T型活栓孔徑2mm貨號 容量mL 上下磨口 價格eaASG-S234504 500 24/40溶劑蒸餾頭SYNTHWARESolvent still head˙上方活栓孔徑4mm,磨口14/20˙下方T型活栓孔徑2mm˙出料口磨口14/20貨號 容量mL 上下磨口 價格eaASG-S244504 500 24/40貨號 價格eaKZ287120蒸餾裝置 減壓頭Distillation Head Vigerux˙加工訂製品˙硼矽酸玻璃材質˙可依需求訂製不同磨口蒸餾裝置 回收瓶Distillation Receiver˙加工訂製品˙硼矽酸玻璃材質˙可依需求訂製不同磨口貨號 價格eaKZ287800貨號 適用磨口 價格eaAC020-110AC020-1141AC020-1191AC020-124AC020-129AC020-134AC020-14510/3014/2019/2224/4029/4234/4545/50PTFE 襯套 cowiePTFE Sleeve, Joint˙玻璃磨砂接頭用˙免塗凡士林,可重覆使用˙PTF","https://ec.dgs.com.tw/catalog/files/basic-html/page49.html","https://ec.dgs.com.tw/catalog/catalog.html#p=49","2026-02-24T05:56:40.562Z"
"dgs_ecatalog-p49-c2","dgs_ecatalog","A","49","2","3","10/3014/2019/2224/4029/4234/4545/50PTFE 襯套 cowiePTFE Sleeve, Joint˙玻璃磨砂接頭用˙免塗凡士林,可重覆使用˙PTFE材質耐溫-200~280℃˙良好的耐化學性和溫度˙可耐高真空1x10~4torr貨號 適用磨口 價格eaAC019-010AC019-014AC019-019AC019-024AC019-029AC019-034AC019-04510/3014/3519/3824/4029/4234/4545/50PTFE 襯套 半拋棄式 cowiePTFE Sleeve, Joint˙玻璃磨砂接頭用˙厚度0.05mm˙PTFE材質耐溫-200~280℃˙良好的耐化學性和溫度˙可用於中低真空系統貨號 適用磨口 價格eaAO-H93104AO-H93106AO-H93110AO-H93412AO-H93116AO-H93418182835405564PTFE 襯套 BOHLENDERPTFE Sleeve, Ball Joint˙PTFE材質耐溫-200~250℃˙良好的耐化學性和溫度˙球型磨砂接頭用˙適用於真空系統貨號 適用磨口 價格eaAO-H93303AO-","https://ec.dgs.com.tw/catalog/files/basic-html/page49.html","https://ec.dgs.com.tw/catalog/catalog.html#p=49","2026-02-24T05:56:40.562Z"
"dgs_ecatalog-p49-c3","dgs_ecatalog","A","49","3","3","FE Sleeve, Ball Joint˙PTFE材質耐溫-200~250℃˙良好的耐化學性和溫度˙球型磨砂接頭用˙適用於真空系統貨號 適用磨口 價格eaAO-H93303AO-H93304AO-H93305AO-H93306AO-H93307AO-H93309AO-H93310AO-H93311AO-H93312AO-H93313AO-H93314AO-H9331514/2319/2624/2929/3234/3545/4050/4255/4460/4671/5185/55100/60PTFE 襯套 BOHLENDERPTFE Sleeve, Joint˙玻璃磨砂接頭用,可重複使用˙PTFE材質耐溫-200~250℃˙良好的耐化學性和溫度˙可用於中低真空系統A基礎實驗器材以上價格與規格僅供參考 , 請以實際報價為主 A-037襯套","https://ec.dgs.com.tw/catalog/files/basic-html/page49.html","https://ec.dgs.com.tw/catalog/catalog.html#p=49","2026-02-24T05:56:40.562Z"
"dgs_ecatalog-p50-c1","dgs_ecatalog","A","50","1","5","PTFE止漏帶 日製PTFE Sealing Tape貨號 WxL(cm) 厚度mm ea/bx 價格eaCS-170000 1.3x500 0.1 10 ˙PTFE材質˙耐溫-100~260℃˙可纏繞於金屬管,或玻璃磨砂口密合使用貨號 容量/刻度mL 誤差±mL H(mm) ea/cs 價格eaAG-3715000AG-3715001AG-3715003AG-3715005AG-3715010AG-3715025AG-3715050AG-3715100AG-37152005/0.110/0.225/0.550/1100/1250/2500/51000/102000/200.050.100.250.500.501.002.505.0010.001151401702002603353704505201010101010101011量筒 A級 witegClass A Cylinder, Graduated˙硼矽酸玻璃製成˙精度A級,DIN EN ISO 4788規範,DE-M標誌˙刻度形式In,刻度標示量等於內容量,可另行下載批次證書˙高型,棕色刻度,底座為六角形貨號 容量/刻度mL 誤差±mL H(mm) 價格eaAS320","https://ec.dgs.com.tw/catalog/files/basic-html/page50.html","https://ec.dgs.com.tw/catalog/catalog.html#p=50","2026-02-24T05:56:40.562Z"
"dgs_ecatalog-p50-c2","dgs_ecatalog","A","50","2","5","O 4788規範,DE-M標誌˙刻度形式In,刻度標示量等於內容量,可另行下載批次證書˙高型,棕色刻度,底座為六角形貨號 容量/刻度mL 誤差±mL H(mm) 價格eaAS3201-00005AS3201-00010AS3201-00025AS3201-00050AS3201-00100AS3201-00250AS3201-00500AS3201-01000AS3201-020005/0.110/0.225/0.550/1100/1250/2500/51000/102000/200.050.100.250.500.501.02.55.010.0115140170200260335365465505量筒 A級 PYREXClass A Cylinder, Graduated˙Pyrex硼矽酸玻璃製成˙精度A級,ISO 4788規範˙白色琺瑯刻度˙刻有序號˙印有批次代碼,可下載批次證書貨號 容量/刻度ml 誤差±ml ea/cs 價格eaANX-5149607ANX-5149608ANX-5149614ANX-5149617ANX-5149624ANX-5149636ANX-5149644ANX-5149654ANX-5149","https://ec.dgs.com.tw/catalog/files/basic-html/page50.html","https://ec.dgs.com.tw/catalog/catalog.html#p=50","2026-02-24T05:56:40.562Z"
"dgs_ecatalog-p50-c3","dgs_ecatalog","A","50","3","5","49607ANX-5149608ANX-5149614ANX-5149617ANX-5149624ANX-5149636ANX-5149644ANX-5149654ANX-51496635/0.110/0.225/0.550/1100/1250/2500/51000/102000/200.05 0.10 0.25 0.50 0.50 1.00 2.50 5.00 10.00222222111量筒 A級 NORMAXCylinder, Graduated, tall form, Class A˙硼矽酸玻璃製成˙精度A級,DIN EN ISO 4788規範˙刻度形式In,刻度標示量等於內容量˙附有批號和批次證書,符合ISO/IEC 17025標準˙高型,藍色刻度,底座為六角形貨號 容量/刻度mL 誤差±mL ea/cs 價格eaABO-3021005AABO-3021006AABO-3021008AABO-3021009AABO-3021012AABO-3021016AABO-3021018AABO-3021021AABO-3021024AABO-3021029AABO-3021030A5/0.110/0.220/125/0.5","https://ec.dgs.com.tw/catalog/files/basic-html/page50.html","https://ec.dgs.com.tw/catalog/catalog.html#p=50","2026-02-24T05:56:40.562Z"
"dgs_ecatalog-p50-c4","dgs_ecatalog","A","50","4","5","-3021016AABO-3021018AABO-3021021AABO-3021024AABO-3021029AABO-3021030A5/0.110/0.220/125/0.550/1100/1150/2250/2500/51000/102000/200.050.100.250.250.500.501.001.002.505.0010.005510101010510544量筒 A級 BOROSILCylinder, Graduated, tall form, Class A˙硼矽酸玻璃製成˙精度A級,DIN EN ISO 4788規範˙附有批號和批次證書˙茶色刻度,底座為六角形貨號 容量/刻度mL 誤差±mL ea/cs 價格eaABO-3021005DABO-3021006DABO-3021008DABO-3021009DABO-3021012DABO-3021016DABO-3021018DABO-3021021DABO-3021024DABO-3021029DABO-3021030D5/0.110/0.220/125/0.550/1100/1150/2250/2500/51000/102000/200.050.10","https://ec.dgs.com.tw/catalog/files/basic-html/page50.html","https://ec.dgs.com.tw/catalog/catalog.html#p=50","2026-02-24T05:56:40.562Z"
"dgs_ecatalog-p50-c5","dgs_ecatalog","A","50","5","5","BO-3021029DABO-3021030D5/0.110/0.220/125/0.550/1100/1150/2250/2500/51000/102000/200.050.100.250.250.500.501.001.002.505.0010.005510101010510544量筒 A級 獨立證書 BOROSILCylinder, Graduated, tall form, Class A˙硼矽酸玻璃製成˙精度A級,DIN EN ISO 4788規範˙瓶身均有獨立編號及附獨立證書˙茶色刻度,底座為六角形A基礎實驗器材A-038 以上價格與規格僅供參考 , 請以實際報價為主 玻璃量筒","https://ec.dgs.com.tw/catalog/files/basic-html/page50.html","https://ec.dgs.com.tw/catalog/catalog.html#p=50","2026-02-24T05:56:40.562Z"
"dgs_ecatalog-p51-c1","dgs_ecatalog","A","51","1","5","貨號 容量/刻度mL 誤差±mL H(mm) ea/cs 價格eaAIL-01501005AIL-01501010AIL-01501025AIL-01501050AIL-01501100AIL-01501250AIL-01501500AIL-01501901AIL-015019025/0.110/0.225/0.550/1100/1250/2500/51000/102000/200.050.100.250.500.501.002.505.0010.00115140170200260335370450520222222221量筒 A級 ISOLABClass A Cylinder, Graduated˙硼矽酸玻璃製成˙精度A級,DIN EN ISO 4788規範, DE-M標誌˙刻度形式 In,刻度標示量等於內容量,可另行下載批認證書˙高型,藍色刻度,底座為六角形量筒 A級 KIMBLEClass A Cylinder, Graduated˙KG-33 硼矽酸玻璃製成 ˙精度A級˙刻度形式TD,刻度標示量等於倒出量˙量筒底座為六角型˙容量25mL以上者附有保護環,防止量筒打翻時瓶口破損;容量10mL量筒,瓶口較寬大,防止倒入液","https://ec.dgs.com.tw/catalog/files/basic-html/page51.html","https://ec.dgs.com.tw/catalog/catalog.html#p=51","2026-02-24T05:56:40.562Z"
"dgs_ecatalog-p51-c2","dgs_ecatalog","A","51","2","5","3 硼矽酸玻璃製成 ˙精度A級˙刻度形式TD,刻度標示量等於倒出量˙量筒底座為六角型˙容量25mL以上者附有保護環,防止量筒打翻時瓶口破損;容量10mL量筒,瓶口較寬大,防止倒入液體時溢出˙附證書貨號 容量/刻度mL誤差±mLH(mm) 刻度範圍mL價格eaAK20026-00010AK20026-00025AK20026-00050AK20026-00100AK20026-00250AK20026-00500AK20026-0100010/0.125/0.250/1100/1250/2500/51000/100.090.170.250.400.801.302.501651951902553303754601~102~253~505~10010~25025~50050~1000 量筒 A級 KIMBLEClass A Cylinder, Graduated˙KG-33 硼矽酸玻璃製成˙精度A級˙刻度形式TD,刻度標示量等於倒出量˙量筒底座為六角型˙容量25mL以上者附有保護環,防止量筒打翻時瓶口破損貨號 容量/刻度mL誤差±mLH(mm)刻度範圍mL價格eaAK20028W-00010AK20028W-00025AK2002","https://ec.dgs.com.tw/catalog/files/basic-html/page51.html","https://ec.dgs.com.tw/catalog/catalog.html#p=51","2026-02-24T05:56:40.562Z"
"dgs_ecatalog-p51-c3","dgs_ecatalog","A","51","3","5","容量25mL以上者附有保護環,防止量筒打翻時瓶口破損貨號 容量/刻度mL誤差±mLH(mm)刻度範圍mL價格eaAK20028W-00010AK20028W-00025AK20028W-00050AK20028W-00100AK20028W-00250AK20028W-00500AK20028W-01000AK20028W-0200010/0.125/0.250/1100/1250/2500/51000/102000/200.090.170.250.400.801.302.506.001651951902553303754605201~102~253~505~10010~25025~50050~1000100~2000 背紅線量筒 KIMBLECylinder, Red Stripe˙KG-33硼矽酸玻璃製成˙精度B級˙刻度形式TD,刻度標示量等於倒出量˙瓶身為背紅線,容量刻度為反白標示,可清晰判讀˙容量25mL以上者附有保附環,防止量筒打翻時瓶口破損貨號 容量/刻度mL 誤差±mL H(mm) 價格eaAK20024D-00010AK20024D-00025AK20024D-00050AK20024D-00100AK200","https://ec.dgs.com.tw/catalog/files/basic-html/page51.html","https://ec.dgs.com.tw/catalog/catalog.html#p=51","2026-02-24T05:56:40.562Z"
"dgs_ecatalog-p51-c4","dgs_ecatalog","A","51","4","5","破損貨號 容量/刻度mL 誤差±mL H(mm) 價格eaAK20024D-00010AK20024D-00025AK20024D-00050AK20024D-00100AK20024D-00250AK20024D-00500AK20024D-01000AK20024D-0200010/0.125/0.250/1100/1250/2500/51000/102000/200.10.30.40.61.42.65.010.0165195190255330375460520量筒 經濟型Cylinder, Graduated˙硼矽酸玻璃製成˙具環狀刻劃與容量標示˙此款量筒為學生級量筒,適用於各級教學單位以及大部分之實驗室貨號 容量ml 價格eaDG1601-03DG1601-05DG1601-10DG1601-15DG1601-20DG1601-25DG1601-30DG1601-35DG1601-40510255010025050010002000量筒 KIMBLECylinder, Single White Metric Scale˙KG-33 硼矽酸玻璃製成˙刻度形式TD,刻度標示量等於倒出量˙此款量筒為學生級量筒,適用於各級教","https://ec.dgs.com.tw/catalog/files/basic-html/page51.html","https://ec.dgs.com.tw/catalog/catalog.html#p=51","2026-02-24T05:56:40.562Z"
"dgs_ecatalog-p51-c5","dgs_ecatalog","A","51","5","5","IMBLECylinder, Single White Metric Scale˙KG-33 硼矽酸玻璃製成˙刻度形式TD,刻度標示量等於倒出量˙此款量筒為學生級量筒,適用於各級教學單位以及大部分之實驗室貨號 容量/刻度mL H(mm) ea/bx/cs 價格eaAK20025K-00010AK20025K-00025AK20025K-00050AK20025K-00100AK20025K-00250AK20025K-00500AK20025K-01000AK20025K-0200010/0.225/0.550/1100/1250/2500/51000/102000/201351401902553303754605204/94/94/94/92/91/121/81/6 A基礎實驗器材以上價格與規格僅供參考 , 請以實際報價為主 A-039玻璃量筒","https://ec.dgs.com.tw/catalog/files/basic-html/page51.html","https://ec.dgs.com.tw/catalog/catalog.html#p=51","2026-02-24T05:56:40.562Z"
"dgs_ecatalog-p52-c1","dgs_ecatalog","A","52","1","6","貨號 容量/刻度mL 誤差±mL PE栓 價格eaAG-3754001AG-3754003AG-3754005AG-3754010AG-3754025AG-3754050AG-375410010/0.225/0.550/1100/1250/2500/51000/100.100.250.500.501.02.55.010/1914/2319/2624/2929/3234/3545/40有栓量筒 A級 witegClass A Cylinder, Graduated, Polyethylene Stopper˙硼矽酸玻璃製成˙精度A級,DIN EN ISO 4788規範, DE-M標誌˙刻度形式In,刻度標示量等於內容量,可另行下載批次證書˙高型,棕色刻度,底座為六角形貨號 容量/刻度mL誤差±mLH(mm) 磨砂塞 價格eaAS3212-00010AS3212-00025AS3212-00050AS3212-00100AS3212-00250AS3212-00500AS3212-01000AS3212-0200010/0.225/0.550/1100/1250/2500/51000/102000/200.100.250.500","https://ec.dgs.com.tw/catalog/files/basic-html/page52.html","https://ec.dgs.com.tw/catalog/catalog.html#p=52","2026-02-24T05:56:40.562Z"
"dgs_ecatalog-p52-c2","dgs_ecatalog","A","52","2","6","12-00500AS3212-01000AS3212-0200010/0.225/0.550/1100/1250/2500/51000/102000/200.100.250.500.501.02.55.010.015919322629136740350554510/1914/2319/2624/2929/3234/3545/4045/40有栓量筒 A級 PYREXClass A Cylinder, Graduated, Polyethylene Stopper˙Pyrex硼矽酸玻璃製成˙精度A級,ISO 4788規範˙白色琺瑯刻度,底座為六角形˙印有批次代碼,可下載批次證書˙附PE塑膠塞有栓量筒 A級 NORMAXClass A Cylinder, Graduated, Polyethylene Stopper˙硼矽酸玻璃製成˙精度A級,DIN EN ISO 4788規範˙刻度形式In,刻度標示量等於內容量˙附有批號和批次證書,符合ISO/IEC 17025標準˙高型,藍色刻度,底座為六角形˙附PE塑膠塞貨號 容量/刻度mL 誤差±mL 磨砂塞 ea/cs 價格eaANX-5181807ANX-5181808ANX-5181","https://ec.dgs.com.tw/catalog/files/basic-html/page52.html","https://ec.dgs.com.tw/catalog/catalog.html#p=52","2026-02-24T05:56:40.562Z"
"dgs_ecatalog-p52-c3","dgs_ecatalog","A","52","3","6","17025標準˙高型,藍色刻度,底座為六角形˙附PE塑膠塞貨號 容量/刻度mL 誤差±mL 磨砂塞 ea/cs 價格eaANX-5181807ANX-5181808ANX-5181814ANX-5181817ANX-5181824ANX-5181836ANX-5181844ANX-5181854ANX-51818635/0.110/0.225/0.550/1100/1250/2500/51000/102000/200.05 0.10 0.25 0.50 0.50 1.00 2.50 5.00 10.0010/1910/1914/2319/2624/2929/3234/3545/4045/40222222111有栓量筒 A級 BOROSILCylinder, Graduated, tall form, Class A, Glass Stopper˙硼矽酸玻璃製成˙精度A級,DIN EN ISO 4788規範˙附有批號和批次證書˙茶色刻度,底座為六角形,附玻璃塞貨號 容量/刻度mL誤差±mL磨砂塞 ea/bx 價格eaABO-2981005AABO-2981006AABO-2981009AABO-2981012AABO-2981","https://ec.dgs.com.tw/catalog/files/basic-html/page52.html","https://ec.dgs.com.tw/catalog/catalog.html#p=52","2026-02-24T05:56:40.562Z"
"dgs_ecatalog-p52-c4","dgs_ecatalog","A","52","4","6",",附玻璃塞貨號 容量/刻度mL誤差±mL磨砂塞 ea/bx 價格eaABO-2981005AABO-2981006AABO-2981009AABO-2981012AABO-2981016AABO-2981021AABO-2981024AABO-2981029AABO-2981030A5/0.110/0.225/0.550/1100/1250/2500/51000/102000/200.050.100.250.500.501.002.505.0010.0010/1910/1914/2314/2319/2624/2924/2934/3534/35551010105544有栓量筒 A級 獨立證書 BOROSILCylinder, Graduated, tall form, Class A, Glass Stopper˙硼矽酸玻璃製成˙精度A級,DIN EN ISO 4788規範˙瓶身均有獨立編號和獨立證書˙茶色刻度,底座為六角形,附玻璃塞貨號 容量/刻度mL誤差±mL磨砂塞 ea/bx 價格eaABO-2981005DABO-2981006DABO-2981009DABO-2981012DABO-2981016DABO-29810","https://ec.dgs.com.tw/catalog/files/basic-html/page52.html","https://ec.dgs.com.tw/catalog/catalog.html#p=52","2026-02-24T05:56:40.562Z"
"dgs_ecatalog-p52-c5","dgs_ecatalog","A","52","5","6","mL誤差±mL磨砂塞 ea/bx 價格eaABO-2981005DABO-2981006DABO-2981009DABO-2981012DABO-2981016DABO-2981021DABO-2981024DABO-2981029DABO-2981030D5/0.110/0.225/0.550/1100/1250/2500/51000/102000/200.050.100.250.500.501.002.505.0010.0010/1910/1914/2314/2319/2624/2924/2934/3534/35551010105544有栓量筒 A級 ISOLABClass A Cylinder, Graduated,Polyethylene Stopper˙硼矽酸玻璃製成˙精度A級,DIN EN ISO 4788規範,DE-M標誌˙刻度形式In,刻度標示量等於內容量,可另行下載批次證書˙高型,藍色刻度,底座為六角形貨號 容量/刻度mL 誤差±mL H(mm) ea/bx 價格eaAIL-01601010AIL-01601025AIL-01601050AIL-01601100AIL-01601250AIL-0160150","https://ec.dgs.com.tw/catalog/files/basic-html/page52.html","https://ec.dgs.com.tw/catalog/catalog.html#p=52","2026-02-24T05:56:40.562Z"
"dgs_ecatalog-p52-c6","dgs_ecatalog","A","52","6","6","mL H(mm) ea/bx 價格eaAIL-01601010AIL-01601025AIL-01601050AIL-01601100AIL-01601250AIL-01601500AIL-0160190110/0.225/0.550/1100/1250/2500/51000/100.100.250.500.501.002.505.001401702002603353704502222221A基礎實驗器材A-040 以上價格與規格僅供參考 , 請以實際報價為主 玻璃量筒","https://ec.dgs.com.tw/catalog/files/basic-html/page52.html","https://ec.dgs.com.tw/catalog/catalog.html#p=52","2026-02-24T05:56:40.562Z"
"dgs_ecatalog-p53-c1","dgs_ecatalog","A","53","1","4","量筒 PP KartellCylinder, PP Class B˙PP材質,可耐高溫高壓滅菌˙環狀刻劃,由鑄模浮刻於量筒表面˙半透明˙量筒底座為五角形貨號 容量/刻度mL 誤差±mL ØxH(mm) 價格eaBK-1075BK-1077BK-1078BK-1079BK-1080BK-1081BK-1082BK-109410/0.225/0.550/1100/1250/2500/51000/102000/200.20.51.01.02.05.010.020.013.5x14018x19525.5x19930.5x24941.5x31555x36166x43984x531量筒 PP 藍色刻劃Kartell Cylinder, Blue Graduated, PP Class B˙PP材質,可耐高溫高壓滅菌˙藍色環狀刻劃線˙半透明˙量筒底座為五角形貨號 容量/刻度mL 誤差±mL ØxH(mm) 價格eaBK-2560BK-2561BK-2562BK-2563BK-2564BK-2565BK-2566BK-256710/0.225/0.550/1100/1250/2500/51000/102000/200.20.51.01.02","https://ec.dgs.com.tw/catalog/files/basic-html/page53.html","https://ec.dgs.com.tw/catalog/catalog.html#p=53","2026-02-24T05:56:40.562Z"
"dgs_ecatalog-p53-c2","dgs_ecatalog","A","53","2","4","2563BK-2564BK-2565BK-2566BK-256710/0.225/0.550/1100/1250/2500/51000/102000/200.20.51.01.02.05.010.020.013.5x14018x19525.5x19930.5x24941.5x31555x36166x43984x531量筒 PP VITLABCylinder, PP˙PP材質˙環狀刻劃,由鑄模浮刻於量筒表面˙半透明˙量筒底座為六角形貨號 容量/刻度mL 誤差±mL ØxH(mm) 價格eaBV-646941BV-647941BV-648941BV-649941BV-650941BV-651941BV-652941BV-65394110/0.225/0.550/1100/1250/2500/51000/102000/200.20.51125102015x14522x17027x20033x25044x31558x36069x44097x482 量筒 TPX KartellCylinder, TPX Class B˙TPX(PMP)材質,可耐高溫高壓至170℃˙環狀刻劃,由鑄模浮刻於量筒表面˙透明度佳˙量筒底座為五角形貨號 容量/","https://ec.dgs.com.tw/catalog/files/basic-html/page53.html","https://ec.dgs.com.tw/catalog/catalog.html#p=53","2026-02-24T05:56:40.562Z"
"dgs_ecatalog-p53-c3","dgs_ecatalog","A","53","3","4","PX KartellCylinder, TPX Class B˙TPX(PMP)材質,可耐高溫高壓至170℃˙環狀刻劃,由鑄模浮刻於量筒表面˙透明度佳˙量筒底座為五角形貨號 容量/刻度mL 誤差±mL ØxH(mm) 價格eaBK-1570BK-1571BK-1572BK-1573BK-1574BK-1575BK-1576BK-157710/0.225/0.550/1100/1250/2500/51000/102000/200.20.51.01.02.05.010.020.013.5x13918.5x19526x19931x24941.5x31555x36166x43884x531貨號 容量mL 誤差±mL 磨砂塞 ea/cs 價格eaAG-3664000AG-3664015AG-3664001AG-3664012AG-3664002AG-3664003AG-3664006AG-3664005AG-3664011AG-3664020AG-3664025AG-3664050AG-3664100AG-366420055101020255050100200250500100020000.0250.040.0250.040.040.","https://ec.dgs.com.tw/catalog/files/basic-html/page53.html","https://ec.dgs.com.tw/catalog/catalog.html#p=53","2026-02-24T05:56:40.562Z"
"dgs_ecatalog-p53-c4","dgs_ecatalog","A","53","4","4","25AG-3664050AG-3664100AG-366420055101020255050100200250500100020000.0250.040.0250.040.040.040.10.060.100.150.150.250.40.67/1610/197/1610/1910/1910/1914/2312/2114/2314/2314/2319/2624/2929/321010101010101010101010101010量瓶 A級 witegFlask, Volumetric, Class A˙硼矽酸玻璃製成˙精度A級,DIN EN ISO 1042規範,DE-M標誌˙刻度形式 In,刻度標示量等於內容量,可另行下載批次證書˙棕色環狀刻劃印於量瓶頸部˙附PE塑膠量瓶塞A基礎實驗器材以上價格與規格僅供參考 , 請以實際報價為主 A-041塑膠量筒","https://ec.dgs.com.tw/catalog/files/basic-html/page53.html","https://ec.dgs.com.tw/catalog/catalog.html#p=53","2026-02-24T05:56:40.562Z"
"dgs_ecatalog-p54-c1","dgs_ecatalog","A","54","1","5","貨號 容量mL 誤差±mL 磨砂塞 ea/cs 價格eaANX-3168607ANX-3168606ANX-3168608ANX-3168609ANX-3168612ANX-3168614ANX-3168617ANX-3168618ANX-3168624ANX-3168626ANX-3168627ANX-3168632ANX-3168636ANX-3168644ANX-3168654ANX-316866355101020255050100100150200250500100020000.025 0.040 0.025 0.040 0.040 0.040 0.060 0.100 0.100 0.100 0.150 0.150 0.150 0.250 0.400 0.600 7/1610/197/1610/1910/1910/1912/2114/2312/2114/2314/2314/2314/2319/2624/2929/321122222222222222量瓶 A級 NORMAXFlask, Volumetric, Class A, Polyethylene Stopper˙Boro3.3硼矽酸玻璃製成˙精度A級,DIN E","https://ec.dgs.com.tw/catalog/files/basic-html/page54.html","https://ec.dgs.com.tw/catalog/catalog.html#p=54","2026-02-24T05:56:40.562Z"
"dgs_ecatalog-p54-c2","dgs_ecatalog","A","54","2","5","2222量瓶 A級 NORMAXFlask, Volumetric, Class A, Polyethylene Stopper˙Boro3.3硼矽酸玻璃製成˙精度A級,DIN EN ISO 1042規範˙刻度形式In,刻度標示量等於內容量˙藍色環狀刻劃印於量瓶頸部˙附有批號和批次證書,符合ISO/IEC 17025標準˙附PE塑膠量瓶塞貨號 容量mL 誤差±mL 磨砂塞 ea/cs 價格eaAIL-01313001AIL-01313002AIL-01301005AIL-01301010AIL-01301020AIL-01301025AIL-01301050AIL-01301051AIL-01301100AIL-01301101AIL-01301200AIL-01301250AIL-01301500AIL-01301901AIL-013019021251020255050100100200250500100020000.0250.0250.0250.0250.040.040.060.060.100.100.150.150.250.400.607/167/1610/1910/1910/1910/1912/2114/2312/2","https://ec.dgs.com.tw/catalog/files/basic-html/page54.html","https://ec.dgs.com.tw/catalog/catalog.html#p=54","2026-02-24T05:56:40.562Z"
"dgs_ecatalog-p54-c3","dgs_ecatalog","A","54","3","5",".0250.040.040.060.060.100.100.150.150.250.400.607/167/1610/1910/1910/1910/1912/2114/2312/2114/2314/2314/2319/2624/2929/32222222222222222量瓶 A級 ISOLABFlask, Volumetric, Class A˙硼矽酸玻璃製成˙精度A級,DIN EN ISO 1042規範,DE-M標誌˙刻度形式 In,刻度標示量等於內容量,可另行下載批次證書˙藍色環狀刻劃印於量瓶頸部˙附PE塑膠量瓶塞量瓶 A級 PYREXFlask, Volumetric, Class A˙PYREX硼矽酸玻璃製成˙精度A級,符合ISO 1042和DIN 12664˙校準至美國藥典(USP)要求的公差,該公差比ISO/DIN標準的公差更嚴格˙刻度形式In,刻度標示量等於內容量˙具獨立的序號,批號和生產日期以雷射蝕刻,可另行下載批次證書˙附PE塑膠量瓶塞貨號 容量mL 誤差±mL 磨口 價格eaAS3151-00001AS3151-00002AS3151-00005AS3151-00010AS3151-00020AS315","https://ec.dgs.com.tw/catalog/files/basic-html/page54.html","https://ec.dgs.com.tw/catalog/catalog.html#p=54","2026-02-24T05:56:40.562Z"
"dgs_ecatalog-p54-c4","dgs_ecatalog","A","54","4","5","膠量瓶塞貨號 容量mL 誤差±mL 磨口 價格eaAS3151-00001AS3151-00002AS3151-00005AS3151-00010AS3151-00020AS3151-00025AS3151-00050AS3151-00100AS3151-00200AS3151-00250AS3151-00500AS3151-01000AS3151-0200012510202550100200250500100020000.020.020.020.020.030.030.050.080.100.120.200.300.507/167/1610/1910/1910/1910/1912/2114/2314/2314/2319/2624/2929/32貨號 容量mL 誤差±mL 磨砂塞 ea/cs 價格eaABO-5640001AABO-5640002AABO-5640005AABO-5640006AABO-5640008AABO-5640009AABO-5640012AABO-5640016AABO-5640020AABO-5640021AABO-5640024AABO-5640029AABO-5640030AABO-56400","https://ec.dgs.com.tw/catalog/files/basic-html/page54.html","https://ec.dgs.com.tw/catalog/catalog.html#p=54","2026-02-24T05:56:40.562Z"
"dgs_ecatalog-p54-c5","dgs_ecatalog","A","54","5","5","-5640012AABO-5640016AABO-5640020AABO-5640021AABO-5640024AABO-5640029AABO-5640030AABO-5640033A125102025501002002505001000200050000.0250.0250.0250.0250.040.040.060.100.150.150.250.400.601.207/167/167/167/1610/1910/1912/2114/2314/2314/2319/2624/2929/3234/3555555510101010101021量瓶 A級 BOROSILFlask, Volumetric, Class A, Glass Stopper˙硼矽酸玻璃製成˙精度A級,DIN EN ISO 1042規範˙白色環狀刻劃印於量瓶頸部˙附玻璃量瓶塞˙附有批號和批次證書A基礎實驗器材A-042 以上價格與規格僅供參考 , 請以實際報價為主 玻璃量瓶","https://ec.dgs.com.tw/catalog/files/basic-html/page54.html","https://ec.dgs.com.tw/catalog/catalog.html#p=54","2026-02-24T05:56:40.562Z"
"dgs_ecatalog-p55-c1","dgs_ecatalog","A","55","1","5","貨號 容量mL 誤差±mL 磨砂塞 ea/cs 價格eaABO-5640001DABO-5640002DABO-5640005DABO-5640006DABO-5640008DABO-5640009DABO-5640012DABO-5640016DABO-5640020DABO-5640021DABO-5640024DABO-5640029DABO-5640030DABO-5640033D125102025501002002505001000200050000.0250.0250.0250.0250.040.040.060.100.150.150.250.400.601.207/167/167/167/1610/1910/1912/2114/2314/2314/2319/2624/2929/3234/3555555510101010101021量瓶 A級 獨立證書 BOROSILFlask, Volumetric, Class A, Glass Stopper˙硼矽酸玻璃製成˙精度A級,DIN EN ISO 1042規範˙白色環狀刻劃印於量瓶頸部˙附玻璃量瓶塞˙瓶身均有獨立編號和獨立證書量瓶 A級 KIMBLEFlask,","https://ec.dgs.com.tw/catalog/files/basic-html/page55.html","https://ec.dgs.com.tw/catalog/catalog.html#p=55","2026-02-24T05:56:40.562Z"
"dgs_ecatalog-p55-c2","dgs_ecatalog","A","55","2","5","topper˙硼矽酸玻璃製成˙精度A級,DIN EN ISO 1042規範˙白色環狀刻劃印於量瓶頸部˙附玻璃量瓶塞˙瓶身均有獨立編號和獨立證書量瓶 A級 KIMBLEFlask, Volumetric, Class A˙KG-33硼矽酸玻璃製成˙精度A級,容量1mL、2mL為ASTM E237規範,容量5mL以上為ASTM E288規範˙刻度形式TC,刻度標示量等於內容量˙附玻璃磨砂塞貨號 容量mL 誤差±mL 磨砂塞 價格eaAK28014-00001AK28014-00002AK28014-00005AK28014-00010AK28014-00025AK28014-00050AK28014-00100AK28014-00200AK28014-00250AK28014-00500AK28014-01000AK28014-02000125102550100200250500100020000.010.0150.020.020.030.050.080.100.120.200.300.50#8#8#9#9#9#9#13#16#16#19#22#27量瓶 A級 KIMBLEFlask, Volumetric, Class A˙K","https://ec.dgs.com.tw/catalog/files/basic-html/page55.html","https://ec.dgs.com.tw/catalog/catalog.html#p=55","2026-02-24T05:56:40.562Z"
"dgs_ecatalog-p55-c3","dgs_ecatalog","A","55","3","5","0.100.120.200.300.50#8#8#9#9#9#9#13#16#16#19#22#27量瓶 A級 KIMBLEFlask, Volumetric, Class A˙KG-33硼矽酸玻璃製成˙精度A級˙刻度形式TC,刻度標示量等於內容量˙附PE塑膠量瓶塞貨號 容量mL 誤差±mL 磨砂塞 價格eaAK28014P-00005AK28014P-00010AK28014P-00025AK28014P-00050AK28014P-00100AK28014P-00200AK28014P-00250AK28014P-00500AK28014P-01000AK28014P-020005102550100200250500100020000.020.020.030.050.080.100.120.200.300.50#9#9#9#9#13#16#16#19#22#27量瓶 A級 背紅線KIMBLEFlask, Volumetric, Red Stripe, Class A˙KG-33硼矽酸玻璃製成˙精度A級,附玻璃栓˙量瓶頸部有一與瓶身垂直之紅背線,並有一環狀之刻度,易於觀察其容量˙刻度標示量等於內容量貨號 容量mL 誤差±m","https://ec.dgs.com.tw/catalog/files/basic-html/page55.html","https://ec.dgs.com.tw/catalog/catalog.html#p=55","2026-02-24T05:56:40.562Z"
"dgs_ecatalog-p55-c4","dgs_ecatalog","A","55","4","5","pe, Class A˙KG-33硼矽酸玻璃製成˙精度A級,附玻璃栓˙量瓶頸部有一與瓶身垂直之紅背線,並有一環狀之刻度,易於觀察其容量˙刻度標示量等於內容量貨號 容量mL 誤差±mL 磨砂塞 價格eaAK28013-00025AK28013-00050AK28013-00100AK28013-00200AK28013-00250AK28013-00500AK28013-01000AK28013-020002550100200250500100020000.030.050.080.100.120.200.300.50#9#9#13#16#16#19#22#27量瓶 A級 安全披覆 KIMBLEFlask, Volumetric, Class A˙KG-33硼矽酸玻璃製成˙精度A級˙刻度形式TC,刻度標示量等於內容量˙瓶身具安全披覆,以避免瓶身打破時內裝藥劑外流˙附玻璃磨砂塞貨號 容量mL 誤差±mL 磨砂塞 ea/cs 價格eaAKC28014-00100AKC28014-00250AKC28014-00500AKC28014-01000AKC28014-02000100250500100020000.080.120.200.","https://ec.dgs.com.tw/catalog/files/basic-html/page55.html","https://ec.dgs.com.tw/catalog/catalog.html#p=55","2026-02-24T05:56:40.562Z"
"dgs_ecatalog-p55-c5","dgs_ecatalog","A","55","5","5","100AKC28014-00250AKC28014-00500AKC28014-01000AKC28014-02000100250500100020000.080.120.200.300.50#13#16#19#22#2712121242 A基礎實驗器材以上價格與規格僅供參考 , 請以實際報價為主 A-043玻璃量瓶","https://ec.dgs.com.tw/catalog/files/basic-html/page55.html","https://ec.dgs.com.tw/catalog/catalog.html#p=55","2026-02-24T05:56:40.562Z"
"dgs_ecatalog-p56-c1","dgs_ecatalog","A","56","1","4","量瓶玻璃栓 經濟型Flask, Volumetric, Glass Stopper˙硼矽酸玻璃製成˙此款量瓶為經濟型量瓶,價格低廉,適用於一般之實驗室˙刻度標示量等於內容量貨號 容量mL 價格eaDG1621-50DG1621-52DG1621-54DG1621-56DG1621-58DG1621-60DG1621-62DG1621-64DG1621-66DG1621-68510255010020025050010002000微量量瓶 KIMBLEFlask, Volumetric, Micro, Class A˙KG-33硼矽酸玻璃製成˙精度A級˙量瓶身印有序號,並附有證書 ˙刻度形式TC,刻度標示量等於內容量˙附玻璃磨砂塞,5mL以下使用8號磨砂塞,10mL以上使用9號磨砂塞貨號 容量mL 誤差±mL H(mm) 價格eaAK28017A-00001AK28017A-00002AK28017A-00005AK28017A-00010AK28017A-0002512510250.010.0150.020.020.03949499125153微量量瓶 A級 NORMAXFlask, Volumetric, Micro, Cl","https://ec.dgs.com.tw/catalog/files/basic-html/page56.html","https://ec.dgs.com.tw/catalog/catalog.html#p=56","2026-02-24T05:56:40.562Z"
"dgs_ecatalog-p56-c2","dgs_ecatalog","A","56","2","4","7A-0002512510250.010.0150.020.020.03949499125153微量量瓶 A級 NORMAXFlask, Volumetric, Micro, Class A˙Boro3.3硼矽酸玻璃製成˙精度A級,DIN EN ISO 1042規範˙刻度形式In,刻度標示量等於內容量˙藍色環狀刻劃印於量瓶頸部˙附有批號和批次證書,符合ISO/IEC 17025標準˙附PE塑膠量瓶塞貨號 容量mL 誤差±mL 磨砂塞 ea/cs 價格eaANX-3168401ANX-3168402120.025 0.025 7/167/1611方型量瓶 A級 雙標示線ＫIMBLEFlask, Volumetric, Micro, Class A˙KG-33硼矽酸玻璃製成˙精度A級˙具雙標示線,TC刻度標示量等於內容量,TD刻度標示量等於倒出量˙方型造型節省25~30%存放空間˙附玻璃磨砂塞,500mL使用19號磨砂塞,900mL使用22號磨砂塞貨號 容量mL 誤差±mL H(mm) ea/cs 價格eaAK28046-00500AK28046-00900500900TC線 0.20TD線 0.40TC線 0.35TD線 0.","https://ec.dgs.com.tw/catalog/files/basic-html/page56.html","https://ec.dgs.com.tw/catalog/catalog.html#p=56","2026-02-24T05:56:40.562Z"
"dgs_ecatalog-p56-c3","dgs_ecatalog","A","56","3","4","容量mL 誤差±mL H(mm) ea/cs 價格eaAK28046-00500AK28046-00900500900TC線 0.20TD線 0.40TC線 0.35TD線 0.7532036011科耳勞奇量瓶 A級 KIMBLEFlask, Volumetric, Kohlrausch, Class A˙KG-33硼矽酸玻璃製成˙精度A級˙刻度形式TC,刻度標示量等於內容量˙具擴大的瓶口,以便於固體樣品放入˙刻度印於量瓶頸部貨號 容量mL 誤差±mL H(mm) ea/bx/cs 價格eaAK28100-00100AK28100-00200AK28100-005001002005000.100.100.201592002642/122/122/6茶色量瓶 A級 witegFlask,Volumetric,Class A,Amber˙硼矽酸玻璃製成˙精度A級,DIN EN ISO 1042規範, DE-M標誌˙刻度形式 In,刻度標示量等於內容 量,可另行下載批次證書˙白色環狀刻劃印於量瓶頸部˙附玻璃量瓶塞貨號 容量mL 誤差±mL 磨砂塞 ea/cs 價格eaAG-3670015AG-3670012AG-3670002A","https://ec.dgs.com.tw/catalog/files/basic-html/page56.html","https://ec.dgs.com.tw/catalog/catalog.html#p=56","2026-02-24T05:56:40.562Z"
"dgs_ecatalog-p56-c4","dgs_ecatalog","A","56","4","4","量,可另行下載批次證書˙白色環狀刻劃印於量瓶頸部˙附玻璃量瓶塞貨號 容量mL 誤差±mL 磨砂塞 ea/cs 價格eaAG-3670015AG-3670012AG-3670002AG-3670003AG-3670006AG-3670011AG-3670020AG-3670025AG-3670050AG-3670100AG-3670200510202550100200250500100020000.040.040.040.040.100.100.150.150.250.400.610/1910/1910/1910/1914/2314/2314/2314/2319/2624/2929/321010101010101010101010 A基礎實驗器材A-044 以上價格與規格僅供參考 , 請以實際報價為主 茶色量瓶","https://ec.dgs.com.tw/catalog/files/basic-html/page56.html","https://ec.dgs.com.tw/catalog/catalog.html#p=56","2026-02-24T05:56:40.562Z"
"dgs_ecatalog-p57-c1","dgs_ecatalog","A","57","1","5","茶色量瓶 A級 KIMBLEFlask, Volumetric, RAY-SORB, Class A, PTFE Stopper˙KG-33硼矽酸玻璃製成˙精度A級˙刻度形式TC,刻度標示量等於內容量˙RAY-SORB材質可保護量瓶中之物質免於短波光之侵害˙附PTFE材質量瓶塞貨號 容量mL 誤差±mL 磨砂塞 價格eaAK28016-00010AK28016-00025AK28016-00050AK28016-00100AK28016-00200AK28016-00250AK28016-00500AK28016-0100010255010020025050010000.020.030.050.080.100.120.200.30#9#9#9#13#16#16#19#22茶色量瓶 A級 PYREXFlask , Volumetric, Class A, Amber, USP/ISO/DIN tolerances˙Pyrex硼矽酸玻璃製成˙精度A級,符合ISO 1042和DIN 12664˙校準至美國藥典(USP)要求的公差,該公差比ISO/DIN標準的公差更嚴格˙刻度形式In,刻度標示量等於內容量˙具獨立的序號,批號和生產日","https://ec.dgs.com.tw/catalog/files/basic-html/page57.html","https://ec.dgs.com.tw/catalog/catalog.html#p=57","2026-02-24T05:56:40.562Z"
"dgs_ecatalog-p57-c2","dgs_ecatalog","A","57","2","5","符合ISO 1042和DIN 12664˙校準至美國藥典(USP)要求的公差,該公差比ISO/DIN標準的公差更嚴格˙刻度形式In,刻度標示量等於內容量˙具獨立的序號,批號和生產日期以雷射蝕刻,可另行下載批次證書˙白色琺瑯標示,附PE塑膠量瓶塞貨號 容量mL 誤差±mL 磨砂塞 價格eaAS3152-00005AS3152-00010AS3152-00025AS3152-00050AS3152-00100AS3152-00200AS3152-00250AS3152-00500AS3152-01000AS3152-020005102550100200250500100020000.020.020.030.050.080.100.120.200.300.5010/1910/1910/1912/2114/2314/2314/2319/2624/2929/32 茶色量瓶 A級 NORMAXFlask, Volumetric, Class A, Amber, Polyethylene Stopper˙Boro3.3硼矽酸玻璃製成˙精度A級,DIN EN ISO 1042規範˙刻度形式In,刻度標示量等於內容量˙白色環狀刻劃印於量瓶頸部","https://ec.dgs.com.tw/catalog/files/basic-html/page57.html","https://ec.dgs.com.tw/catalog/catalog.html#p=57","2026-02-24T05:56:40.562Z"
"dgs_ecatalog-p57-c3","dgs_ecatalog","A","57","3","5","Polyethylene Stopper˙Boro3.3硼矽酸玻璃製成˙精度A級,DIN EN ISO 1042規範˙刻度形式In,刻度標示量等於內容量˙白色環狀刻劃印於量瓶頸部˙附有批號和批次證書,符合ISO/IEC 17025標準˙附PE塑膠量瓶塞貨號 容量ml 誤差±ml 磨砂塞 ea/cs 價格eaANX-3188607ANX-3188606ANX-3188608ANX-3188609ANX-3188612ANX-3188614ANX-3188617ANX-3188618ANX-3188626ANX-3188627ANX-3188632ANX-3188636ANX-3188644ANX-3188654ANX-318866355101020255050100150200250500100020000.025 0.400 0.025 0.040 0.040 0.040 0.060 0.100 0.100 0.150 0.150 0.150 0.250 0.400 0.600 7/1610/197/1610/1910/1910/1912/2114/2314/2314/2314/2314/2319/2624/2929/32","https://ec.dgs.com.tw/catalog/files/basic-html/page57.html","https://ec.dgs.com.tw/catalog/catalog.html#p=57","2026-02-24T05:56:40.562Z"
"dgs_ecatalog-p57-c4","dgs_ecatalog","A","57","4","5",".250 0.400 0.600 7/1610/197/1610/1910/1910/1912/2114/2314/2314/2314/2314/2319/2624/2929/32112222222222222 貨號 容量mL 誤差±mL 磨砂塞 ea/cs 價格eaABO-5648P05AABO-5648P06AABO-5648P08AABO-5648P09AABO-5648P12AABO-5648P16AABO-5648P20AABO-5648P21AABO-5648P24AABO-5648P29AABO-5648P30A510202550100200250500100020000.0250.0250.040.040.060.100.150.150.250.400.607/167/1610/1910/1912/2114/2314/2314/2319/2624/2929/3255551010101010102茶色量瓶 A級 BOROSILFlask, Volumetric, Class A, Amber, PP Stopper˙硼矽酸玻璃製成˙精度A級,DIN EN ISO 1042規範˙白色環狀刻劃印於量瓶頸部˙附PP塑","https://ec.dgs.com.tw/catalog/files/basic-html/page57.html","https://ec.dgs.com.tw/catalog/catalog.html#p=57","2026-02-24T05:56:40.562Z"
"dgs_ecatalog-p57-c5","dgs_ecatalog","A","57","5","5","k, Volumetric, Class A, Amber, PP Stopper˙硼矽酸玻璃製成˙精度A級,DIN EN ISO 1042規範˙白色環狀刻劃印於量瓶頸部˙附PP塑膠量瓶塞˙附有批號和批次證書A基礎實驗器材以上價格與規格僅供參考 , 請以實際報價為主 A-045茶色量瓶","https://ec.dgs.com.tw/catalog/files/basic-html/page57.html","https://ec.dgs.com.tw/catalog/catalog.html#p=57","2026-02-24T05:56:40.562Z"
"dgs_ecatalog-p58-c1","dgs_ecatalog","A","58","1","5","貨號 容量mL 誤差±mL 磨砂塞 ea/cs 價格eaABO-5648P05DABO-5648P06DABO-5648P08DABO-5648P09DABO-5648P12DABO-5648P16DABO-5648P20DABO-5648P21DABO-5648P24DABO-5648P29DABO-5648P30D510202550100200250500100020000.0250.0250.040.040.060.100.150.150.250.400.607/167/1610/1910/1912/2114/2314/2314/2319/2624/2929/3255551010101010102茶色量瓶 A級 獨立證書 BOROSILFlask, Volumetric, Class A, Amber, PP Stopper˙硼矽酸玻璃製成˙精度A級,DIN EN ISO 1042規範˙白色環狀刻劃印於量瓶頸部˙附PP塑膠量瓶塞˙瓶身均有獨立編號和獨立證書茶色量瓶 A級 ISOLABFlask, Volumetric, Class A, Amber˙硼矽酸玻璃製成˙精度A級,DIN EN ISO 1042規範,DE-M","https://ec.dgs.com.tw/catalog/files/basic-html/page58.html","https://ec.dgs.com.tw/catalog/catalog.html#p=58","2026-02-24T05:56:40.562Z"
"dgs_ecatalog-p58-c2","dgs_ecatalog","A","58","2","5","編號和獨立證書茶色量瓶 A級 ISOLABFlask, Volumetric, Class A, Amber˙硼矽酸玻璃製成˙精度A級,DIN EN ISO 1042規範,DE-M標誌˙刻度形式 In,刻度標示量等於內容量,可另行下載批次證書˙白色環狀刻劃印於量瓶頸部˙附PE塑膠量瓶塞貨號 容量mL 誤差±mL 磨砂塞 ea/cs 價格eaAIL-01315001AIL-01315002AIL-01401005AIL-01401010AIL-01401020AIL-01401025AIL-01401051AIL-01401101AIL-01401200AIL-01401250AIL-01401500AIL-01401901AIL-0140190212510202550100200250500100020000.0250.0250.040.040.040.040.100.100.150.150.250.400.607/167/1610/1910/1910/1910/1914/2314/2314/2314/2319/2624/2929/322222222222222 茶色量瓶玻璃栓 經濟型Flask, Volumetric, G","https://ec.dgs.com.tw/catalog/files/basic-html/page58.html","https://ec.dgs.com.tw/catalog/catalog.html#p=58","2026-02-24T05:56:40.562Z"
"dgs_ecatalog-p58-c3","dgs_ecatalog","A","58","3","5","10/1910/1914/2314/2314/2314/2319/2624/2929/322222222222222 茶色量瓶玻璃栓 經濟型Flask, Volumetric, Glass Stopper˙硼矽酸玻璃製成˙此款量瓶為經濟型量瓶,價格低廉,最適用於一般之實驗室˙刻度標示量等於內容量貨號 容量mL 價格eaDG1622-50DG1622-52DG1622-54DG1622-56DG1622-58DG1622-62DG1622-64DG1622-6651025501002505001000量瓶 A級 PMP VITLABFlask, Volumetric, PMP ,Class A˙PMP材質,半透明˙精度A級,DIN EN ISO 1042規範˙瓶身印刷批號和附批次證書˙刻度形式 In,刻度標示量等於內容量˙白色環狀刻劃印於瓶身表面˙附PP量瓶塞˙可高溫高壓滅菌,不建議在高於60℃的溫度下清潔貨號 容量mL 誤差±mL H(mm) 磨砂塞 價格eaBV-67704BV-67104BV-67204BV-67304BV-67404BV-67504BV-6760410255010025050010000.040.040","https://ec.dgs.com.tw/catalog/files/basic-html/page58.html","https://ec.dgs.com.tw/catalog/catalog.html#p=58","2026-02-24T05:56:40.562Z"
"dgs_ecatalog-p58-c4","dgs_ecatalog","A","58","4","5","塞 價格eaBV-67704BV-67104BV-67204BV-67304BV-67404BV-67504BV-6760410255010025050010000.040.040.060.100.150.250.409011515018023527031010/1910/1912/2114/2319/2619/2624/29 茶色量瓶 A級 PMP VITLABFlask, Volumetric, PMP ,Class A,Amber˙PMP材質,茶色半透明,防紫外線穿透˙精度A級,DIN EN ISO 1042規範˙瓶身印刷批號和附批次證書˙刻度形式 In,刻度標示量等於內容量˙白色環狀刻劃印於瓶身表面˙附PP量瓶塞˙可高溫高壓滅菌,不建議在高於60℃的溫度下清潔貨號 容量mL 誤差±mL H(mm) 磨砂塞 價格eaBV-670950BV-671950BV-672950BV-673950BV-674950BV-675950BV-67695010255010025050010000.040.040.060.100.150.250.409011515018023527031010/1910/1912/2114/2319/2","https://ec.dgs.com.tw/catalog/files/basic-html/page58.html","https://ec.dgs.com.tw/catalog/catalog.html#p=58","2026-02-24T05:56:40.562Z"
"dgs_ecatalog-p58-c5","dgs_ecatalog","A","58","5","5","0255010025050010000.040.040.060.100.150.250.409011515018023527031010/1910/1912/2114/2319/2619/2624/29 A基礎實驗器材A-046 以上價格與規格僅供參考 , 請以實際報價為主 塑膠量瓶","https://ec.dgs.com.tw/catalog/files/basic-html/page58.html","https://ec.dgs.com.tw/catalog/catalog.html#p=58","2026-02-24T05:56:40.562Z"
"dgs_ecatalog-p59-c1","dgs_ecatalog","A","59","1","4","量瓶 PP KartellVolumetric Flask, PP˙PP材質˙紅色環狀刻劃印於瓶身表面˙半透明˙附量瓶塞貨號 容量mL 誤差±mL H(mm) 磨砂塞 價格eaBK-1484BK-1485BK-1486BK-1487BK-1488BK-1489255010025050010000.51.01.02.05.010.012114317422526532512/2114/2314/2319/2619/2619/26 量瓶 PP VITLABVolumetric Flask , PP, Class B˙PP材質˙藍色環狀刻劃印於瓶身表面˙半透明˙附量瓶塞貨號 容量mL 誤差±mL H(mm) 磨砂塞 價格eaBV-677941BV-671941BV-672941BV-673941BV-674941BV-675941BV-67694110255010025050010000.080.080.120.20.30.50.89011515018023527031010/1910/1912/2114/2319/2619/2624/29量瓶 TPX KartellVolumetric Flask, TPX˙TPX材質,可耐高溫高","https://ec.dgs.com.tw/catalog/files/basic-html/page59.html","https://ec.dgs.com.tw/catalog/catalog.html#p=59","2026-02-24T05:56:40.562Z"
"dgs_ecatalog-p59-c2","dgs_ecatalog","A","59","2","4","3527031010/1910/1912/2114/2319/2619/2624/29量瓶 TPX KartellVolumetric Flask, TPX˙TPX材質,可耐高溫高壓至170℃˙紅色環狀刻劃印於瓶身表面˙易於讀取˙附量瓶塞貨號 容量mL 誤差±mL H(mm) 磨砂塞 價格eaBK-2485BK-2486BK-2487BK-2488BK-24895010025050010001.01.02.05.010.014317422526532514/2314/2319/2619/2619/26量瓶 PMP VITLABVolumetric Flasks, PMP, Class B˙TPX(PMP)材質,半透明˙紅色環狀刻劃印於瓶身表面˙附量瓶塞˙可高溫高壓滅菌,不建議在高於60℃的溫度下清潔貨號 容量mL 誤差±mL H(mm) 磨砂塞 價格eaBV-67795BV-67195BV-67295BV-67395BV-67495BV-67595BV-6769510255010025050010000.080.080.120.20.30.50.89011515018023527031010/1910/1912/2114/2","https://ec.dgs.com.tw/catalog/files/basic-html/page59.html","https://ec.dgs.com.tw/catalog/catalog.html#p=59","2026-02-24T05:56:40.562Z"
"dgs_ecatalog-p59-c3","dgs_ecatalog","A","59","3","4","BV-6769510255010025050010000.080.080.120.20.30.50.89011515018023527031010/1910/1912/2114/2319/2619/2624/29 量瓶 PFA SANPLATECVolumetric Flask, PFA˙PFA質耐溫-200~250℃˙良好的耐化學性和溫度貨號 容量mL H(mm) 價格eaAS-18153AS-18154AS-18155AS-18156AS-181572550100250500112147177232272 量瓶 A級 PFA VITLABVolumetric Flask, PFA˙PFA質耐溫-200~250℃˙精度A級,DIN EN ISO 1042規範˙瓶身印刷批號和附批次證書˙刻度形式 In,刻度標示量等於內容量˙100mL以下螺牙GL18˙250mL以上螺牙GL25貨號 容量mL 誤差±mL H(mm) 價格eaBV-107097BV-107197BV-107297BV-107397BV-107497BV-1075971025501002505000.040.040.060.100.150.25901151501","https://ec.dgs.com.tw/catalog/files/basic-html/page59.html","https://ec.dgs.com.tw/catalog/catalog.html#p=59","2026-02-24T05:56:40.562Z"
"dgs_ecatalog-p59-c4","dgs_ecatalog","A","59","4","4","107197BV-107297BV-107397BV-107497BV-1075971025501002505000.040.040.060.100.150.2590115150180235270 A基礎實驗器材以上價格與規格僅供參考 , 請以實際報價為主 A-047塑膠量瓶","https://ec.dgs.com.tw/catalog/files/basic-html/page59.html","https://ec.dgs.com.tw/catalog/catalog.html#p=59","2026-02-24T05:56:40.562Z"
"dgs_ecatalog-p60-c1","dgs_ecatalog","A","60","1","4","巴斯特拋棄式滴管 ISO KIMBLEPipet, Disposable, Pasteur, ISO˙滴管符合ISO 7712規範˙長度150mm管尖之外徑1.0~1.5mm 長度230mm管尖之外徑1.0~1.2mm˙吸管可塞入棉花以利過濾,上端之凹槽 可防止棉花滑入吸管˙每盒(bx)250支˙最小訂購量1bx貨號 長度mm bx/cs 價格bxAK72050I-00150AK72050I-0023015023044巴斯特拋棄式滴管 滅菌包 KIMBLEPipet, Disposable, Pasteur, Sterile貨號 L/in pk/cs 價格csAA63A55PAA63B95P5-3/491010 ˙管尖內徑約1.1mm,管身外徑約7mm˙25支伽瑪射線滅菌包,每支皆內塞棉花˙每箱(cs)10包˙最小訂購量1cs巴斯特拋棄式滴管 ISO NORMAXPipet, Disposable, Pasteur, ISO˙滴管符合ISO 7712規範˙吸管可塞入棉花以利過濾,上端之凹槽 可防止棉花滑入吸管˙每盒(bx)250支˙最小訂購量1bx貨號 長度x管身Ø/mm 管尖Ø/mm bx/cs 價格bxANX-54260","https://ec.dgs.com.tw/catalog/files/basic-html/page60.html","https://ec.dgs.com.tw/catalog/catalog.html#p=60","2026-02-24T05:56:40.562Z"
"dgs_ecatalog-p60-c2","dgs_ecatalog","A","60","2","4","2規範˙吸管可塞入棉花以利過濾,上端之凹槽 可防止棉花滑入吸管˙每盒(bx)250支˙最小訂購量1bx貨號 長度x管身Ø/mm 管尖Ø/mm bx/cs 價格bxANX-5426015ANX-5426023145-150x6.5-8225-230x6.5-81.5±0.31.5±0.588滴管 PE Pasteur Pipette˙PE材質˙最小訂購量1pk貨號 容量mL 描述 pk/cs 價格DP-42005DP-42006DP-42007DP-42008DP-42002DP-420041 1 3 3 3 3 200支裝 L: 8.8cm長型500支裝 L:15.3cm單支滅菌包 1ea/pk100支裝10支滅菌包500支裝 251025010040010滴管 PE deltalabPasteur Pipette˙PE材質˙誤差值為10%˙最小訂購量1bx貨號 型式 容量mL 長度mm ea/bx 價格bxAD-200000AD-200005AD-200050AD-210006AD-200060AD-210003AD-210002AD-210004ABCDEFGH4.6152.37.113.3315015021622530","https://ec.dgs.com.tw/catalog/files/basic-html/page60.html","https://ec.dgs.com.tw/catalog/catalog.html#p=60","2026-02-24T05:56:40.562Z"
"dgs_ecatalog-p60-c3","dgs_ecatalog","A","60","3","4","-200050AD-210006AD-200060AD-210003AD-210002AD-210004ABCDEFGH4.6152.37.113.33150150216225300104144153400500250400100400500250融點測定用毛細管 KIMBLETube, Capillary, Melting Point˙N-51A硼矽酸玻璃材質˙比其他用碳酸鈉玻璃製成之毛細管更適用於融點測定˙100mm長的為2端開口,90mm長的為一端封口˙每盒(bx)100支貨號 ID(mm) OD(mm) L(mm) bx/cs 價格bxAK34500-00099AK34502-00099AK34505-00099AK34507-000991.1~1.40.8~1.11.1~1.40.8~1.11.5~1.81.3~1.61.5~1.81.3~1.6100100909020202020融點測定用毛細管MARIENFELDTube, Capillary, Melting Point˙玻璃材質 ˙管口平切無倒角˙拋棄式,僅供一次使用˙長度公差:±1mm 直徑公差:±0.05mm˙每盒(bx)100支貨號 描述 bx/cs","https://ec.dgs.com.tw/catalog/files/basic-html/page60.html","https://ec.dgs.com.tw/catalog/catalog.html#p=60","2026-02-24T05:56:40.562Z"
"dgs_ecatalog-p60-c4","dgs_ecatalog","A","60","4","4","lary, Melting Point˙玻璃材質 ˙管口平切無倒角˙拋棄式,僅供一次使用˙長度公差:±1mm 直徑公差:±0.05mm˙每盒(bx)100支貨號 描述 bx/cs 價格bxAP-2930208AP-2930210AP-2940208AP-2940210Ø1xL100/mm 兩端開口Ø1.55xL100/mm 兩端開口Ø1xL100/mm 一端封口Ø1.55xL100/mm 一端封口10101010A基礎實驗器材A-048 以上價格與規格僅供參考 , 請以實際報價為主 滴管","https://ec.dgs.com.tw/catalog/files/basic-html/page60.html","https://ec.dgs.com.tw/catalog/catalog.html#p=60","2026-02-24T05:56:40.562Z"
"dgs_ecatalog-p61-c1","dgs_ecatalog","A","61","1","3","藍毛細管 KIMBLETube, Capillary˙碳酸鈉玻璃材質˙包裝拆封後,可再緊閉密封,以保持毛細管之潔淨˙每一包裝含200支毛細管貨號 IDxL(mm) bx/cs 價格bxAA41A2502 1.1~1.2x75 12紅毛細管 KIMBLETube, Capillary, Heparinized˙碳酸鈉玻璃材質˙包裝拆封後,可再緊閉密封,以保持毛細管之潔淨˙管身有紅色環狀刻劃˙每一包裝含200支毛細管˙容量約75μl貨號 IDxL(mm) bx/cs 價格bxAA41B2501 1.1~1.2x75 12藍毛細管 MARIENFELDTube, Capillary˙玻璃材質˙符合DIN ISO 12772規範˙包裝拆封後,可再緊閉密封,以保持毛細管之潔淨˙每一包裝含100支毛細管貨號 IDxL(mm) bx/cs 價格bxAP-2900000 1.1~1.2x75 10紅毛細管MARIENFELDTube, Capillary, Heparinized˙玻璃材質˙符合DIN ISO 12772規範˙包裝拆封後,可再緊閉密封,以保持毛細管之潔淨˙每一包裝含100支毛細管貨號 IDxL(mm) bx/cs 價格bxA","https://ec.dgs.com.tw/catalog/files/basic-html/page61.html","https://ec.dgs.com.tw/catalog/catalog.html#p=61","2026-02-24T05:56:40.562Z"
"dgs_ecatalog-p61-c2","dgs_ecatalog","A","61","2","3","arinized˙玻璃材質˙符合DIN ISO 12772規範˙包裝拆封後,可再緊閉密封,以保持毛細管之潔淨˙每一包裝含100支毛細管貨號 IDxL(mm) bx/cs 價格bxAP-2901000 1.1~1.2x75 10微量定量 刻度毛細管 KIMBLEPipet, Disposable, Micro Capillary˙碳酸鈉玻璃材質˙刻度標示量等於內容量˙管長5英吋,管身有黑色環狀刻劃˙依不同容量,管身呈不同顏色,以利使用˙每一包裝含250支毛細管貨號 容量μl 誤差% bx/cs 價格bxAK71900-00005AK71900-00010AK71900-00020AK71900-00025AK71900-00050AK71900-001005102025501001.00.50.50.50.50.5444444微量刻度毛細管 DRUMMONDPipet, Disposable,Micro Capillary˙適用於各式微量吸取˙誤差值為0.5% ˙每包(bx)250支貨號 容量/刻度μl bx/cs 價格bxCR2000-001 5/1 4微量定量毛細管 DRUMMONDMicro Pipet, TLC˙適用於","https://ec.dgs.com.tw/catalog/files/basic-html/page61.html","https://ec.dgs.com.tw/catalog/catalog.html#p=61","2026-02-24T05:56:40.562Z"
"dgs_ecatalog-p61-c3","dgs_ecatalog","A","61","3","3","為0.5% ˙每包(bx)250支貨號 容量/刻度μl bx/cs 價格bxCR2000-001 5/1 4微量定量毛細管 DRUMMONDMicro Pipet, TLC˙適用於各式微量吸取˙適用於TLC薄層層析使用˙長度誤差值為1%˙每包(bx)100支貨號 容量μl 長度mm ID(in) OD(in) 價格bxCR1000-0010CR1000-0020CR1000-0030CR1000-0040CR1000-0050CR1000-0100CR1000-020012345102032323232324164.0079.0111.0136.0157.0176.0219.0248.0260.0300.0340.0340.0370.0315.0355毛細管用黏土 KIMBLECapiillary Tube Closures˙於毛細管封口離心時使用˙數字標示,利於辨識貨號 描述 ea/bx 價格eaAA43510 15Wx65L/mmx2片 10A基礎實驗器材以上價格與規格僅供參考 , 請以實際報價為主 A-049毛細管","https://ec.dgs.com.tw/catalog/files/basic-html/page61.html","https://ec.dgs.com.tw/catalog/catalog.html#p=61","2026-02-24T05:56:40.562Z"
"dgs_ecatalog-p62-c1","dgs_ecatalog","A","62","1","5","平口試管無商標 拋棄式 KIMBLETube, Culture, Disposable˙N-51A硼矽酸玻璃製成˙管壁堅固,管身長度一致˙可耐各種化學溶劑之侵蝕˙最小訂購量1bx貨號 容量mL ODxL(mm) ea/bx/cs 價格bxAK73500-00650AK73500-01075AK73500-01275AK73500-13100AK73500-16100AK73500-16125AK73500-16150AK73500-18150AK73500-20150AK73500-25150146101519232936606x5010x7512x7513x10016x10016x12516x15018x15020x15025x150100/10250/4250/4250/4250/4250/4250/4125/4250/2125/4平口試管 拋棄式 DGSTube, Culture, Disposable˙硼矽酸玻璃製成˙可耐化學溶劑之侵蝕˙適用於微生物培養,化學實驗貨號 容量mL ODxL(mm) ea/bx/cs 價格bxG10770-10075G10770-12075G10770-13100G10770-16100","https://ec.dgs.com.tw/catalog/files/basic-html/page62.html","https://ec.dgs.com.tw/catalog/catalog.html#p=62","2026-02-24T05:56:40.562Z"
"dgs_ecatalog-p62-c2","dgs_ecatalog","A","62","2","5","用於微生物培養,化學實驗貨號 容量mL ODxL(mm) ea/bx/cs 價格bxG10770-10075G10770-12075G10770-13100G10770-16100G10770-16125G10770-16150G10770-18150G10770-20150357101416253010x7512x7513x10016x10016x12516x15018x15020x150250/8250/8250/8250/4100/6250/4100/6100/6貨號 容量mL ODxL(mm) ea/bx/cs 價格eaAK45048-01075AK45048-01275AK45048-13100AK45048-16100AK45048-16125AK45048-16150AK45048-18150AK45048-20150AK45048-25150AK45048-2525046101520242836559510x7512x7513x10016x10016x12516x15018x15020x15025x15025x25072/1072/1072/1072/872/872/872/872/872/424/6平口試管","https://ec.dgs.com.tw/catalog/files/basic-html/page62.html","https://ec.dgs.com.tw/catalog/catalog.html#p=62","2026-02-24T05:56:40.562Z"
"dgs_ecatalog-p62-c3","dgs_ecatalog","A","62","3","5","016x10016x12516x15018x15020x15025x15025x25072/1072/1072/1072/872/872/872/872/872/424/6平口試管有商標 KIMBLETube, Culture, Resuable˙KG-33硼矽酸玻璃製成˙管壁渾厚,厚度一致˙傳熱性與耐腐蝕佳˙白色琺瑯質標示區可以鉛筆重複書寫˙適用於微生物培養貨號 容量mL ODxL(mm) ea/bx 價格bxAS1622-01075AS1622-01275AS1622-12100AS1622-16100AS1622-16125AS1622-16150AS1622-16160AS1622-18150AS1622-18180AS1622-24150AS1622-24200468141722232834506610x7512x7512x100 16x10016x125 16x15016x160 18x150 18x180 24x150 24x200 10010010010010010010010010010050平口試管有商標 PYREXTube, Test Tube, medium wall, Resuable˙Pyrex硼","https://ec.dgs.com.tw/catalog/files/basic-html/page62.html","https://ec.dgs.com.tw/catalog/catalog.html#p=62","2026-02-24T05:56:40.562Z"
"dgs_ecatalog-p62-c4","dgs_ecatalog","A","62","4","5","10010010010010010010010010010050平口試管有商標 PYREXTube, Test Tube, medium wall, Resuable˙Pyrex硼矽酸玻璃製成˙符合ISO 4142˙傳熱性與耐腐蝕佳˙容量4~8mL,壁厚1mm, 其他容量壁厚1.2mm平口試管 厚壁 PYREX Tube, Test Tube, heavy wall˙Pyrex硼矽酸玻璃製成˙符合ISO 4142˙厚壁為1.8mm,提供額外的機械強度˙堅固的結構減少了破損的可能性貨號 容量mL ODxL(mm) ea/bx 價格eaAS1626-16125AS1626-16150AS1626-16160AS1626-241501518204516x12516x15016x16024x150100100100100試管分配器 DGSDispenser, for test tube˙本體為鐵質粉體烤漆,前板為透明壓克力材質˙用於容納大多數盒裝玻璃試管˙適用於長度為75及100mm的試管貨號 規格 價格eaG10700-00075G10700-00100試管75mm用試管100mm用A基礎實驗器材A-050 以上價格與規格僅供參考","https://ec.dgs.com.tw/catalog/files/basic-html/page62.html","https://ec.dgs.com.tw/catalog/catalog.html#p=62","2026-02-24T05:56:40.562Z"
"dgs_ecatalog-p62-c5","dgs_ecatalog","A","62","5","5","適用於長度為75及100mm的試管貨號 規格 價格eaG10700-00075G10700-00100試管75mm用試管100mm用A基礎實驗器材A-050 以上價格與規格僅供參考 , 請以實際報價為主 玻璃試管","https://ec.dgs.com.tw/catalog/files/basic-html/page62.html","https://ec.dgs.com.tw/catalog/catalog.html#p=62","2026-02-24T05:56:40.562Z"
"dgs_ecatalog-p63-c1","dgs_ecatalog","A","63","1","4","發酵管Tube, Fermentation˙硼矽酸玻璃製成˙具刻度及腳座貨號 容量mL 刻度mm 價格eaDG1262-05DG1262-10DG1262-151020250.20.40.5貨號 容量mL ODxL(mm) ea/bx/cs 價格eaAK73750C-13100AK73750C-16100AK73750C-16125AK73750C-16150AK73750C-20125AK73750C-201508121620253013 x 10016 x 10016 x 12516 x 15020 x 12520 x 150500/2250/4250/4250/4250/2250/2螺蓋試管 拋棄式 KIMBLETube, Culture, Disposable, Screw Cap˙N-51A硼矽酸玻璃製成˙白色標示區供使用者書寫˙適用於微生物與一般菌之培養˙附橡膠墊片螺蓋˙13mm試管搭配13-415螺蓋˙16mm試管搭配15-415螺蓋˙20mm試管搭配18-415螺蓋貨號 容量mL ODxL(mm) ea/bx/cs 價格DG60940C-13100G10850C-16125G10850S-1612581616","https://ec.dgs.com.tw/catalog/files/basic-html/page63.html","https://ec.dgs.com.tw/catalog/catalog.html#p=63","2026-02-24T05:56:40.562Z"
"dgs_ecatalog-p63-c2","dgs_ecatalog","A","63","2","4","˙20mm試管搭配18-415螺蓋貨號 容量mL ODxL(mm) ea/bx/cs 價格DG60940C-13100G10850C-16125G10850S-1612581616 13x10016x12516x125250/4250/450/20螺蓋試管 拋棄式DGSTube, Culture, Disposable, Screw Cap˙硼矽酸玻璃製成˙適用於組織微生物與一般細菌之培養˙13mm試管附13-415螺蓋˙16mm試管附15-415螺蓋˙G10850S為單支滅菌包˙G10850C最小訂購量1bx, G10850S最小訂購量1pk貨號 容量mL ODxL(mm) ea/bx/cs 價格eaAK45066-13100AK45066-16100AK45066-16125AK45066-16150AK45066-20125AK45066-20150AK45066-25150AK45066-25200AK45066-3820081216202530507016013x10016x10016x12516x15020x12520x15025x15025x20038x20072/472/472/472/448/448/436","https://ec.dgs.com.tw/catalog/files/basic-html/page63.html","https://ec.dgs.com.tw/catalog/catalog.html#p=63","2026-02-24T05:56:40.562Z"
"dgs_ecatalog-p63-c3","dgs_ecatalog","A","63","3","4","530507016013x10016x10016x12516x15020x12520x15025x15025x20038x20072/472/472/472/448/448/436/436/424 螺蓋試管 橡膠墊片 有商標 KIMBLETube, Resuable, Screw Cap˙KG-33硼矽酸玻璃製成˙管壁渾厚,厚度一致 ˙傳熱性與耐腐蝕佳˙13mm試管搭配13-415螺蓋˙16mm試管搭配15-415螺蓋˙20mm試管搭配18-415螺蓋˙25mm試管搭配24-410螺蓋˙38mm試管搭配38-430螺蓋貨號 容量mL ODxL(mm) ea/bx/cs 價格eaAK45066A-13100AK45066A-16100AK45066A-16125AK45066A-16150AK45066A-20125AK45066A-20150AK45066A-25150AK45066A-25200AK45066A-3820081216202530507016013x10016x10016x12516x15020x12520x15025x15025x20038x20072/472/472/472/448/448/436/436","https://ec.dgs.com.tw/catalog/files/basic-html/page63.html","https://ec.dgs.com.tw/catalog/catalog.html#p=63","2026-02-24T05:56:40.562Z"
"dgs_ecatalog-p63-c4","dgs_ecatalog","A","63","4","4","07016013x10016x10016x12516x15020x12520x15025x15025x20038x20072/472/472/472/448/448/436/436/424 螺蓋試管 PTFE墊片 有商標 KIMBLETube, Resuable, Screw Cap˙KG-33硼矽酸玻璃製成˙管壁渾厚,厚度一致 ˙傳熱性與耐腐蝕佳˙白色琺瑯質標示區可以鉛筆重複書寫˙13mm試管搭配13-415螺蓋˙16mm試管搭配15-415螺蓋˙20mm試管搭配18-415螺蓋˙25mm試管搭配24-410螺蓋˙38mm試管搭配38-430螺蓋A基礎實驗器材以上價格與規格僅供參考 , 請以實際報價為主 A-051螺蓋試管","https://ec.dgs.com.tw/catalog/files/basic-html/page63.html","https://ec.dgs.com.tw/catalog/catalog.html#p=63","2026-02-24T05:56:40.562Z"
"dgs_ecatalog-p64-c1","dgs_ecatalog","A","64","1","4","螺蓋試管 PTFE墊片 PYREXTube, Culture, Resuable, Screw Cap˙Pyrex硼矽酸玻璃製成˙黑蓋PTB材質附PTFE墊片可高溫高壓滅菌及乾熱滅菌,可耐溫度至180°C˙適用於微生物與一般菌之培養˙不建議離心使用˙每盒(bx)40支貨號 容量mL ODxH(mm) 螺蓋規格mm 價格eaAS1636-00024MPAS1636-00026MPAS1636-00004MPAS1636-00030MPAS1636-00032MPAS1636-00034MPAS1636-00036MPAS1636-00038MPAS1636-00010MPAS1636-00042MPAS1636-00044MP91114191528204050367014x10016x10016x12516x16018x10018x18020x10020x20022x20026x10026x200SVL13SVL15SVL15SVL15SVL18SVL18SVL20SVL20SVL22SVL25SVL25貨號 描述 ea/bx 價格eaAS4503-00013AS4503-00015AS4503-00018AS4503-000","https://ec.dgs.com.tw/catalog/files/basic-html/page64.html","https://ec.dgs.com.tw/catalog/catalog.html#p=64","2026-02-24T05:56:40.562Z"
"dgs_ecatalog-p64-c2","dgs_ecatalog","A","64","2","4","L18SVL20SVL20SVL22SVL25SVL25貨號 描述 ea/bx 價格eaAS4503-00013AS4503-00015AS4503-00018AS4503-00020AS4503-00022AS4503-00025螺蓋規格:SVL13螺蓋規格:SVL15螺蓋規格:SVL18螺蓋規格:SVL20螺蓋規格:SVL22螺蓋規格:SVL25202020202020選購配件玻璃有栓試管Tube, Glass-Stopper˙加工訂製品˙試管口為加工之磨砂口,附磨砂塞˙管壁渾厚,厚度一致貨號 容量mL ODxL(mm) 磨砂塞 價格eaDG45100-13100DG45100-16150DG45100-20150DG45100-25150DG45100-2520071826466513x10016x15020x15025x15025x200913131919貨號 容量mL 磨口 價格eaASG-F891410ASG-F891425ASG-F891450ASG-F892450ASG-F891100ASG-F894100ASG-F894200ASG-F8942501025505010010020025014/2014/20","https://ec.dgs.com.tw/catalog/files/basic-html/page64.html","https://ec.dgs.com.tw/catalog/catalog.html#p=64","2026-02-24T05:56:40.562Z"
"dgs_ecatalog-p64-c3","dgs_ecatalog","A","64","3","4","91450ASG-F892450ASG-F891100ASG-F894100ASG-F894200ASG-F8942501025505010010020025014/2014/2014/2024/4014/2024/4024/4024/40反應管 玻璃活栓 SYNTHWARESchlenk Tube, Reaction, Outer Joint, Stopcock˙玻璃活栓˙具磨口貨號 容量mL 磨口 價格eaASG-F891410SASG-F891425SASG-F891450SASG-F892450SASG-F891100SASG-F894100SASG-F894200SASG-F894250S1025505010010020025014/2014/2014/2024/4014/2024/4024/4024/40反應管 PTFE活栓SYNTHWARESchlenk Tube, Reaction, Outer Joint, Stopcock˙PTFE活栓˙具磨口反應管 SYNTHWARESchlenk Tube, Reaction, Outer Joint, Vacuum Valve˙PTFE活栓,密封性高,防化學腐蝕貨號","https://ec.dgs.com.tw/catalog/files/basic-html/page64.html","https://ec.dgs.com.tw/catalog/catalog.html#p=64","2026-02-24T05:56:40.562Z"
"dgs_ecatalog-p64-c4","dgs_ecatalog","A","64","4","4","FE活栓˙具磨口反應管 SYNTHWARESchlenk Tube, Reaction, Outer Joint, Vacuum Valve˙PTFE活栓,密封性高,防化學腐蝕貨號 容量mL 磨口 活栓mm 價格eaASG-F561025ASG-F561050ASG-F562450ASG-F561100ASG-F564100ASG-F564250ASG-F564350ASG-F56835025505010010025035035014/2014/2024/4014/2024/4024/4024/4029/420-40-40-40-40-40-40-40-4A基礎實驗器材A-052 以上價格與規格僅供參考 , 請以實際報價為主 反應管","https://ec.dgs.com.tw/catalog/files/basic-html/page64.html","https://ec.dgs.com.tw/catalog/catalog.html#p=64","2026-02-24T05:56:40.562Z"
"dgs_ecatalog-p65-c1","dgs_ecatalog","A","65","1","4","溶劑儲存瓶 SYNTHWARESchlenk Tube, Storage, Vacuum Valve˙PTFE活栓˙可根據實驗需求,放置攪拌子使用˙活栓0-4mm,孔內直徑4mm,請放置小於4mm攪拌子˙活栓0-8mm,孔內直徑8mm,請放置小於8mm攪拌子貨號 容量mL 活栓mm 價格eaASG-F580010ASG-F580810ASG-F580820ASG-F580025ASG-F580825ASG-F580850ASG-F580100ASG-F588100ASG-F588250ASG-F5883501010202525501001002503500-40-80-80-40-80-80-40-80-80-8溶劑儲存瓶 螺紋活栓 SYNTHWARESchlenk Tube, Storage, Vacuum Valve with Thread˙PTFE螺紋活栓˙可根據實驗需求,放置攪拌子使用˙活栓0-4mm,孔內直徑4mm,請放置小於4mm攪拌子˙活栓0-8mm,孔內直徑8mm,請放置小於8mm攪拌子貨號 容量mL 活栓mm 價格eaASG-F580010NASG-F580810NASG-F580825NASG-F5808","https://ec.dgs.com.tw/catalog/files/basic-html/page65.html","https://ec.dgs.com.tw/catalog/catalog.html#p=65","2026-02-24T05:56:40.562Z"
"dgs_ecatalog-p65-c2","dgs_ecatalog","A","65","2","4","˙活栓0-8mm,孔內直徑8mm,請放置小於8mm攪拌子貨號 容量mL 活栓mm 價格eaASG-F580010NASG-F580810NASG-F580825NASG-F580850NASG-F588100N101025501000-40-80-80-80-8貨號 容量mL瓶身x螺紋以下長度mm規格 價格eaASG-P160001ASG-P160001DASG-P160002ASG-P160002DASG-P160003ASG-P160004ASG-P160004DASG-P160005ASG-P160005DASG-P16000615153535384848100100120Ø26x70Ø26x70Ø26x125Ø26x125Ø26x135Ø46x70Ø46x70Ø46x110Ø46x110Ø46x130螺紋#15螺紋#15 安全披覆螺紋#15螺紋#15 安全披覆螺紋#15螺紋#15螺紋#15 安全披覆螺紋#15螺紋#15 安全披覆螺紋#15厚壁耐壓瓶 管狀 SYNTHWARETube, Pressure Vessel, Heavy Wall˙PTFE活栓,附O形橡膠圈˙內部螺紋口˙可承受壓力為6個大氣壓˙不可用於微波及","https://ec.dgs.com.tw/catalog/files/basic-html/page65.html","https://ec.dgs.com.tw/catalog/catalog.html#p=65","2026-02-24T05:56:40.562Z"
"dgs_ecatalog-p65-c3","dgs_ecatalog","A","65","3","4","壁耐壓瓶 管狀 SYNTHWARETube, Pressure Vessel, Heavy Wall˙PTFE活栓,附O形橡膠圈˙內部螺紋口˙可承受壓力為6個大氣壓˙不可用於微波及烘箱加熱,可能導致PTFE加熱膨脹,使玻璃脹裂˙安全披覆產品適用溫度-40℃~80℃˙耐壓瓶請勿裝滿,建議只裝一半溶劑,全滿時因液體不能被壓縮,會造成瓶子爆裂貨號 容量mL 瓶身x螺紋以下長度mm規格 價格eaASG-P260001ASG-P260002ASG-P260003ASG-P260004ASG-P260005ASG-P26000615353848100120Ø26x70Ø26x125Ø26x135Ø46x70Ø46x110Ø46x130螺紋#15螺紋#15螺紋#15螺紋#15螺紋#15螺紋#15厚壁耐真空反應瓶 具內螺紋高真空活栓 SYNTHWARETube, Pressure Vessel, Heavy Wall, with Side Port˙PTFE活栓˙內部螺紋口˙附O形橡膠圈˙不可用於微波及烘箱加熱, 可能導致PTFE加熱膨脹,使 玻璃脹裂不鏽鋼透氣試管蓋 美製S. S. Test Tubes Cap˙不銹鋼材質製成˙管蓋下緣處","https://ec.dgs.com.tw/catalog/files/basic-html/page65.html","https://ec.dgs.com.tw/catalog/catalog.html#p=65","2026-02-24T05:56:40.562Z"
"dgs_ecatalog-p65-c4","dgs_ecatalog","A","65","4","4","內部螺紋口˙附O形橡膠圈˙不可用於微波及烘箱加熱, 可能導致PTFE加熱膨脹,使 玻璃脹裂不鏽鋼透氣試管蓋 美製S. S. Test Tubes Cap˙不銹鋼材質製成˙管蓋下緣處有卡榫以防掉落˙使用者可方便的將管蓋套上與取下貨號 ID(mm) 價格eaBZ73660-68013BZ73660-68016BZ73660-68018BZ73660-68020BZ73660-680251316182025A基礎實驗器材以上價格與規格僅供參考 , 請以實際報價為主 A-053溶劑儲存瓶","https://ec.dgs.com.tw/catalog/files/basic-html/page65.html","https://ec.dgs.com.tw/catalog/catalog.html#p=65","2026-02-24T05:56:40.562Z"
"dgs_ecatalog-p66-c1","dgs_ecatalog","A","66","1","4","透氣試管蓋 KIMBLEClosure˙PP材質製成,可耐高溫高壓滅菌˙直接可套於試管上,不需於蓋內塞入棉質物體˙使用者可方便將管蓋套上與取下貨號 ID(mm) 顏色 ea/pk/cs 價格eaAK73660-00013AK73662-00013AK73663-00013AK73664-00013AK73665-000131313131313PP原色紅色綠色黃色藍色500/2500/2500/2500/2500/2AK73660-00016AK73662-00016AK73663-00016AK73664-00016AK73665-000161616161616PP原色紅色綠色黃色藍色500/2500/2500/2500/2500/2AK73660-00018AK73662-00018AK73663-00018AK73664-0001818181818PP原色紅色綠色黃色500/2500/2500/2500/2AK73660-00020AK73662-00020AK73664-00020AK73665-0002020202020PP原色紅色黃色藍色250/2250/2250/2250/2AK73660-00025AK7366","https://ec.dgs.com.tw/catalog/files/basic-html/page66.html","https://ec.dgs.com.tw/catalog/catalog.html#p=66","2026-02-24T05:56:40.562Z"
"dgs_ecatalog-p66-c2","dgs_ecatalog","A","66","2","4","2-00020AK73664-00020AK73665-0002020202020PP原色紅色黃色藍色250/2250/2250/2250/2AK73660-00025AK73662-00025AK73663-00025AK73664-00025AK73665-000252525252525PP原色紅色綠色黃色藍色250/2250/2250/2250/2250/2AK73660-00038 38 PP原色 125/2塑膠尖底試管 deltalabConical Tubes˙具刻度˙容量12mL˙尺寸16x102mm˙每箱5pk貨號 描述 ea/pk 價格pkAD-301200AD-401200PS材質 離心力7500xg PP材質 離心力15000xg 500500塑膠試管 PS deltalabTest Tubes˙PS材質,清晰透明˙可離心7500g貨號 容量mL ØxH(mm) ea/pk 價格AD-300800.1AD-301700AD-300705AD-301213AD-3001005710121712x7513x10016x10016x10516x15010005005001500850300800.1 3017","https://ec.dgs.com.tw/catalog/files/basic-html/page66.html","https://ec.dgs.com.tw/catalog/catalog.html#p=66","2026-02-24T05:56:40.562Z"
"dgs_ecatalog-p66-c3","dgs_ecatalog","A","66","3","4","00705AD-301213AD-3001005710121712x7513x10016x10016x10516x15010005005001500850300800.1 301700 300705 300100塑膠試管 PP deltalabTest Tubes˙PP材質,可耐溫121℃˙可離心15000g˙AD-401100具刻度2.5mL及5mL貨號 容量mL ØxH(mm) ea/pk 價格pkAD-400800.1AD-401700AD-400705AD-4011005710512x7513x10016x10015x5010005005001000˙最小訂購量1pk塑膠試管蓋 deltalabTest Tubes Caps貨號 可搭配試管型號 ea/pk 價格pkAD-305805AD-307106AD-307207AD-305502AD-300800.1AD-301700AD-300705AD-301200AD-400800.1AD-401700AD-400705&AD-401100AD-4012001000500500500塑膠試管 PP/PS 台製Test Tubes˙PP/PS材質試管˙5mL每箱20pk,","https://ec.dgs.com.tw/catalog/files/basic-html/page66.html","https://ec.dgs.com.tw/catalog/catalog.html#p=66","2026-02-24T05:56:40.562Z"
"dgs_ecatalog-p66-c4","dgs_ecatalog","A","66","4","4","01700AD-400705&AD-401100AD-4012001000500500500塑膠試管 PP/PS 台製Test Tubes˙PP/PS材質試管˙5mL每箱20pk,15mL每箱25pk˙最小訂購量1pk貨號 容量mL ØxH(mm) 材質 ea/pk 價格pkDP-44001DP-44002DP-44004DP-4400655151512x7512x7516x10016x100PPPSPSPP250250100 100貨號 描述 ea/pk 價格pkDP-45012DP-45016內塞式 12mm用外蓋式 16mm用250100 ˙PE材質˙需搭配台製塑膠試管使用 左 - 內塞 右 - 外蓋試管蓋 PE 台製Cap, Test TubesA基礎實驗器材A-054 以上價格與規格僅供參考 , 請以實際報價為主 塑膠試管","https://ec.dgs.com.tw/catalog/files/basic-html/page66.html","https://ec.dgs.com.tw/catalog/catalog.html#p=66","2026-02-24T05:56:40.562Z"
"dgs_ecatalog-p67-c1","dgs_ecatalog","A","67","1","5","螺旋試管蓋 KIMBLEClosure, Screw Thread˙電木材質(wood filled)˙可高溫高壓滅菌˙滅菌重複次數較K45066C/B少˙適用於AK73750,AK73785等系列拋棄式試管、離心管貨號 螺蓋規格 墊片材質 ea/cs 價格eaAK73800-13415AK73800-15415AK73800-18415AK73802-13415AK73802-1541513-41515-41518-41513-41515-415橡膠橡膠橡膠PTFEPTFE100010001000500500螺旋試管蓋 PTFE墊片 美製Closure, Screw Thread, PTFE Lined˙白蓋PP材質˙可高溫高壓滅菌˙適用於AK73750, AK73785 等系列拋棄式試管、離心管貨號 螺蓋規格 ea/pk/cs 價格eaDG73808-15415 15-415 250/32螺旋試管蓋Closure, Scre w Thread PP, Linerless˙PP材質製成˙可耐高壓與高溫滅菌˙適用於AK73785等系列拋棄式離心管貨號 型號 ea/pk 價格eaAK73805B-13415AK73805B-1","https://ec.dgs.com.tw/catalog/files/basic-html/page67.html","https://ec.dgs.com.tw/catalog/catalog.html#p=67","2026-02-24T05:56:40.562Z"
"dgs_ecatalog-p67-c2","dgs_ecatalog","A","67","2","5","PP, Linerless˙PP材質製成˙可耐高壓與高溫滅菌˙適用於AK73785等系列拋棄式離心管貨號 型號 ea/pk 價格eaAK73805B-13415AK73805B-15415AK73805B-18415DG60940-00003DG60940-00004DG60940-0000513-415 KIMBLE15-415 KIMBLE18-415 KIMBLE13-415 台製15-415 台製18-415 台製10001000500250250500螺旋試管蓋 橡膠墊片 KIMBLEClosure, Screw Thread, Rubber Lined˙礦棉(mineral filled)材質˙可高壓滅菌˙滅菌重複次數較AK73800為多,適用於AK45066等系列非拋棄式試管貨號 螺蓋規格 ea/cs 價格eaAK45066B-00013AK45066B-00015AK45066B-00018AK45066B-00024AK45066B-00028AK45066B-0003813-41515-41518-41524-41028-41038-430300300225150150150貨號 螺蓋規格 ea/cs 價","https://ec.dgs.com.tw/catalog/files/basic-html/page67.html","https://ec.dgs.com.tw/catalog/catalog.html#p=67","2026-02-24T05:56:40.562Z"
"dgs_ecatalog-p67-c3","dgs_ecatalog","A","67","3","5","B-00028AK45066B-0003813-41515-41518-41524-41028-41038-430300300225150150150貨號 螺蓋規格 ea/cs 價格eaAK45066C-00013AK45066C-00015AK45066C-00018AK45066C-00024AK45066C-00028AK45066C-0003813-41515-41518-41524-41028-41038-430300300225150150 50螺旋試管蓋 PTFE 墊片 KIMBLEClosure, Screw Thread,PTFE Lined˙礦棉(mineral filled)材質˙可高壓滅菌˙滅菌重複次數較AK73800為多,適用於AK45066等系列非拋棄式試管塑膠螺蓋試管 KartellTest Tubes With Screw Caps˙管身PP材質,管蓋PE材質˙快速開關旋蓋,防漏,亦適用於離心分離˙旋蓋設計避免內壁液滴造成污染˙Ø16xh100(mm)˙RCF:4000貨號 描述 ea/pk 價格pkBK-8830303BK-8830304BK-8830306BK-8830310BK-8830","https://ec.dgs.com.tw/catalog/files/basic-html/page67.html","https://ec.dgs.com.tw/catalog/catalog.html#p=67","2026-02-24T05:56:40.562Z"
"dgs_ecatalog-p67-c4","dgs_ecatalog","A","67","4","5","滴造成污染˙Ø16xh100(mm)˙RCF:4000貨號 描述 ea/pk 價格pkBK-8830303BK-8830304BK-8830306BK-8830310BK-8830410白色蓋子藍色蓋子黃色蓋子紅色蓋子紅色蓋子 無菌包裝1000100010001000100無菌培養試管 PP/PS SmartGeneTube, Culture, Disposable, PP/PS˙17x100mm為PP材質,PP材質,管身具書寫區,刻度標示,每格1mL˙12x75mm管身有PP及PS材質可選,管蓋皆為PP材質˙材質皆符合U.S.P. Class VI規範˙DNase & RNase free,Pyogen Free,Endotoxin Free,Human DNA free˙外蓋為兩段式壓蓋,培養時壓第一段保持透氣,培養完壓至第二段,便於儲存˙Class 10000無塵室生產製造貨號 容量mLØxH(mm)描述 ea/pk 價格pkDP-SG6551000DP-SG6552000DP-SG6553000145517x10012x7512x75PP管身PP蓋PS管身PP蓋PP管身PP蓋255050A基礎實驗器材以上價格與規格僅","https://ec.dgs.com.tw/catalog/files/basic-html/page67.html","https://ec.dgs.com.tw/catalog/catalog.html#p=67","2026-02-24T05:56:40.562Z"
"dgs_ecatalog-p67-c5","dgs_ecatalog","A","67","5","5","1000DP-SG6552000DP-SG6553000145517x10012x7512x75PP管身PP蓋PS管身PP蓋PP管身PP蓋255050A基礎實驗器材以上價格與規格僅供參考 , 請以實際報價為主 A-055試管蓋","https://ec.dgs.com.tw/catalog/files/basic-html/page67.html","https://ec.dgs.com.tw/catalog/catalog.html#p=67","2026-02-24T05:56:40.562Z"
"dgs_ecatalog-p68-c1","dgs_ecatalog","A","68","1","5","容量mL 貨號 刻度 尺寸odxL/mm 材質 管口 管底 離心力xg 頁碼2 AK45150-00002 - 11x66 Glass 平口 尖底 2980 A-05855AK45150-00005AK73785C-00005--13x10113x110GlassGlass平口螺蓋尖底尖底29802980A-058A-059101010AK45165-00010AK45200-00010AK73785C-00010VV-17x10817x11616x114GlassGlassGlass平口螺蓋螺蓋尖底尖底尖底298029802980A-058A-059A-0591515151515AK45153-00015AK45164-00015AK45165-00015AK45166-00015AK73785C-00015VVVV-17x15617x11817x11817x13017x126GlassGlassGlassGlassGlass磨砂蓋平口平口螺蓋螺蓋尖底尖底尖底尖底尖底29802980298029802980A-058A-058A-058A-058A-05935 AK45212-00035 - 29x100 Glass 螺蓋","https://ec.dgs.com.tw/catalog/files/basic-html/page68.html","https://ec.dgs.com.tw/catalog/catalog.html#p=68","2026-02-24T05:56:40.562Z"
"dgs_ecatalog-p68-c2","dgs_ecatalog","A","68","2","5","蓋尖底尖底尖底尖底尖底29802980298029802980A-058A-058A-058A-058A-05935 AK45212-00035 - 29x100 Glass 螺蓋 圓底 3550 A-05940 AK45200-00040 V 29x140 Glass 螺蓋 尖底 2980 A-059505050505050AK45153-00050AK45165-00050AK45186-00050AK45166-00050AK45212-00050AK73785C-00050VVVV--29x17329x13329x11829x14729x12329x137GlassGlassGlassGlassGlassGlass磨砂蓋平口平口具嘴螺蓋螺蓋螺蓋尖底尖底錐底尖底圓底尖底298029802000298035502980A-058A-058A-058A-058A-059A-059100100100100AK45240-00100AK45241-00100AK45243-00100AK45246-00100VVVV37x20337x20345x16537x203GlassGlassGlassGlass平口平口平口螺蓋尖底尖底","https://ec.dgs.com.tw/catalog/files/basic-html/page68.html","https://ec.dgs.com.tw/catalog/catalog.html#p=68","2026-02-24T05:56:40.562Z"
"dgs_ecatalog-p68-c3","dgs_ecatalog","A","68","3","5","0100AK45243-00100AK45246-00100VVVV37x20337x20345x16537x203GlassGlassGlassGlass平口平口平口螺蓋尖底尖底尖底尖底29808008002980A-059A-060A-060A-060其他材質 容量mL 貨號 刻度 尺寸odxL/mm 材質 管口 管底 離心力xg 頁碼555AD-300800.1AD-400800.1AD-401100---12x7512x7515x50PSPPPP平口平口平口圓底圓底圓底75001500015000A-054A-054A-054777BK-302AD-301700AD-401700---12x10013x10013x100PPPSPP平口平口平口圓底圓底圓底3000750015000A-061A-054A-054101010BN3114-0010BN3118-0010BN3119-0010---16x81.516.1x81.716x81.4FEPPCPPCO螺蓋螺蓋螺蓋圓底圓底圓底500005000050000---1111AD-300705AD-400705--16x10016x100PSPP平口平口圓底圓底7500","https://ec.dgs.com.tw/catalog/files/basic-html/page68.html","https://ec.dgs.com.tw/catalog/catalog.html#p=68","2026-02-24T05:56:40.562Z"
"dgs_ecatalog-p68-c4","dgs_ecatalog","A","68","4","5","EPPCPPCO螺蓋螺蓋螺蓋圓底圓底圓底500005000050000---1111AD-300705AD-400705--16x10016x100PSPP平口平口圓底圓底750015000A-054A-054121212AD-301200AD-401200BN3110-0120VV-16x10216x10215.9x113.9PSPPPPCO平口平口平口尖底尖底圓底75001500050000A-054A-054-1515BK-8830303BN3110-0150--16x10015.9x113.9PPPPCO螺蓋平口圓底圓底400050000A-055-1616BK-303BN3110-0160--17x10118x99.3PPPPCO平口平口圓底圓底300050000A-061-2828BN3118-0028BN3119-0028--25.4x101.825.4x101.9PCPPCO螺蓋螺蓋圓底圓底5000050000--30303030BN3114-0030BN3115-0030BN3118-0030BN3119-0030----25.7x93.725.7x94.525.7x94.525.5x94.3FEPPSFP","https://ec.dgs.com.tw/catalog/files/basic-html/page68.html","https://ec.dgs.com.tw/catalog/catalog.html#p=68","2026-02-24T05:56:40.562Z"
"dgs_ecatalog-p68-c5","dgs_ecatalog","A","68","5","5","N3114-0030BN3115-0030BN3118-0030BN3119-0030----25.7x93.725.7x94.525.7x94.525.5x94.3FEPPSFPCPPCO螺蓋螺蓋螺蓋螺蓋圓底圓底圓底圓底20000500005000050000----離心管速查表玻璃材質 A基礎實驗器材A-056 以上價格與規格僅供參考 , 請以實際報價為主 離心管","https://ec.dgs.com.tw/catalog/files/basic-html/page68.html","https://ec.dgs.com.tw/catalog/catalog.html#p=68","2026-02-24T05:56:40.562Z"
"dgs_ecatalog-p69-c1","dgs_ecatalog","A","69","1","2","容量mL 貨號 刻度 尺寸odxL/mm 材質 管口 管底 離心力xg 頁碼31 BK-305 - 24x93 PP 平口 圓底 3000 A-06135 BN3148-0050 V 28.6x113.8 PPCO 螺蓋 錐底 50000 -38 BN3110-0380 - 25.4x89.1 PPCO 平口 圓底 50000 -48 BK-306 - 30x104 PP 平口 圓底 3000 A-061505050505050BN3114-0050BN3115-0050BN3118-0050BN3119-0050BN3110-0500BN3110-9500------28.8x107.729x107.728.8x10728.8x106.728.7x103.328.7x104.2FEPPSFPCPPCOPPCOPPCO螺蓋螺蓋螺蓋螺蓋平口平口圓底圓底圓底圓底圓底圓底200005000050000500005000050000------70 BK-307 - 35x99.5 PP 平口 圓底 3000 A-06185 BN3118-0085 - 38.2x105.7 PC 螺蓋 圓底 50000 -100 BN3110-10","https://ec.dgs.com.tw/catalog/files/basic-html/page69.html","https://ec.dgs.com.tw/catalog/catalog.html#p=69","2026-02-24T05:56:40.562Z"
"dgs_ecatalog-p69-c2","dgs_ecatalog","A","69","2","2","307 - 35x99.5 PP 平口 圓底 3000 A-06185 BN3118-0085 - 38.2x105.7 PC 螺蓋 圓底 50000 -100 BN3110-1000 - 31.8x164.1 PPCO 平口 圓底 50000 -110 BK-308 - 40x119 PP 平口 圓底 3000 A-061續前表....離心力與轉速公式及對應表˙離心力與轉速的公式為:RCF離心力=11.18 x r轉子(Rotor)半徑x(rpm轉速/1000) 250300002000015000100006000400030002000100050020020000100005000200010005002001005020103454035302520181614121098765ROTOR半徑單位 :cm離心力 RCF單位 :(xg)轉速單位 :rpmA基礎實驗器材以上價格與規格僅供參考 , 請以實際報價為主 A-057離心管","https://ec.dgs.com.tw/catalog/files/basic-html/page69.html","https://ec.dgs.com.tw/catalog/catalog.html#p=69","2026-02-24T05:56:40.562Z"
"dgs_ecatalog-p70-c1","dgs_ecatalog","A","70","1","4","微量尖底離心管 KIMBLECentrifuge Tube, Micro˙KG-33硼矽酸玻璃製成˙管身呈圓柱體,底部為尖狀貨號 容量mL ODxH(mm) ea/bx 價格eaAK45150-00002AK45150-000052511x6613x1011212尖底刻度離心管KIMBLECentrifuge Tube, Graduated˙KG-33硼矽酸玻璃製成˙管身呈圓柱體,底部為圓錐狀˙刻度清晰,刻度標示量等於內容量˙刻度,標示,與管面書寫區皆為琺瑯材質˙50mL離心管在0~10mL刻度為0.5mL,10~50mL刻度為1mL貨號 容量/刻度mL ODxH(mm) ea/bx 價格eaAK45165-00010AK45165-00015AK45165-0005010/0.115/0.150/0.5 & 117x10817x11829x133121212刻度離心管 KIMBLETube, Centrifuge, Grduated, Hopkins Vaccine ˙硼矽酸玻璃製成˙用於標準化疫苗˙管尾刻度0.01~0.05mL,精度0.01mL,公差為±0.0025mL˙管身刻度為1mL,5mL和10mL, 公差為±0","https://ec.dgs.com.tw/catalog/files/basic-html/page70.html","https://ec.dgs.com.tw/catalog/catalog.html#p=70","2026-02-24T05:56:40.562Z"
"dgs_ecatalog-p70-c2","dgs_ecatalog","A","70","2","4","ns Vaccine ˙硼矽酸玻璃製成˙用於標準化疫苗˙管尾刻度0.01~0.05mL,精度0.01mL,公差為±0.0025mL˙管身刻度為1mL,5mL和10mL, 公差為±0.20mL˙最大離心力2980RCF˙書寫區為白色琺瑯材質貨號 容量mL ØxH(mm) ea/bx/cs 價格eaAK45225-00010 10 17x119 4/12尖底離心管 PYREXCentrifuge Tube, conical base, with rim˙Pyrex硼矽酸玻璃製成˙錐形底,具唇˙可離心至3000xg RCF˙注意:使用前請務必檢查離心管,如果有刮痕、缺口或磨損,請勿使用貨號 容量ml ODxH(mm) ea/bx 價格eaAS1680-00012 12 17x110 40尖底離心管 具嘴 KIMBLECentrifuge Tube, with Pour Spout˙KG-33硼矽酸玻璃製成˙管口具嘴,易於傾倒˙管身呈圓柱體,底部為圓錐狀˙刻度為琺瑯材質˙刻度清晰,刻度標示量等於內容量˙尺寸29x118/mm貨號 容量mL 最小刻度mL ea/cs 價格eaAK45186-00050 50 0~10 in 0.510","https://ec.dgs.com.tw/catalog/files/basic-html/page70.html","https://ec.dgs.com.tw/catalog/catalog.html#p=70","2026-02-24T05:56:40.562Z"
"dgs_ecatalog-p70-c3","dgs_ecatalog","A","70","3","4","刻度為琺瑯材質˙刻度清晰,刻度標示量等於內容量˙尺寸29x118/mm貨號 容量mL 最小刻度mL ea/cs 價格eaAK45186-00050 50 0~10 in 0.510~50 in 112尖底離心管 茶色刻劃 KIMBLECentrifuge Tube, Graduated, Amber Stain Scale˙KG-33硼矽酸玻璃製成˙管身呈圓柱體,底部為圓錐狀˙刻度為茶色印刷,刻劃至底部˙刻度清晰,刻度標示量等於內容量貨號 容量mL ODxH(mm) ea/cs 價格eaAK45164-00015 15/0.1 17x118 12尖底刻度玻栓離心管KIMBLECentrifuge Tube, with Glass Stopper˙KG-33硼矽酸玻璃製成˙管口為磨砂口,附磨砂玻璃˙15mL使用ST13,50mL使用ST19玻璃栓˙管身呈圓柱體,微胖,底部為圓錐˙刻度清晰,刻度標示量等於內容量˙50mL離心管,在0~10mL刻度為0.5mL, 10~50mL為1mL貨號 容量mL ODxH(mm) ea/bx 價格eaAK45153-00015AK45153-0005015/0.150/0.5 & 117x13","https://ec.dgs.com.tw/catalog/files/basic-html/page70.html","https://ec.dgs.com.tw/catalog/catalog.html#p=70","2026-02-24T05:56:40.562Z"
"dgs_ecatalog-p70-c4","dgs_ecatalog","A","70","4","4","5mL, 10~50mL為1mL貨號 容量mL ODxH(mm) ea/bx 價格eaAK45153-00015AK45153-0005015/0.150/0.5 & 117x13629x1481212尖底刻度螺蓋離心管KIMBLECentrifuge Tube˙KG-33硼矽酸玻璃製成˙管身呈圓柱體,微胖,底部為圓錐狀˙刻度清晰,刻度標示量等於內容量˙15mL螺蓋規格15-415,PTFE墊片˙50mL螺蓋規格24-410,PTFE墊片˙50mL離心管在0~10mL刻度為0.5mL, 10~50mL為1mL貨號 容量/刻度mL ODxH(mm) ea/bx 價格eaAK45166-00015AK45166-0005015/0.150/0.5 &1 17x13029x1471212A基礎實驗器材A-058 以上價格與規格僅供參考 , 請以實際報價為主 離心管","https://ec.dgs.com.tw/catalog/files/basic-html/page70.html","https://ec.dgs.com.tw/catalog/catalog.html#p=70","2026-02-24T05:56:40.562Z"
"dgs_ecatalog-p71-c1","dgs_ecatalog","A","71","1","4","尖底刻度螺蓋離心管 厚壁KIMBLECentrifuge Tube, Graduate, HeavyDuty, Screw Thread, with Cap˙KG-33硼矽酸玻璃製成˙管身呈圓柱體,底部為錐底˙刻度為琺瑯材質˙具螺蓋PTFE墊片˙管壁加厚,可承受更高的離心力貨號 容量mL刻度mLODxH(mm)螺蓋 ea/cs 價格eaAK45200-00010AK45200-0004010400.10~10 in 0.510~40 in 117x11629x14015-41524-4101212圓底螺蓋離心管 厚壁 KIMBLECentrifuge Tube, Heavy-Duty, Screw Thread, with Cap˙KG-33硼矽酸玻璃製成˙管身呈圓柱體,底部為圓底˙具螺蓋PTFE墊片˙管壁加厚,可承受更高的離心力˙適用於臨床及微生物應用貨號 容量mL ODxH(mm) 螺蓋 ea/cs 價格eaAK45212-00035AK45212-00050355029x10029x12324-41024-4101212離心管 圓底 厚壁PYREXTube, Centrifuge, Heavy duty˙Pyrex硼矽","https://ec.dgs.com.tw/catalog/files/basic-html/page71.html","https://ec.dgs.com.tw/catalog/catalog.html#p=71","2026-02-24T05:56:40.562Z"
"dgs_ecatalog-p71-c2","dgs_ecatalog","A","71","2","4","12-00050355029x10029x12324-41024-4101212離心管 圓底 厚壁PYREXTube, Centrifuge, Heavy duty˙Pyrex硼矽酸玻璃製成˙管壁和底部的玻璃厚度分佈均勻,加強了離心強度˙MAX.RCF:3000xg˙每次使用前請務必檢查管子,如有刮傷,裂痕或磨損,請勿使用貨號 容量mL ODxH(mm) ea/bx 價格eaAS1660-00002MAS1660-00006MAS1660-00008M10254516x9024x9030x90404040螺蓋離心管 拋棄式 KIMBLECentrifuge Tube, Disposable˙N-51A硼矽酸玻璃製成˙容量5,10,15mL之管身呈圓柱體,底部為尖狀˙容量50mL之管身呈圓柱體, 底部為彈頭狀˙可承受離心力2980RCFxg˙具螺蓋橡膠墊片˙5mL離心管搭配13-415螺蓋˙10~15mL離心管搭配15-415螺蓋˙50mL離心管搭配24-400螺蓋貨號 容量mL ODxHmm ea/cs 價格eaAK73785C-00005AK73785C-00010AK73785C-00015AK73785C-000505","https://ec.dgs.com.tw/catalog/files/basic-html/page71.html","https://ec.dgs.com.tw/catalog/catalog.html#p=71","2026-02-24T05:56:40.562Z"
"dgs_ecatalog-p71-c3","dgs_ecatalog","A","71","3","4","24-400螺蓋貨號 容量mL ODxHmm ea/cs 價格eaAK73785C-00005AK73785C-00010AK73785C-00015AK73785C-00050510155013x11016x11417x12629x13712512512572潤滑油測試用離心管 紅底白刻劃 KIMBLECentrifuge Tube, Oil Test, with Red Stripe and Graduation˙KG-33硼矽酸玻璃製成˙主要用於測試潤滑油或汽油等產品中之水份及沉澱物˙刻度為紅底白色琺瑯材質˙尺寸38x200/mm貨號 容量mL 最小刻度mL ea/bx/cs 價格eaAK45239-00100 100 0~0.5 in 0.050.5~2 in 0.12~3 in 0.23~5 in 0.55~10 in 110~25 in 525~100 in 256/2潤滑油測試用離心管KIMBLECentrifuge Tube, Oil Test˙KG-33硼矽酸玻璃製成˙主要用於測試潤滑油或汽油等產品中之水份及沉澱物˙刻度為琺瑯材質,LF型號為雷射雕刻˙尺寸37x203/mm,8吋長貨號 容量mL 最小刻度m","https://ec.dgs.com.tw/catalog/files/basic-html/page71.html","https://ec.dgs.com.tw/catalog/catalog.html#p=71","2026-02-24T05:56:40.562Z"
"dgs_ecatalog-p71-c4","dgs_ecatalog","A","71","4","4","l Test˙KG-33硼矽酸玻璃製成˙主要用於測試潤滑油或汽油等產品中之水份及沉澱物˙刻度為琺瑯材質,LF型號為雷射雕刻˙尺寸37x203/mm,8吋長貨號 容量mL 最小刻度mL ea/bx/cs 價格eaAK45240-00100AK45240LF-001001001000~0.5 in 0.050.5~2 in 0.12~3 in 0.23~5 in 0.55~10 in 110~25 in 525~100 in 256/26/2LF 型A基礎實驗器材以上價格與規格僅供參考 , 請以實際報價為主 A-059離心管","https://ec.dgs.com.tw/catalog/files/basic-html/page71.html","https://ec.dgs.com.tw/catalog/catalog.html#p=71","2026-02-24T05:56:40.562Z"
"dgs_ecatalog-p72-c1","dgs_ecatalog","A","72","1","4","石油潤滑油測試用離心管 PYREXCentrifuge Tube, Oil Test˙Pyrex硼矽酸玻璃製成˙符合ASTM D96、D91、D-893 和D-1796 標準˙符合石油產品中水和沈積物測試 的標準方法˙尺寸200/mm貨號 容量mL 最小刻度mL ea/bx 價格eaAS3450-00100 100 0~0.5 in 0.050.5~2 in 0.12~3 in 0.23~5 in 0.55~10 in 110~25 in 525~100 in 252石油測試用離心管 KIMBLECentrifuge Tube, Oil Test˙KG-33硼矽酸玻璃製成˙主要用於測試液化石油氣(Liquified Petroleum gases)中之殘餘物˙刻度清晰,刻度標示量等於內容量˙刻度為琺瑯材質˙尺寸37x203/mm,8吋長貨號 容量mL 最小刻度mL ea/bx/cs 價格eaAK45241-00100 100 0~1 in 0.05 6/2原油測試用離心管 KIMBLECentrifuge Tube, Oil Test˙KG-33硼矽酸玻璃製成˙用於原油中水和沉澱物測試˙刻度標示量等於內容量˙刻度為琺瑯材質,","https://ec.dgs.com.tw/catalog/files/basic-html/page72.html","https://ec.dgs.com.tw/catalog/catalog.html#p=72","2026-02-24T05:56:40.562Z"
"dgs_ecatalog-p72-c2","dgs_ecatalog","A","72","2","4","6/2原油測試用離心管 KIMBLECentrifuge Tube, Oil Test˙KG-33硼矽酸玻璃製成˙用於原油中水和沉澱物測試˙刻度標示量等於內容量˙刻度為琺瑯材質,LF型號為雷射雕刻˙尺寸45x165/mm,6吋長貨號 容量mL 最小刻度mL ea/bx/cs 價格eaAK45243-00100AK45243LF-001001001000~0.5 in 0.050.5~2 in 0.12~3 in 0.23~5 in 0.55~10 in 110~25 in 5and at 50,1006/26/2LF 型石油測試用離心管 KIMBLECentrifuge Tube, Oil Test, 8\Screw Cap˙KG-33硼矽酸玻璃製成˙主要用於測試液化石油氣(Liquified Petroleum gases)中之殘餘物˙刻度標示量等於內容量˙刻度為琺瑯材質˙尺寸37x203mm,8吋長˙附PTFE墊片螺旋蓋貨號 容量mL 最小刻度mL ea/bx/cs 價格eaAK45246-00100 100 0~1 in 0.051~3 in 0.13~6 in 0.26~10 in 0.510~100 in 16/","https://ec.dgs.com.tw/catalog/files/basic-html/page72.html","https://ec.dgs.com.tw/catalog/catalog.html#p=72","2026-02-24T05:56:40.562Z"
"dgs_ecatalog-p72-c3","dgs_ecatalog","A","72","3","4","度mL ea/bx/cs 價格eaAK45246-00100 100 0~1 in 0.051~3 in 0.13~6 in 0.26~10 in 0.510~100 in 16/2油用離心管用蓋KIMBLESnap Cap, Yellow Polyethylene˙PE材質製成˙適用KIMBLE油用離心管貨號 適用油用離心管型號 ea/cs 價格eaAK28150R-00006 AK45239, AK45240, AK45241, AK452436梨形離心管 石油測試用 PYREXTube, Centrifuge, Heavy duty˙Pyrex硼矽酸玻璃製成˙符合ASTM D96 及 D-1966˙用於測定石油產品中的水和沈積物˙刻度為白色琺瑯材質˙每次使用前請務必檢查管子,如有刮傷,裂痕或磨損,請勿使用貨號 容量mL 最小刻度 H(mm) ea/bx 價格eaAS3440-00002M 100 0~1.5 in 0.11.5~5 in 0.55~10 in 1157 2貨號 容量mL 描述 ea/pk/cs 價格pkDP-46010W 10 台製內塞白蓋 100/25離心管 尖底 PS台製Tube, Culture,","https://ec.dgs.com.tw/catalog/files/basic-html/page72.html","https://ec.dgs.com.tw/catalog/catalog.html#p=72","2026-02-24T05:56:40.562Z"
"dgs_ecatalog-p72-c4","dgs_ecatalog","A","72","4","4","55~10 in 1157 2貨號 容量mL 描述 ea/pk/cs 價格pkDP-46010W 10 台製內塞白蓋 100/25離心管 尖底 PS台製Tube, Culture, PS˙管身為PS材質˙蓋子為白色內塞蓋˙尺寸為17x110mm˙最小訂購量1pkA基礎實驗器材A-060 以上價格與規格僅供參考 , 請以實際報價為主 離心管","https://ec.dgs.com.tw/catalog/files/basic-html/page72.html","https://ec.dgs.com.tw/catalog/catalog.html#p=72","2026-02-24T05:56:40.562Z"
"dgs_ecatalog-p73-c1","dgs_ecatalog","A","73","1","4","滅菌螺蓋離心管 尖底 PP MDHCTube, Centrifuge, Screw Cap, Graduate, PP˙符合 USP Class VI要求聚丙烯(PP)製成˙黑色刻劃,管身白色書寫區˙15mL圓錐管底底部刻度達0.5mL,1mL,可讀取微量液體˙50mL圓錐管底底部刻度達1mL,2mL ,3mL,可讀取微量液體˙刻度精准度2%偏差以內,字體清晰,可以耐弱酸鹼˙耐溫-80℃~121℃,可濕熱滅菌(蓋子不可鎖緊)˙輻射滅菌,無DNase/RNase,無熱原˙管蓋雙螺紋設計,單手易操作˙離心力12500xg貨號 容量mL尺寸mmMAX.RCF ea/pk/cs 價格pkAMD-05000710AMD-05001710155016x12028x11512500 xg12500 xg25/2025/20貨號 容量mL ODxH(mm) ea/pk 價格pkBK-302BK-303BK-305BK-306BK-307BK-3087 1631487011012x10017x10124x9330x10435x99.540x11910050050252025離心管 圓底 KartellRound Centrifuge Tube","https://ec.dgs.com.tw/catalog/files/basic-html/page73.html","https://ec.dgs.com.tw/catalog/catalog.html#p=73","2026-02-24T05:56:40.562Z"
"dgs_ecatalog-p73-c2","dgs_ecatalog","A","73","2","4","7011012x10017x10124x9330x10435x99.540x11910050050252025離心管 圓底 KartellRound Centrifuge Tube˙PP半透明材質˙耐溫至120℃,可高溫高壓滅菌˙良好耐化學性˙試管不含蓋,須另購˙蓋子為PE材質,不建議使用於高溫貨號 描述 價格pkBK-650BK-659BK-655BK-656BK-657BK-658PE離心管蓋 適用12mm離心管 100ea/pkPE離心管蓋 適用17mm離心管 100ea/pkPE離心管蓋 適用24mm離心管 100ea/pkPE離心管蓋 適用30mm離心管 100ea/pkPE離心管蓋 適用35mm離心管 100ea/pkPE離心管蓋 適用40mm離心管 100ea/pk選購配件離心管 圓底 PP/PC TarsonsTube, Centrifuge, Round Bottom˙有PP及PC兩種材質,可高壓滅菌˙透明度高,耐化學性佳˙MAX.RCF 50000xg貨號 容量mL ODxH(mm) 材質 ea/pk/cs 價格eaATS-542010ATS-542020ATS-543010ATS-54302016501","https://ec.dgs.com.tw/catalog/files/basic-html/page73.html","https://ec.dgs.com.tw/catalog/catalog.html#p=73","2026-02-24T05:56:40.562Z"
"dgs_ecatalog-p73-c3","dgs_ecatalog","A","73","3","4",".RCF 50000xg貨號 容量mL ODxH(mm) 材質 ea/pk/cs 價格eaATS-542010ATS-542020ATS-543010ATS-5430201650165019.8x9931.1x10119.8x9931.1x101PPPPPCPC12/612/612/612/6ATS-540010ATS-54002016mL用內塞蓋50mL用內塞蓋100100貨號 容量mL ea/pk/cs 價格eaATS-541020ATS-541030ATS-541040ATS-5410501030507012/612/612/612/6螺蓋圓底離心管 PP TarsonsTube, Centrifuge ,Round Bottom, Screw Cap˙PP材質,可高壓滅菌˙化學性佳,耐腐蝕˙MAX.RCF 50000xg螺蓋離心瓶 PP TarsonsBottle, Centrifuge, PP˙PP材質,可高壓滅菌˙機械強度高˙應用於取樣、蛋白質純化、生物製藥、無菌液體的運送貨號 容量mL ODxH(mm) MAX.RCF 價格eaATS-544010ATS-54402025050062x12869.5x17075","https://ec.dgs.com.tw/catalog/files/basic-html/page73.html","https://ec.dgs.com.tw/catalog/catalog.html#p=73","2026-02-24T05:56:40.562Z"
"dgs_ecatalog-p73-c4","dgs_ecatalog","A","73","4","4","、蛋白質純化、生物製藥、無菌液體的運送貨號 容量mL ODxH(mm) MAX.RCF 價格eaATS-544010ATS-54402025050062x12869.5x17075004800細胞過濾器 Cell Strainer˙濾膜Nylon材質, 外框PP材質˙伽瑪射線單一滅菌包˙適用50mL離心管貨號 濾膜孔徑 μm 顏色 價格pkDP-151040DP-151070DP-1511104070100紫橙綠A基礎實驗器材以上價格與規格僅供參考 , 請以實際報價為主 A-061離心管","https://ec.dgs.com.tw/catalog/files/basic-html/page73.html","https://ec.dgs.com.tw/catalog/catalog.html#p=73","2026-02-24T05:56:40.562Z"
"dgs_ecatalog-p74-c1","dgs_ecatalog","A","74","1","4","微量離心管 0.4mL deltalabMicrotube, beckman type˙PE材質,耐溫至-10~-130℃˙容量0.4mL˙beckman type˙可離心14000xg˙尺寸5.5x47.5/mm˙最小訂購量1pk貨號 顏色 ea/pk 價格pkAD-900007 白 1000貨號 顏色 ea/pk 價格pkAD-4092.1NS 白 500微量離心管 0.5mL具刻度 deltalab0.5mL Microtube˙PP材質,耐溫-80℃~121℃可高溫高壓滅菌˙4092.1NS具低附著性表面,特別適用於蛋白質與核酸面的應用˙可離心17000xg˙刻度範圍0.1~0.6mL每100μl一刻劃˙尺寸8x30mm微量離心管 0.5mLVitatron@ type deltalabMicrotube, vitatron type˙PP材質可高壓滅菌,可耐溫至-10~130℃˙容量0.5mL˙vitatron type˙可離心11000xg˙尺寸7.5x31.25mm貨號 顏色 ea/pk 價格pkAD-900117 白 1000微量離心管 1.5mL具閉鎖蓋 deltalabSnapseal 1.5mL Mic","https://ec.dgs.com.tw/catalog/files/basic-html/page74.html","https://ec.dgs.com.tw/catalog/catalog.html#p=74","2026-02-24T05:56:40.562Z"
"dgs_ecatalog-p74-c2","dgs_ecatalog","A","74","2","4","xg˙尺寸7.5x31.25mm貨號 顏色 ea/pk 價格pkAD-900117 白 1000微量離心管 1.5mL具閉鎖蓋 deltalabSnapseal 1.5mL Microtube˙PP材質,可高溫高壓滅菌,耐溫-90℃~121℃˙特殊閉鎖式壓蓋,可確保蓋子不在高速離心時打開˙側邊附磨砂可書寫表面,每0.5mL一刻劃˙可離心20000xg˙DNAse, RNAse and pyrogen free˙尺寸11x39mm貨號 顏色 ea/pk 價格pkAD-4092.5N 白 500微量離心管 2.0mL 具刻度 deltalab2.0mL Microtube˙PP材質,可高溫高壓滅菌,耐溫-90℃~121℃˙AD-4092.6NS具低附著性表面,特別適用於蛋白質方面的應用˙側邊附磨砂可書寫表面,每0.1mL一刻劃˙可離心17000xg˙RNAse and DNAse free˙尺寸11x40mm貨號 顏色 ea/pk 價格pkAD-4092.6NS 白 250微量離心管 MDHCMicrotube˙符合USP Class VI要求聚丙烯(PP)製成˙耐溫-80℃~121℃,可濕熱滅菌(蓋子不可鎖緊)˙輻射滅菌,無D","https://ec.dgs.com.tw/catalog/files/basic-html/page74.html","https://ec.dgs.com.tw/catalog/catalog.html#p=74","2026-02-24T05:56:40.562Z"
"dgs_ecatalog-p74-c3","dgs_ecatalog","A","74","3","4","2.6NS 白 250微量離心管 MDHCMicrotube˙符合USP Class VI要求聚丙烯(PP)製成˙耐溫-80℃~121℃,可濕熱滅菌(蓋子不可鎖緊)˙輻射滅菌,無DNase/RNase,無熱原˙離心力23000xg貨號 容量mL ea/pk 價格pkAMD-41101511AMD-411020111.52500500微量離心管 0.5mL TarsonsMicrotube 0.5mL˙符合USP Class VI要求聚丙烯(PP)製成,可高溫高壓滅菌˙無DNase/RNase,無熱原˙離心力20,000 X g for 30 min˙側邊附磨砂可書寫表面及刻度貨號 規格 pk/cs 價格pkATS-500000-NATS-5000120.5mL 自然色 1000ea/pk0.5mL 茶色 1000ea/pk1010微量離心管 1.5mL TarsonsMicrotube 1.5mL˙符合USP Class VI要求聚丙烯(PP)製成,可高溫高壓滅菌 ˙無DNase/RNase,無熱原˙離心力20,000 X g for 30 min˙側邊附磨砂可書寫表面及刻度貨號 規格 pk/cs 價格pkATS-50001","https://ec.dgs.com.tw/catalog/files/basic-html/page74.html","https://ec.dgs.com.tw/catalog/catalog.html#p=74","2026-02-24T05:56:40.562Z"
"dgs_ecatalog-p74-c4","dgs_ecatalog","A","74","4","4",",可高溫高壓滅菌 ˙無DNase/RNase,無熱原˙離心力20,000 X g for 30 min˙側邊附磨砂可書寫表面及刻度貨號 規格 pk/cs 價格pkATS-500010-NATS-5000131.5mL 自然色 500ea/pk1.5mL 茶色 500ea/pk1010A基礎實驗器材A-062 以上價格與規格僅供參考 , 請以實際報價為主 微量離心管","https://ec.dgs.com.tw/catalog/files/basic-html/page74.html","https://ec.dgs.com.tw/catalog/catalog.html#p=74","2026-02-24T05:56:40.562Z"
"dgs_ecatalog-p75-c1","dgs_ecatalog","A","75","1","4","微量離心管 2.0mL TarsonsMicrotube 2.0mL˙符合USP Class VI要求聚丙烯(PP)製成,可高溫高壓滅菌˙無DNase/RNase,無熱原˙離心力20,000 X g for 30 min˙側邊附磨砂可書寫表面及刻度貨號 規格 pk/cs 價格pkATS-500020-NATS-5000142mL 自然色 500ea/pk2mL 茶色 500ea/pk1010連蓋式離心管 尖底 PP SmartGeneTube, Centrifuge, Snapseal˙管蓋和管身均為超透明特殊PP材質˙管身有書寫區方便標示,刻度標示:每格1mL˙DNase & RNase Free、Pyrogen Free、Endotoxin Free Human DNA Free˙可高溫高壓滅菌(121℃/15mins)˙適用各類實驗操作、樣品分裝˙每25ea/pk貨號 容量mL ØxH(mm) 描述 NAX.RCF 價格pkDP-SG6555000DP-SG6555900151517x12217x122透明茶色10000xg10000xg茶色微量離心管 PP SmartGeneMicrotube, Amber˙PP材質","https://ec.dgs.com.tw/catalog/files/basic-html/page75.html","https://ec.dgs.com.tw/catalog/catalog.html#p=75","2026-02-24T05:56:40.562Z"
"dgs_ecatalog-p75-c2","dgs_ecatalog","A","75","2","4","000DP-SG6555900151517x12217x122透明茶色10000xg10000xg茶色微量離心管 PP SmartGeneMicrotube, Amber˙PP材質˙可高溫高壓滅菌(121℃/15mins)˙管身有書寫區方便標示˙DNase & RNase Free、Pyrogen Free、Endotoxin Free Human DNA Free˙Class 10000無塵室生產製造貨號 容量mL ØxH(mm) NAX.RCF ea/pk 價格pkDP-SG6011900DP-SG60219001.5211x3911x4020000xg20000xg500500PCR反應管 8連排 0.2mL Tarsons0.2mL 8 Wells Strips and caps PCR Tube˙PP材質,超高透明度˙超薄管壁,熱傳導均勻快速˙適用於多數0.2mL PCR machine˙無塵室製作,Dnase & Rnase free˙有平蓋及超透明蓋可選擇˙ATS-610060亦適用於QPCR˙125條/bx貨號 規格 價格bxATS-610040ATS-6100608連排+8連蓋 平蓋 0.2mL8連排+8連","https://ec.dgs.com.tw/catalog/files/basic-html/page75.html","https://ec.dgs.com.tw/catalog/catalog.html#p=75","2026-02-24T05:56:40.562Z"
"dgs_ecatalog-p75-c3","dgs_ecatalog","A","75","3","4","有平蓋及超透明蓋可選擇˙ATS-610060亦適用於QPCR˙125條/bx貨號 規格 價格bxATS-610040ATS-6100608連排+8連蓋 平蓋 0.2mL8連排+8連蓋 超透明蓋 0.2mLQPCR反應管 8連排 0.1mL Tarsons0.1mL 8 Wells Strips and caps PCR Tube˙PP材質,超高透明度˙超薄管壁,熱傳導均勻快速˙適用於多數0.1mL PCR machine, QPCR˙無塵室製作,Dnase & Rnase free˙125條/bx貨號 規格 價格bxATS-611030 8連排+8連蓋 超透明蓋 0.1mL貨號 規格 價格bxDP-BL7103DP-BL7112DP-BL7108DP-BL7109平蓋/附管、蓋 透明 120ea/bx平蓋/附管、蓋 褐色 120ea/bx只有管身 透明 125ea/bx平蓋/只有上蓋 透明 125ea/bxPCR反應管 8連排 台製8 Wells Strips and caps PCR Tube˙8連排0.2mL PCR反應管,適合所有 PCR machine˙採超薄壁管設計,傳熱效率高,實驗結果可高度重複性˙無塵室製作,D","https://ec.dgs.com.tw/catalog/files/basic-html/page75.html","https://ec.dgs.com.tw/catalog/catalog.html#p=75","2026-02-24T05:56:40.562Z"
"dgs_ecatalog-p75-c4","dgs_ecatalog","A","75","4","4","Strips and caps PCR Tube˙8連排0.2mL PCR反應管,適合所有 PCR machine˙採超薄壁管設計,傳熱效率高,實驗結果可高度重複性˙無塵室製作,Dnase & Rnase free˙PP材質,超高透明度˙平蓋為磨砂處理,方便書寫QPCR反應管 獨立蓋 8連排 0.2mL Tarsons0.2mL 8 Wells Strips and caps PCR Tube˙PP材質,超高透明度˙超薄管壁,熱傳導均勻快速˙適用於多數0.2mL PCR machine, QPCR˙無塵室製作,Dnase & Rnase free˙每支tube上為獨立之平頭蓋˙120條/bx貨號 規格 價格bxATS-610080 8連排+獨立蓋 0.2mLA基礎實驗器材以上價格與規格僅供參考 , 請以實際報價為主 A-063PCR反應管","https://ec.dgs.com.tw/catalog/files/basic-html/page75.html","https://ec.dgs.com.tw/catalog/catalog.html#p=75","2026-02-24T05:56:40.562Z"
"dgs_ecatalog-p76-c1","dgs_ecatalog","A","76","1","4","PCR反應管 獨立蓋8連排 0.2mL 台製Individually & optically 8 Wells Strips Tube˙採用超薄壁管設計,傳熱效率高˙Dnase & Rnase free˙PP材質,超高透明度˙每支tube上為獨立之平頭蓋˙可保持Sample乾淨,不易汙染˙可同時上機,亦可剪成單管使用˙不會發生因撕開傳統型八連排蓋子用力過當而導致sample灑出貨號 規格 價格bxDP-SG4022 獨立蓋 透明 120ea/bxPCR反應管 平蓋 0.2mL Tarsons0.2mL 8 Wells Strips and caps PCR Tube˙PP材質,高透明度˙超薄管壁,熱傳導均勻快速˙適用於多數0.2mL PCR machine˙1000ea/pk貨號 規格 價格pkATS-510051 平蓋 0.2mLPCR反應管 平蓋 0.2mL 台製0.2mL PCR Tube with Cap˙PP材質,超高透明度˙超薄管壁,熱傳導均勻快速˙適用各廠所有0.2mL PCR machine˙無塵室製作,Dnase & Rnase free˙1000ea/bx貨號 規格 價格bxDP-BL7001DP-BL70","https://ec.dgs.com.tw/catalog/files/basic-html/page76.html","https://ec.dgs.com.tw/catalog/catalog.html#p=76","2026-02-24T05:56:40.562Z"
"dgs_ecatalog-p76-c2","dgs_ecatalog","A","76","2","4","導均勻快速˙適用各廠所有0.2mL PCR machine˙無塵室製作,Dnase & Rnase free˙1000ea/bx貨號 規格 價格bxDP-BL7001DP-BL7002DP-BL7003DP-BL7004DP-BL7005DP-BL7008透明藍色綠色黃色紫色棕色深孔盤 MDHCDeep Well Plate˙符合 USP Class VI要求聚丙烯(PP)製成˙在十萬級潔淨室生產包裝˙無DNase/RNase,無熱原,低殘留˙耐溫-86℃~121℃可高溫高壓滅菌˙為方孔V型底貨號 容量mL WxDxH(mm) ea/pk/cs 價格csAMD-31122201 2.2 127.3x85.25x44 5/10 貨號 規格 bx/cs 價格bxDP-BL6071DP-BL6072DP-BL6073DP-BL6074DP-BL6075DP-BL6077DP-BL6078無襯邊 透明 10ea/bx無襯邊 黃色 10ea/bx無襯邊 綠色 10ea/bx無襯邊 藍色 10ea/bx無襯邊 紫色 10ea/bx無襯邊 黑色 10ea/bx半襯邊 透明 10ea/bx10101010101010˙採用超薄壁管設計之96","https://ec.dgs.com.tw/catalog/files/basic-html/page76.html","https://ec.dgs.com.tw/catalog/catalog.html#p=76","2026-02-24T05:56:40.562Z"
"dgs_ecatalog-p76-c3","dgs_ecatalog","A","76","3","4","10ea/bx無襯邊 藍色 10ea/bx無襯邊 紫色 10ea/bx無襯邊 黑色 10ea/bx半襯邊 透明 10ea/bx10101010101010˙採用超薄壁管設計之96孔盤,傳熱效率高,實驗結果高度可重複性˙適用各大廠牌之PCR machine˙無塵室製作,DNase & Rnase free˙PP材質,超高透明度˙斜切角設計,易於辨識反應盤方向˙管口環狀突起,可使各式鋁箔或塑膠封膜、8/12連排蓋 、矽膠片之密封效果更佳˙反應盤邊緣備有黑色印刷英文字母A-H及數字1~12標號,判讀更為清楚PCR反應盤 0.2mL 台製96 well PCR Plate貨號 規格 價格bxDP-BL6181 96孔PCR用 5ea/bx96孔儲存用矽膠蓋墊 台製Silicone Mat˙矽膠材質,96孔圓孔狀˙適用所有96 well PCR plate˙可清潔、可高溫滅菌至121℃,可重複使用塑膠微量培養盤 96孔 deltalabMicrotitraion Plate 96-Well˙PS材質,透明清晰˙單個無菌包裝˙尺寸127.7x85.8/mm貨號 規格 ea/cs 價格csAD-900010AD-900011AD-900","https://ec.dgs.com.tw/catalog/files/basic-html/page76.html","https://ec.dgs.com.tw/catalog/catalog.html#p=76","2026-02-24T05:56:40.562Z"
"dgs_ecatalog-p76-c4","dgs_ecatalog","A","76","4","4","ion Plate 96-Well˙PS材質,透明清晰˙單個無菌包裝˙尺寸127.7x85.8/mm貨號 規格 ea/cs 價格csAD-900010AD-900011AD-900012AD-900015圓底 0.281mL U型平底 0.404mL ㄩ型尖底 0.219mL V型蓋子50505050A基礎實驗器材A-064 以上價格與規格僅供參考 , 請以實際報價為主 PCR反應盤","https://ec.dgs.com.tw/catalog/files/basic-html/page76.html","https://ec.dgs.com.tw/catalog/catalog.html#p=76","2026-02-24T05:56:40.562Z"
"dgs_ecatalog-p77-c1","dgs_ecatalog","A","77","1","4","PCR反應盤黏性封膜 台製Adhesive Sealing Film for PCR Plate自黏式鋁箔封膜:˙黏性超強PCR封膜,防止在反應或保存樣品時的蒸發損失˙透過透明封膜可觀察到樣品˙撕開封膜後膠不殘留熱封式鋁箔封膜:˙專為PCR及儲存盤設計,封膜不具黏性˙藉由加熱將封膜密封在反應盤上,可完整密封˙長期儲存及低溫運送最佳選擇˙可妥善封存96孔盤之儲存樣品˙另有捲式熱封膜,可供大量操作˙熱封式鋁箔封膜,需搭配可加熱式之熱封機使用貨號 規格 價格DP-BL6174DP-BL6170DP-BL6169黏膠式透明封膜76x140mm/片(±2mm)100ea/bx熱封式鋁箔封膜80x135mm/片(±2mm)100ea/bx 熱封式鋁箔封膜80mmx250M/捲(±2mm)貨號 規格 ea/bx 價格eaDP-BL6241 橡膠滾輪 1PCR反應盤用 強力封膜滾輪 台製Roll Wheel˙橡膠材質不會刮破或刮傷封膜、反應盤˙可將封膜黏的更緊密˙使用簡單、省力貨號 規格 ea/bx 價格eaDP-SG9100 8連排開關蓋器 18連排開關蓋器 台製EZ OpenCap˙EZ OpenCap 可輕易打開並取出8/12連排管蓋","https://ec.dgs.com.tw/catalog/files/basic-html/page77.html","https://ec.dgs.com.tw/catalog/catalog.html#p=77","2026-02-24T05:56:40.562Z"
"dgs_ecatalog-p77-c2","dgs_ecatalog","A","77","2","4","使用簡單、省力貨號 規格 ea/bx 價格eaDP-SG9100 8連排開關蓋器 18連排開關蓋器 台製EZ OpenCap˙EZ OpenCap 可輕易打開並取出8/12連排管蓋,避免用手撕開管蓋時,容易引起液體飛濺造成的交叉汙染˙0.2mL 8連排、12連排、圓蓋、平蓋、獨立蓋均可適用˙操作簡單,搭配96孔 PCR操作架即可使用,可重複滅菌,避免汙染˙握把處特別設計的凹槽,可當作簡易壓蓋器使用,可吊掛在Bench上,不易遺失貨號 容量mL ea/bx 價格bxAD-409113-6 2 100菌種保存管 deltalabCryoinstant˙PP材質,可耐低溫-190℃,蓋子附防漏O-ring,上有凹槽可插入色片˙附刻度及書寫區˙無菌冷凍小管,管內附有25個培養珠,可使用25次微生物培養˙蓋子共有白,藍,綠,黃,紅等五個顏色,每個顏色各20支,配合其蓋子顏色而有不同顏色培養珠,達到不同分類效果˙冷凍盒尺寸:150x150x55mm使用方式 :菌種保存/復種步驟1.使用無菌接種環挑取新鮮菌種2.將菌種放入冷凍管中3.旋緊上蓋後,上下搖晃,使得菌種均勻,勿旋搖4.使用無菌吸管將管內的液體取出5.旋緊上蓋後,迅速將其保存管置","https://ec.dgs.com.tw/catalog/files/basic-html/page77.html","https://ec.dgs.com.tw/catalog/catalog.html#p=77","2026-02-24T05:56:40.562Z"
"dgs_ecatalog-p77-c3","dgs_ecatalog","A","77","3","4","菌種保存/復種步驟1.使用無菌接種環挑取新鮮菌種2.將菌種放入冷凍管中3.旋緊上蓋後,上下搖晃,使得菌種均勻,勿旋搖4.使用無菌吸管將管內的液體取出5.旋緊上蓋後,迅速將其保存管置於冷凍箱6.使用無菌接種針取出一個培養珠7.將其培養珠平滑劃在液體培養基中冷凍小瓶 PPCryogenic Vials˙PP材質,可高壓滅菌,耐溫-196℃~121℃˙RNAse DNAse and pyrogen free˙每包裝皆為伽瑪射線滅菌˙外牙式螺蓋附防漏 o-ring˙可離心17000g˙蓋上有凹槽可插入色片貨號 容量mL H(mm) ea/pk 價格pkAD-409105.1AD-409106.1AD-409107AD-409108AD-4091091.22.03.04.05.04249717792100100100100100冷凍小瓶蓋用色片 Cryogenic Vials, Closure color code˙PP材質,可搭配同廠牌之冷凍小瓶使用貨號 顏色 ea/pk 價格pkAD-409003AAD-409003AMAD-409003RAD-409003V藍黃紅綠500500500500A基礎實驗器材以上價格與規格僅供參考 ,","https://ec.dgs.com.tw/catalog/files/basic-html/page77.html","https://ec.dgs.com.tw/catalog/catalog.html#p=77","2026-02-24T05:56:40.562Z"
"dgs_ecatalog-p77-c4","dgs_ecatalog","A","77","4","4","顏色 ea/pk 價格pkAD-409003AAD-409003AMAD-409003RAD-409003V藍黃紅綠500500500500A基礎實驗器材以上價格與規格僅供參考 , 請以實際報價為主 A-065冷凍小瓶","https://ec.dgs.com.tw/catalog/files/basic-html/page77.html","https://ec.dgs.com.tw/catalog/catalog.html#p=77","2026-02-24T05:56:40.562Z"
"dgs_ecatalog-p78-c1","dgs_ecatalog","A","78","1","4","冷凍小瓶 MDHCCryogenic Vials˙符合 USP Class VI要求聚丙烯(PP)製成˙耐溫-196℃~121℃˙RNAse DNAse and pyrogen free˙具二維碼、條碼及白色書寫區,可以更安全快速地識別及追蹤樣品˙外牙式螺蓋,密封性佳˙AMD-844203為袋裝,其他型號為盒裝貨號 容量mL H(mm) ea/rack 價格AMD-741511AMD-711911AMD-744011AMD-844203AMD-8442011.41.853.91.851.8535.443.179.840.840.8484848100(pk)100冷凍小瓶 TarsonsCryogenic Vials貨號 規格 pk/cs 價格pkATS-523011ATS-523021ATS-523192ATS-523193ATS-523111ATS-523112ATS-523113ATS-523114ATS-5231151.0mL 外旋蓋 25ea/pk1.8mL 外旋蓋 25ea/pk1.0mL 內旋蓋 25ea/pk1.8mL 內旋蓋 25ea/pk白 100ea/pk藍 100ea/pk紅 100ea/pk黃 100","https://ec.dgs.com.tw/catalog/files/basic-html/page78.html","https://ec.dgs.com.tw/catalog/catalog.html#p=78","2026-02-24T05:56:40.562Z"
"dgs_ecatalog-p78-c2","dgs_ecatalog","A","78","2","4","a/pk1.8mL 外旋蓋 25ea/pk1.0mL 內旋蓋 25ea/pk1.8mL 內旋蓋 25ea/pk白 100ea/pk藍 100ea/pk紅 100ea/pk黃 100ea/pk綠 100ea/pk4040404055555˙瓶身為PP材質,瓶蓋為HDPE材質˙具白色書寫區˙蓋上有凹槽可插入色片螺旋蓋冷凍管 MDHCMicrotube, Screw Cap˙符合 USP Class VI要求聚丙烯(PP)製成˙在十萬級潔淨室生產包裝˙無DNase/RNase,無熱原,低殘留˙耐溫-86℃~121℃可高溫高壓滅菌˙外牙式螺蓋,內有矽膠密封墊圈,密封更佳˙自立式腳座,可單手操作貨號 容量mL 顏色 ea/pk 價格pkAMD-831053AMD-831153AMD-831203AMD-837053AMD-837153AMD-8372030.51.520.51.52透明透明透明茶色茶色茶色500500500500500500冷凍小瓶用放置管 鋁質 美製CryoCane, Aluminum˙有分隔鋁管可放置1.0~2.0mL冷凍小瓶5支˙無分隔鋁管可放置1.0~2.0mL6支, 5mL3支貨號 全長mm 價格eaC9CT","https://ec.dgs.com.tw/catalog/files/basic-html/page78.html","https://ec.dgs.com.tw/catalog/catalog.html#p=78","2026-02-24T05:56:40.562Z"
"dgs_ecatalog-p78-c3","dgs_ecatalog","A","78","3","4","鋁質 美製CryoCane, Aluminum˙有分隔鋁管可放置1.0~2.0mL冷凍小瓶5支˙無分隔鋁管可放置1.0~2.0mL6支, 5mL3支貨號 全長mm 價格eaC9CT-CANE5C9CT-CANE6290 有分隔290 無分隔冷凍小瓶 放置管保護套 HeathrowCryoSleeve˙PVC材質˙保護放置於鋁夾之冷凍小瓶貨號 直徑x長度mm 包裝 價格eaAHW-HS23210 15x275 100ea/pk玻璃培養皿 KIMBLEPetri Dish˙KG-33硼矽酸玻璃材質˙皿蓋標示區為紅色琺瑯質,並印有”COVER”字樣˙皿身標示區為白色琺瑯質,並印有”BOTTOM”字樣˙經高溫滅菌後仍可維持其玻璃之清澈度貨號 ID(mm) H(mm) ea/bx/cs 價格eaAK23061-10020 100 20 32玻璃培養皿 NORMAXPetri Dish˙玻璃製,可高溫滅菌˙上下皿皆清澈透明,底部光滑平整貨號 ID(mm) H(mm) ea/bx 價格eaANX-5058541ANX-5058546ANX-5058548ANX-5058550ANX-5058558609010012015015152020","https://ec.dgs.com.tw/catalog/files/basic-html/page78.html","https://ec.dgs.com.tw/catalog/catalog.html#p=78","2026-02-24T05:56:40.562Z"
"dgs_ecatalog-p78-c4","dgs_ecatalog","A","78","4","4","mm) ea/bx 價格eaANX-5058541ANX-5058546ANX-5058548ANX-5058550ANX-5058558609010012015015152020253036367236滅菌培養皿 PSDish, Petri, PS, Sterile ˙NON-cytotoxic PS材質製成˙清澈透明˙底部光滑平整,以提供均勻的培養基厚度貨號 規格 ea/pk/cs 價格csDP-23031090 90mm 10/50A基礎實驗器材A-066 以上價格與規格僅供參考 , 請以實際報價為主 培養皿","https://ec.dgs.com.tw/catalog/files/basic-html/page78.html","https://ec.dgs.com.tw/catalog/catalog.html#p=78","2026-02-24T05:56:40.562Z"
"dgs_ecatalog-p79-c1","dgs_ecatalog","A","79","1","3","細胞培養皿 PS MDHCcell culture dish˙符合USP Class VI要求聚苯乙烯PS材質˙TC表面處理˙皿側有齒環設計,易於抓握(150mm除外)˙上蓋外緣凸起,便於堆疊不滑落˙皿蓋凸點設計,利於氣體交換˙輻射滅菌, 無DNase/RNase,無熱原貨號 IDxH(mm) ea/pk/cs 價格csAMD-23035111AMD-23060111AMD-23100111AMD-2315011135x12.560x14.85100x20.8150x27.1510/5010/5010/155/20細胞培養盤 MDHCCell Culture Plate˙符合 USP Class VI要求 聚苯乙烯PS材質˙TC表面處理˙6、12、24、48、96平底和96U型底等規格可選˙單一滅菌包裝˙輻射滅菌,無DNase/RNase,無熱原貨號 描述 價格csAMD-21006011AMD-21012011AMD-21024011AMD-21048011AMD-21096011AMD-210970116孔平底 100ea/cs12孔平底 100ea/cs24孔平底 100ea/cs48孔平底 100ea/cs96孔平底","https://ec.dgs.com.tw/catalog/files/basic-html/page79.html","https://ec.dgs.com.tw/catalog/catalog.html#p=79","2026-02-24T05:56:40.562Z"
"dgs_ecatalog-p79-c2","dgs_ecatalog","A","79","2","3","048011AMD-21096011AMD-210970116孔平底 100ea/cs12孔平底 100ea/cs24孔平底 100ea/cs48孔平底 100ea/cs96孔平底 100ea/cs96孔U底 100ea/cs塑膠培養皿 台製Sterile Petri Dish˙PS材質製成˙為最經濟型之拋棄式培養皿˙整箱訂購另有折扣註:滅菌培養皿使用GAMMA射線滅菌 貨號 規格 ea/pk/cs 價格pkDP-43060DP-43061DP-43090DP-43091DP-43150DP-4315155mm 55mm 滅菌 90mm 90mm 滅菌 150mm 150mm 滅菌 10/12020/6020/2520/2510/1810/18不鏽鋼培養皿 日製Stainless Petri Dish˙SUS304不鏽鋼製貨號 ID(mm) H(mm) 價格eaC8AS-OM2575C8AS-OM259075902020不鏽鋼培養皿旋轉台 台製Table, turn, Petri Diah cell spreaders˙不鏽鋼材質˙適用於9cm培養皿貨號 ODxH(mm) 價格eaD8GA-23010 113x70不鏽鋼抗生","https://ec.dgs.com.tw/catalog/files/basic-html/page79.html","https://ec.dgs.com.tw/catalog/catalog.html#p=79","2026-02-24T05:56:40.562Z"
"dgs_ecatalog-p79-c3","dgs_ecatalog","A","79","3","3","ble, turn, Petri Diah cell spreaders˙不鏽鋼材質˙適用於9cm培養皿貨號 ODxH(mm) 價格eaD8GA-23010 113x70不鏽鋼抗生素培養環(牛津杯) 台製Ring˙不鏽鋼製˙使用於抗生素對微生物的抑制生長實驗˙使用方式為將此環直立於帶有微生物的平板培養基上,環內倒入抗生素,培養後,觀察抗生素周邊微生物生長的結果˙培養基上可放入多個環,倒入不同的抗生素來比較抗生素的抑制效果貨號 規格 價格eaD8GA-106000 內徑6x外徑8x高10/mm康威氏皿 Conway Dish˙硼矽酸玻璃製成˙固定夾為鐵製˙利用微量擴散法應用於食品檢驗˙可搭配水平微量滴管使用貨號 規格 價格DG23100-10000DG23100-10001整組 含本體 上蓋及固定夾康威氏皿固定夾水平微量滴定器Buret, Micro, Horizontal Type˙適用於微量的容量分析˙可搭配康衛氏皿使用˙滴定瓶容量125mL˙矽膠帽容量1mL貨號 容量/最小刻度mL 價格eaDG23100-15002 0.15/0.02A基礎實驗器材以上價格與規格僅供參考 , 請以實際報價為主 A-067培養皿","https://ec.dgs.com.tw/catalog/files/basic-html/page79.html","https://ec.dgs.com.tw/catalog/catalog.html#p=79","2026-02-24T05:56:40.562Z"
"dgs_ecatalog-p80-c1","dgs_ecatalog","A","80","1","3","接種棒(白金耳)&接種環Loop Holder & Loop貨號 描述 價格eaD8GA-23000D8GA-23001D8GA-23002D8GA-23004D8GA-23005D8GA-23006接種棒(不含接種環) L 210/mm白金接種環 1.5mm 1μl白金接種環 3.0mm 10μl不鏽鋼接種環 1.5mm 1μl不鏽鋼接種環 3.0mm 10μl不鏽鋼接種環 5.0mm 25μl˙銅製鍍鉻,塑膠手柄白金線Platinum Wire˙純白金材質˙適用於微生物接種使用˙可裁剪適當長度後彎折成接種環使用貨號 線徑mm 價格cmD8GR-24001D8GR-24002D8GR-240030.30.51貨號 容量μl ea/pk 價格pkBK-2650BK-26511102020˙PS材質,滅菌包裝˙藍色為10μl,白色為1μl˙一邊為接種環,另一邊為接種針˙最小訂購量1pk塑膠滅菌接種棒 KartellInoculating Stering Loop塑膠滅菌接種棒 deltalabInoculating Stering Loop˙PS材質,滅菌包裝˙一邊為接種環,另一邊為接種針˙1μl環,內徑1.42mm,接種量誤","https://ec.dgs.com.tw/catalog/files/basic-html/page80.html","https://ec.dgs.com.tw/catalog/catalog.html#p=80","2026-02-24T05:56:40.562Z"
"dgs_ecatalog-p80-c2","dgs_ecatalog","A","80","2","3","g Loop塑膠滅菌接種棒 deltalabInoculating Stering Loop˙PS材質,滅菌包裝˙一邊為接種環,另一邊為接種針˙1μl環,內徑1.42mm,接種量誤差±5%˙10μl環,內徑3.98mm,接種量誤差±2.5%貨號 容量μl ea/pk/bx 價格AD-302743AD-302744AD-302745AD-302753AD-302754AD-3027551 綠色(單支包)1 綠色1 綠色10 藍色(單支包)10 藍色10 藍色1/60010/14020/1251/60010/14020/125無菌塗抹棒 三角形 HeathrowDisposable Cell Spreaders˙ABS材質製成˙三角形的設計提供更快,更平滑之塗抹功能˙光滑的表面不會劃破培養基或干擾微生物樣本之塗抹˙包裝已滅菌,可直接使用˙適於微生物學之應用貨號 WxH(mm) ea/pk/cs 價格eaAHW-HS8151 37x172 1/500無菌塗抹棒 L形 HeathrowDisposable Cell Spreaders˙ABS材質製成˙L形的設計提供更快,更平滑之塗抹功能˙光滑的表面不會劃破培養基或干擾微生物樣本之塗","https://ec.dgs.com.tw/catalog/files/basic-html/page80.html","https://ec.dgs.com.tw/catalog/catalog.html#p=80","2026-02-24T05:56:40.562Z"
"dgs_ecatalog-p80-c3","dgs_ecatalog","A","80","3","3","塗抹棒 L形 HeathrowDisposable Cell Spreaders˙ABS材質製成˙L形的設計提供更快,更平滑之塗抹功能˙光滑的表面不會劃破培養基或干擾微生物樣本之塗抹˙包裝已滅菌,可直接使用˙適於微生物學之應用˙每包為10支滅菌包貨號 WxH(mm) ea/pk/cs 價格pkAHW-HS8181AHW-HS8171A38x14638x14610/501(獨立包裝)貨號 型式 ODx全長mm 價格eaDG-L002DG-L003L型△型6x1905x160玻璃塗抹棒 台製Glass Cell Spreaders˙玻璃材質製成˙L型及△型的設計提供更快,更平滑之塗抹功能˙光滑的表面不會劃破培養基或干擾微生物樣本之塗抹˙適於微生物學之應用 ˙△型塗抹部寬40mmA基礎實驗器材A-068 以上價格與規格僅供參考 , 請以實際報價為主 接種棒","https://ec.dgs.com.tw/catalog/files/basic-html/page80.html","https://ec.dgs.com.tw/catalog/catalog.html#p=80","2026-02-24T05:56:40.562Z"
"dgs_ecatalog-p81-c1","dgs_ecatalog","A","81","1","4","真空採血管 BDBlood Collection˙管身皆付標籤便於紀錄˙管身為玻璃或塑膠材質˙每盒(bx)100支貨號 描述 蓋顏色/管身材質 容量mL ØxL(mm) bx/cs 價格CD-367921CD-367820CD-367861CD-367525CD-367874CD-367871CD-367953CD-364815CD-360211CD-360213Fluoride Tubes 衛署醫器輸字第015449號Serum Tubes 衛署醫器輸字第013132號EDTA Tubes 衛署醫器輸字第015450號EDTA Tubes 衛署醫器輸字第013131號Heparin Tubes 衛署醫器輸字第015653號Heparin Tubes 衛署醫器輸字第015653號SST™ II Advance Tubes 衛署醫器輸字第015320號Holder,250ea/pk 衛署醫器輸字第015752號真空採血針 衛署醫器輸字第007568號真空採血針 衛署醫器輸字第007568號灰/塑膠紅/塑膠紫/塑膠紫/塑膠綠/塑膠綠/塑膠黃/塑膠黑綠2104101048.513x7516x10013x7516x10016x100","https://ec.dgs.com.tw/catalog/files/basic-html/page81.html","https://ec.dgs.com.tw/catalog/catalog.html#p=81","2026-02-24T05:56:40.562Z"
"dgs_ecatalog-p81-c2","dgs_ecatalog","A","81","2","4","真空採血針 衛署醫器輸字第007568號灰/塑膠紅/塑膠紫/塑膠紫/塑膠綠/塑膠綠/塑膠黃/塑膠黑綠2104101048.513x7516x10013x7516x10016x10013x7516x100 雙向 雙向101010101010101010CD-367921 CD-367820 CD-367861 CD-367525 CD-367874 CD-367871 CD-367953 CD-364815塑膠滅菌刮杓 PEDisposable Cell Scraper貨號 描述 價格csDP-701250DP-701180DP-702180柄長25 cm,刀片長度1.8cm(圖A)柄長18 cm,刀片長度1.8cm(圖B)柄長18 cm,刀片長度2.0cm(圖C)˙PE材質˙單支滅菌包裝˙適合使用於培養瓶及培養皿貨號 描述 bx/cs 價格csAP-0111500AP-0111520AP-0111550AP-0111560AP-0111580AP-0111600AP-0111620AP-0111640AP-011165010 mm 100ea/bx12 mm 100ea/bx15 mm 100ea/bx16 mm 100ea","https://ec.dgs.com.tw/catalog/files/basic-html/page81.html","https://ec.dgs.com.tw/catalog/catalog.html#p=81","2026-02-24T05:56:40.562Z"
"dgs_ecatalog-p81-c3","dgs_ecatalog","A","81","3","4","0111600AP-0111620AP-0111640AP-011165010 mm 100ea/bx12 mm 100ea/bx15 mm 100ea/bx16 mm 100ea/bx18 mm 100ea/bx20 mm 100ea/bx22 mm 100ea/bx24 mm 100ea/bx25 mm 100ea/bx101010101010101010蓋玻片 NO.1 圓形 MARIENFELDCover Glass,Circle,NO.1˙硼矽酸玻璃材質製成˙適用於體外診斷˙厚度0.13~0.16mm(NO.1)˙每cs1000片˙最小訂購量1cs蓋玻片 NO.1 方形 MARIENFELDCover Glass,Square,NO.1˙硼矽酸玻璃材質製成˙適用於體外診斷˙厚度0.13~0.16mm(NO.1)˙每盒(bx)100片貨號 描述 bx/cs 價格bxAP-0101030AP-0101050AP-0101172AP-0101192AP-0101222AP-010124218x18mm,100ea/bx22x22mm,100ea/bx24x32mm,100ea/bx24x40mm,100ea/bx24x5","https://ec.dgs.com.tw/catalog/files/basic-html/page81.html","https://ec.dgs.com.tw/catalog/catalog.html#p=81","2026-02-24T05:56:40.562Z"
"dgs_ecatalog-p81-c4","dgs_ecatalog","A","81","4","4","92AP-0101222AP-010124218x18mm,100ea/bx22x22mm,100ea/bx24x32mm,100ea/bx24x40mm,100ea/bx24x50mm,100ea/bx24x60mm,100ea/bx101010101010蓋玻片 NO.1.5 方形 MARIENFELDCover Glass,Square,NO.1.5˙硼矽酸玻璃材質製成˙適用於體外診斷˙厚度:0.16~0.19mm貨號 描述 bx/cs 價格bxAP-0102032AP-0102052AP-0102172AP-0102192AP-0102222AP-010224218x18 mm,200ea/bx22x22 mm,200ea/bx24x32 mm,100ea/bx24x40 mm,100ea/bx24x50 mm,100ea/bx24x60 mm,100ea/bx101010101010 A基礎實驗器材以上價格與規格僅供參考 , 請以實際報價為主 A-069蓋玻片","https://ec.dgs.com.tw/catalog/files/basic-html/page81.html","https://ec.dgs.com.tw/catalog/catalog.html#p=81","2026-02-24T05:56:40.562Z"
"dgs_ecatalog-p82-c1","dgs_ecatalog","A","82","1","4","蓋玻片 NO.1.5H 方形 高精度 MARIENFELDHigh Precision Cover Glass,Square,NO.1.5H˙硼矽酸玻璃材質˙適用於體外診斷˙與蔡司和SCHOTT技術合作,特別適用於高倍率解析顯微鏡˙厚度:0.170mm±0.005mm˙光學特性:ne值1.524~1.527(於波長546.07nm);阿貝係數(Abbe)Ve=55˙建議使用於下列光學值目鏡:乾式目鏡:NA≧0.7,浸水式目鏡:NA≧1.0;甘油式目鏡:NA≧1.2,礦物油式目鏡:NA≧1.3˙最小訂購量1cs貨號 描述 bx/cs 價格csAP-0107032AP-0107052AP-0107222AP-010724218x18mm,200ea/bx22x22mm,200ea/bx24x50mm,100ea/bx24x60mm,100ea/bx10101010蓋玻片 NO.1.5H 圓形 高精度 MARIENFELDHigh Precision Cover Glass, Circle, NO.1.5H˙硼矽酸玻璃材質˙適用於體外診斷˙與蔡司和SCHOTT技術合作,特別適用於高倍率解析顯微鏡˙厚度:0.170mm±0.005m","https://ec.dgs.com.tw/catalog/files/basic-html/page82.html","https://ec.dgs.com.tw/catalog/catalog.html#p=82","2026-02-24T05:56:40.562Z"
"dgs_ecatalog-p82-c2","dgs_ecatalog","A","82","2","4","over Glass, Circle, NO.1.5H˙硼矽酸玻璃材質˙適用於體外診斷˙與蔡司和SCHOTT技術合作,特別適用於高倍率解析顯微鏡˙厚度:0.170mm±0.005mm˙光學特性:ne值1.524~1.527(於波長546.07nm);阿貝係數(Abbe)Ve=55˙建議使用於下列光學值目鏡:乾式目鏡:NA≧0.7,浸水式目鏡:NA≧1.0;甘油式目鏡:NA≧1.2,礦物油式目鏡:NA≧1.3˙最小訂購量1cs貨號 描述 bx/cs 價格csAP-0117500AP-0117520AP-0117580AP-0117640AP-011765010mm,100ea/bx12mm,100ea/bx18mm,100ea/bx24mm,100ea/bx25mm,100ea/bx1010101010光面載玻片 DGSMicroscope Slide, Opticlear˙厚度為1~1.2mm˙每盒(bx)50片˙適用於各種實驗使用, 亦適用於自動封片機貨號 描述 bx/cs 價格bxG15100-00000 26x76x1~1.2mm 50ea/bx 50磨砂載玻片 DGSMicroscope Slide, Frosted","https://ec.dgs.com.tw/catalog/files/basic-html/page82.html","https://ec.dgs.com.tw/catalog/catalog.html#p=82","2026-02-24T05:56:40.562Z"
"dgs_ecatalog-p82-c3","dgs_ecatalog","A","82","3","4","封片機貨號 描述 bx/cs 價格bxG15100-00000 26x76x1~1.2mm 50ea/bx 50磨砂載玻片 DGSMicroscope Slide, Frosted One End˙厚度為1~1.2mm,1/3處磨砂˙每盒(bx)50片˙適用於各種實驗使用, 亦適用於自動封片機貨號 描述 bx/cs 價格bxG15101-00000 26x76x1~1.2mm 50ea/bx 50磨砂載玻片 MARIENFELDMicroscope Slide, Frosted One End˙硼矽酸玻璃材質製成˙適用於各種實驗使用,亦適用於自動封片機˙尺寸26x76mm厚度1~1.2mm˙每盒(bx)50片貨號 描述 bx/cs 價格bxAP-1005612 1/3處磨砂 50ea/bx 50 彩色載玻片 德製Microscope Slide, Color One End˙Soda Lime玻璃製成˙尺寸26x76mm˙厚度為1.0±0.05mm˙彩色烤漆利於識別並可書寫˙適用於各種實驗使用,可高壓滅菌˙每盒(bx)50片貨號 顏色 bx/cs 價格bxAP-0703010AP-0703110AP-0703210AP-07","https://ec.dgs.com.tw/catalog/files/basic-html/page82.html","https://ec.dgs.com.tw/catalog/catalog.html#p=82","2026-02-24T05:56:40.562Z"
"dgs_ecatalog-p82-c4","dgs_ecatalog","A","82","4","4","˙彩色烤漆利於識別並可書寫˙適用於各種實驗使用,可高壓滅菌˙每盒(bx)50片貨號 顏色 bx/cs 價格bxAP-0703010AP-0703110AP-0703210AP-0703310AP-0703410AP-0703510白黃綠藍粉紅橙505050505050彩色載玻片 台製Microscope Slide, Color One End˙玻璃材質製成˙尺寸26x76mm˙厚度為1~1.1mm˙彩色烤漆利於識別並可書寫˙適用於各種實驗使用,亦適用於自動封片機˙每盒(bx)50片貨號 顏色 bx/cs 價格bxDG75006-00021DG75006-00022白粉紅5050A基礎實驗器材A-070 以上價格與規格僅供參考 , 請以實際報價為主 載玻片","https://ec.dgs.com.tw/catalog/files/basic-html/page82.html","https://ec.dgs.com.tw/catalog/catalog.html#p=82","2026-02-24T05:56:40.562Z"
"dgs_ecatalog-p83-c1","dgs_ecatalog","A","83","1","4","AP-1216541AP-1215671 AP-1216491AP-1216681 AP-1215131AP-1216751 AP-1216071 AP-1216651 AP-1216691 AP-1216521 AP-1216551 AP-1216821 AP-1216531螢光載玻片 磨砂 MARIENFELDMicroscope Slide, Forsted One End, with reaction wells˙玻片上有披覆一層藍色環氧樹脂,耐溶劑侵蝕˙尺寸26x76mm,厚度1mm˙每盒(bx)50片貨號 孔數 孔徑mm bx/cs 價格bxAP-1216541AP-1215671AP-1216491AP-1216681AP-1215131AP-1216751AP-1216071123368 含孔數編號 861114108694444444AP-1216651AP-1216691AP-1216521AP-1216551AP-1216821AP-1216531AP-12163311010 含孔數編號10 含孔數編號1010 含孔數編號1012 含孔數編號5688775444444病理專用玻片 白色MARIENFEL","https://ec.dgs.com.tw/catalog/files/basic-html/page83.html","https://ec.dgs.com.tw/catalog/catalog.html#p=83","2026-02-24T05:56:40.562Z"
"dgs_ecatalog-p83-c2","dgs_ecatalog","A","83","2","4","1AP-1216531AP-12163311010 含孔數編號10 含孔數編號1010 含孔數編號1012 含孔數編號5688775444444病理專用玻片 白色MARIENFELD/eprediaMicroscope Slide, Frosted One End, Adhesive˙AP-0810401玻片上有披覆一層矽質膠膜,使組織可附著於玻片上不易滑動˙尺寸25x75mm˙厚度1mm˙白色書寫區貨號 廠牌 ea/bx/cs 價格bxAB75100-041300AP-0810401eprediaMARIENFELD72/20100/20凹槽玻片 MARIENFELDMicroscope Slide, Cavity˙硼矽酸玻璃材質製成˙玻片尺寸為26x76mm,厚度約1.2~1.5mm˙凹槽為圓形,直徑約15~18mm ,深度約為0.6~0.8mm˙適用於體外診斷˙每盒(bx)50片貨號 型式 價格bxAP-1320002AP-1320102AP-13202021凹2凹3凹貨號 規格 價格eaAP-0650010AP-0650030Dark-Line德製 Bright-Line德製 玻璃計算盤 MARIENFELDCoun","https://ec.dgs.com.tw/catalog/files/basic-html/page83.html","https://ec.dgs.com.tw/catalog/catalog.html#p=83","2026-02-24T05:56:40.562Z"
"dgs_ecatalog-p83-c3","dgs_ecatalog","A","83","3","4","-13202021凹2凹3凹貨號 規格 價格eaAP-0650010AP-0650030Dark-Line德製 Bright-Line德製 玻璃計算盤 MARIENFELDCounting, Chamber Neubauer-improvedDark-Line Bright-Line˙特殊光學玻璃製成˙計算區位於中央,每一計算盤有2塊計算區˙規格標示Dark-Line者為暗線刻畫˙規格標示Bright-Line者為亮線刻畫˙深度0.1mm,每格面積0.0025mm2˙計算盤中央部份之表面經特殊加工拋光˙實驗室研究使用貨號 規格 價格eaCB73811-03110CB73811-03100CB73811-01490CB73811-01492Bright-Line 印刷表面Bright-Line 印刷表面 附2片蓋玻片Bright-Line 蝕刻表面Bright-Line 蝕刻表面 附2片蓋玻片˙特殊光學玻璃製成˙計算區位於中央,每一計算盤有2塊計算區˙Bright-Line為亮線刻畫,V型凹槽˙計算盤中央部份之表面經特殊加工拋光˙深度0.1mm,每格面積0.0025mm2˙實驗室研究使用玻璃計算盤 HAUSSERCountin","https://ec.dgs.com.tw/catalog/files/basic-html/page83.html","https://ec.dgs.com.tw/catalog/catalog.html#p=83","2026-02-24T05:56:40.562Z"
"dgs_ecatalog-p83-c4","dgs_ecatalog","A","83","4","4","˙Bright-Line為亮線刻畫,V型凹槽˙計算盤中央部份之表面經特殊加工拋光˙深度0.1mm,每格面積0.0025mm2˙實驗室研究使用玻璃計算盤 HAUSSERCounting, Chamber Neubauer-improved印刷表面 蝕刻表面A基礎實驗器材以上價格與規格僅供參考 , 請以實際報價為主 A-071玻璃計算盤","https://ec.dgs.com.tw/catalog/files/basic-html/page83.html","https://ec.dgs.com.tw/catalog/catalog.html#p=83","2026-02-24T05:56:40.562Z"
"dgs_ecatalog-p84-c1","dgs_ecatalog","A","84","1","2","貨號 規格 ea/bx 價格bxANE-DHCN01ANE-DHCN042計數區4計數區 5050C-Chip塑膠計算盤 拋棄式 NanoEntekCounter, Counting Chamber, Cell˙拋棄式設計,避免接觸污染及交叉污染˙高透光塑膠材質,奈米雷射刻線,清淅易判讀˙使用方便,不需要蓋玻片˙有二格/四格計數格,可同時放置相同或不同的樣品採樣計算,節省檢測時間ANE-DHCN01 ANE-DHCN04貨號 規格 ea/bx 價格bxANE-DCSS01 2計數區 50S-Chip精蟲計算盤 拋棄式 NanoEntekCounter, Counting Chamber, Sperm˙拋棄式設計,避免接觸污染及交叉污染˙高透光塑膠材質,奈米雷射刻線,清淅易判讀˙使用方便,不需要蓋玻片˙具二計數格,可同時放置相同或不同的樣品採樣計算,節省檢測時間玻璃計算盤用 蓋玻片MARIENFELDCover Glass, Counting chamber˙硼矽酸玻璃材質製成˙厚度為0.4mm˙適用於玻璃計算盤,亦適 用於自動封片機貨號 規格mm bx/cs 價格bxAP-0350000AP-035100020x2622x2","https://ec.dgs.com.tw/catalog/files/basic-html/page84.html","https://ec.dgs.com.tw/catalog/catalog.html#p=84","2026-02-24T05:56:40.562Z"
"dgs_ecatalog-p84-c2","dgs_ecatalog","A","84","2","2","mber˙硼矽酸玻璃材質製成˙厚度為0.4mm˙適用於玻璃計算盤,亦適 用於自動封片機貨號 規格mm bx/cs 價格bxAP-0350000AP-035100020x2622x221010血球吸管 BOECOBlood Diluting Pipettes貨號 規格 ea/bx 價格eaAB73811-00310AB73811-00410紅血球白血球1010˙每支血球吸管皆附矽膠軟質吸取管玻璃計算盤組合 BOECOCounting Chamber Set˙每組包含玻璃計算盤及吸管˙實驗室研究使用貨號 規格 set 價格setAB73811-06210 紅,白血球吸管,蓋玻片,計算盤 1貨號 規格 價格eaAP-0611240 75x32 mm蟲卵計算盤 McMaster MARIENFELDCounting, Chamber, McMaster˙特殊光學玻璃製成,用於計算蟲卵˙計算區分為左右兩計算區˙每計算區為10x10mm,均分為10條A基礎實驗器材A-072 以上價格與規格僅供參考 , 請以實際報價為主 玻璃計算盤","https://ec.dgs.com.tw/catalog/files/basic-html/page84.html","https://ec.dgs.com.tw/catalog/catalog.html#p=84","2026-02-24T05:56:40.562Z"
"dgs_ecatalog-p85-c1","dgs_ecatalog","A","85","1","3","貨號 規格 價格eaAP-0610940AP-0611040AP-0333001AP-0334001AP-0334002具計數線型無計數線型蓋玻片25x40厚0.4mm蓋玻片33x33厚1mm具圓格25格,直徑1.382mm蓋玻片25x40厚0.4mm具圓格25格,直徑1.382mm黴菌計算盤 HOWARD MARIENFELDCounting, Chamber, HowardAP-0610940AP-0611040AP-0334001AP-0334002˙特殊光學玻璃製成,用於計數果汁中的黴菌孢子˙計算區位於中央,每一計算盤有1塊計算區˙AP-0610940具兩條計數線,厚1.5~2μm,內徑18mm, 外徑22mm˙AP-0611040無計數線,內徑20mm,外徑26mm,深度0.1mm˙不含蓋玻片,需另購浮游生物計算盤 Sedgewick Rafter MARIENFELDCounting, Chamber, Sedgewick Rafter貨號 規格 價格eaAP-0611300AP-0611400AP-0336000計算盤 玻璃製計算盤 塑膠製蓋玻片60x30x1mm˙特殊光學玻璃製成,用於透明液體中的顆粒或浮游生","https://ec.dgs.com.tw/catalog/files/basic-html/page85.html","https://ec.dgs.com.tw/catalog/catalog.html#p=85","2026-02-24T05:56:40.562Z"
"dgs_ecatalog-p85-c2","dgs_ecatalog","A","85","2","3","貨號 規格 價格eaAP-0611300AP-0611400AP-0336000計算盤 玻璃製計算盤 塑膠製蓋玻片60x30x1mm˙特殊光學玻璃製成,用於透明液體中的顆粒或浮游生物˙一個計算區50x20x1mm,剛好為一立方公分˙計算區每1mm為一刻劃,共切割為1000格,每格1μlAP-0611300 AP-0611400貨號 規格 價格eaCB73811-03900 單計數區精蟲計算盤 HAUSSERCounter, Counting Chamber, Cell˙特殊光學玻璃製成˙深度0.02mm,面積0.0025mm2˙用於精蟲分析和計數˙實驗室研究使用染色壺 直式有溝槽 台製Staining Jars˙玻璃製˙可放置標準載玻片26x76mm10片˙尺寸90x45x90mm˙另附玻璃片上蓋貨號 片數 價格eaDG-00005 10染色壺 直式無溝槽 台製Staining Jars˙玻璃製˙搭配染色架DG-00007可放置標準載玻片26x76mm15片 ˙尺寸90x45x100mm貨號 片數 價格eaDG-00006 15染色架 台製Staining Jars, Rack˙不鏽鋼製˙搭配DG-00006染色壺可放置標準","https://ec.dgs.com.tw/catalog/files/basic-html/page85.html","https://ec.dgs.com.tw/catalog/catalog.html#p=85","2026-02-24T05:56:40.562Z"
"dgs_ecatalog-p85-c3","dgs_ecatalog","A","85","3","3","mm15片 ˙尺寸90x45x100mm貨號 片數 價格eaDG-00006 15染色架 台製Staining Jars, Rack˙不鏽鋼製˙搭配DG-00006染色壺可放置標準載玻片26x76mm15片貨號 片數 價格eaDG-00007 15染色壺 橫式無溝槽 台製Staining Jars˙玻璃製˙搭配染色架(DG-00009)可放置標準載玻片26x76mm30片 ˙尺寸125x100x75mm貨號 片數 描述 價格eaDG-00008DG-000093030無溝染色壺不鏽鋼染色架染色壺 直式有溝槽 德製Staining Jars˙Soda-lime玻璃材質˙可放置標準載玻片26x76mm16片˙尺寸60x60x100mm貨號 片數 價格eaAB-23253111 16 A基礎實驗器材以上價格與規格僅供參考 , 請以實際報價為主 A-073染色壺","https://ec.dgs.com.tw/catalog/files/basic-html/page85.html","https://ec.dgs.com.tw/catalog/catalog.html#p=85","2026-02-24T05:56:40.562Z"
"dgs_ecatalog-p86-c1","dgs_ecatalog","A","86","1","3","染色壺 圓形 10片有溝 德製Staining Jars˙Soda-lime玻璃製成˙可放置標準載玻片26x76mm 10片˙玻璃材質蓋˙內部尺寸40x100mm貨號 片數 價格eaAB-23253401 10 染色壺 橫式無溝槽 德製Staining Jars˙Soda-lime玻璃材質˙搭配染色架可放置標準載玻片26x76mm10片˙尺寸108x90x70mm貨號 片數 價格eaAB-23253423 10染色架 德製Staining Jars, Rack˙Soda-lime玻璃材質,金屬提把˙搭配染色壺使用可放置標準玻片26x76mm10片˙尺寸88x40x70mm貨號 片數 價格eaAB-23253428 10不鏽鋼染色壺 橫式 deltalabStaining Jars, St˙不鏽鋼製成˙搭配原廠染色架可放30 片標準玻片(26x76mm)˙尺寸115x88x77mm貨號 片數 價格eaAD-19360 30不鏽鋼染色架 deltalabStaining Jars, Rack, St˙不鏽鋼製成˙搭配原廠染色架可放置標準玻片26x76mm30片˙尺寸110x85x55mm貨號 片數 價格eaAD-19361 30","https://ec.dgs.com.tw/catalog/files/basic-html/page86.html","https://ec.dgs.com.tw/catalog/catalog.html#p=86","2026-02-24T05:56:40.562Z"
"dgs_ecatalog-p86-c2","dgs_ecatalog","A","86","2","3","bStaining Jars, Rack, St˙不鏽鋼製成˙搭配原廠染色架可放置標準玻片26x76mm30片˙尺寸110x85x55mm貨號 片數 價格eaAD-19361 30塑膠染色壺 橫式 KartellStaining Jars ,TPX˙PMP(TPX)材質˙壺內具10溝槽,可容納20片26x76mm之玻片垂直插入˙附PMP材質蓋˙請注意,長期(約2日)接觸二甲苯會造成侵蝕貨號 LxWxH(mm) 價格eaBK-351 85x70x50˙BK-353 PMP(TPX)材質˙附2個壺蓋,各有其作用一為緊密壺蓋,可防止壺中液體蒸發另一壺蓋為配合BK-354染色架使用˙請注意長期(約2日)接觸二甲苯會造成侵蝕˙BK-354 PP材質製成˙可容納20片26x76mm之玻片˙染色架可配合BK-353染色壺使用塑膠染色壺 KartellStaining Jars and Rack貨號 片數 LxWxH(mm) 價格eaBK-353BK-354無溝20片染色架81x101x70 86x21x69.5˙染色壼/架可耐溫-170~121℃˙染色架玻片為直放式,在染色時不會污染玻片書寫區,亦可不再使用鑷子˙染色架可放12片玻片,附把","https://ec.dgs.com.tw/catalog/files/basic-html/page86.html","https://ec.dgs.com.tw/catalog/catalog.html#p=86","2026-02-24T05:56:40.562Z"
"dgs_ecatalog-p86-c3","dgs_ecatalog","A","86","3","3","0片染色架81x101x70 86x21x69.5˙染色壼/架可耐溫-170~121℃˙染色架玻片為直放式,在染色時不會污染玻片書寫區,亦可不再使用鑷子˙染色架可放12片玻片,附把手易取˙染色壼尺寸:64x76x92mm˙染色架尺寸:60x64x97mm貨號 描述 價格eaAD-191104AD-191105AD-191106AD-191107AD-191108藍色綠色白色黃色染色架塑膠染色壼 直式 deltalabStaining systemA基礎實驗器材A-074 以上價格與規格僅供參考 , 請以實際報價為主 染色壺","https://ec.dgs.com.tw/catalog/files/basic-html/page86.html","https://ec.dgs.com.tw/catalog/catalog.html#p=86","2026-02-24T05:56:40.562Z"
"dgs_ecatalog-p87-c1","dgs_ecatalog","A","87","1","3","塑膠染色壺 直式 KartellStaining Jars,TPX ˙PMP(TPX)材質˙壺內具8溝槽,可容納16片 26x76mm之玻片垂直插入˙附PMP材質壺蓋˙請注意,長期(約2日)接觸二甲苯會造成侵蝕貨號 LxWxH(mm) 價格eaBK-355 58x54x86貨號 片數 ea/cs 價格eaATS-480000 10 12染色壼 10片有溝 PP TarsonsStaining Jar, PP˙PP材質製成˙可放置標準載玻片26x76mm 10片貨號 描述 LxWxH(mm) 價格eaATS-482020ATS-482060ATS-482080ATS-482090ATS-482030ATS-482070白色PP盒,PP蓋,PE塞白色PP盒,PP蓋,PE塞茶色PP盒,PP蓋,PE塞茶色PP盒,PP蓋,PE塞白色PMP盒,PP蓋,PE塞白色PMP盒,PP蓋,PE塞125x125x50225x225x50125x125x50225x225x50125x125x50225x225x50染色槽 PP TarsonsStaining Box, PP˙用於凝膠電泳及染色脫色處理˙只需少量凝膠處理,插入盒子即可輕鬆排出液體˙茶","https://ec.dgs.com.tw/catalog/files/basic-html/page87.html","https://ec.dgs.com.tw/catalog/catalog.html#p=87","2026-02-24T05:56:40.562Z"
"dgs_ecatalog-p87-c2","dgs_ecatalog","A","87","2","3","50125x125x50225x225x50染色槽 PP TarsonsStaining Box, PP˙用於凝膠電泳及染色脫色處理˙只需少量凝膠處理,插入盒子即可輕鬆排出液體˙茶色染色槽適用於對光敏感的應用郵寄玻片盒 圓型 PP KartellSlide Mailer˙PP材質製成˙可容納5~10載玻片,並可安全運送˙盒身堅固,耐化學劑侵蝕˙亦可運載12mL以下之樣本瓶˙盒蓋為螺旋蓋,緊密不漏貨號 片數 ØxH(mm) 價格eaBK-922 5~10 40x90郵寄玻片盒 扁平型 PE KartellSlide Mailer˙HDPE材質˙一凹槽放置一玻片,提供安全之運送空間˙專為細胞與地質研究樣本設計貨號 片數 LxWxH(mm) 價格eaBK-923BK-925BK-92412398.8x50.6x6.470x84x684x97x6郵寄玻片盒 扁平型 PPHeathrowSlide Mailer 2-Place˙PP材質˙一凹槽放置一玻片,提供安全之運送空間˙可放置1或2片標準載玻片(75x25mm)˙五色混合:紅,黃,藍,粉紅,橙貨號 片數/顏色 LxWxH(mm) ea/pk 價格pkAHW-HS15983AAHW","https://ec.dgs.com.tw/catalog/files/basic-html/page87.html","https://ec.dgs.com.tw/catalog/catalog.html#p=87","2026-02-24T05:56:40.562Z"
"dgs_ecatalog-p87-c3","dgs_ecatalog","A","87","3","3","供安全之運送空間˙可放置1或2片標準載玻片(75x25mm)˙五色混合:紅,黃,藍,粉紅,橙貨號 片數/顏色 LxWxH(mm) ea/pk 價格pkAHW-HS15983AAHW-HS15983BAHW-HS1205562/五色混合2/白色1/白色93x68x593x68x583x41x5252550 郵寄玻片盒 方型 PPHeathrowSlide Mailer, 5-Place˙PP材質製成˙盒內側具溝槽,可裝入5片標準載玻片,且單一分開存放˙無論橫放或直放,皆為單面緊密盒蓋˙適用於載玻片之運送或儲存˙五色混合:紅,黃,藍,粉紅,橙˙橫放式81x19x31mm˙直放式43x24x88mm貨號 描述 價格pkAHW-HS15982AHW-HS15986AHW-HS15983G白色 橫放式 25ea/pk白色 直放式 25ea/pk五色混合 直放式 25ea/pkA基礎實驗器材以上價格與規格僅供參考 , 請以實際報價為主 A-075玻片盒","https://ec.dgs.com.tw/catalog/files/basic-html/page87.html","https://ec.dgs.com.tw/catalog/catalog.html#p=87","2026-02-24T05:56:40.562Z"
"dgs_ecatalog-p88-c1","dgs_ecatalog","A","88","1","3","塑膠玻片盒 100片式 HeathrowSlide Box˙可存放100片75x25mm 標準載玻片˙鮮豔的半透明顏色易於識別˙盒蓋上索引卡對應玻片槽編號,方便紀錄˙靈活的存放方式,可垂直或水平儲存˙腳座與盒蓋可安全地水平堆疊多個玻片盒˙側面存儲空間可容納鋼筆、乾燥劑或其他工作所需的小物品˙鉸鏈蓋子可平穩打開180°平放在桌面上˙盒子底部有EVA 泡沫,有助於將載玻片牢固固定並防止損壞˙波浪表面紋理易於握持,可安全運輸樣品˙尺寸210x195x32/mm貨號 顏色 價格eaAHW-120576AHW-120577AHW-120578AHW-120579AHW-120592藍橙綠紅紫塑膠玻片盒 50片式 HeathrowSlide Box˙可存放50片75x25mm 標準載玻片˙ABS塑膠製成,堅固耐用˙盒蓋上有數字,方便紀錄˙尺寸209x86x35mm貨號 顏色 價格eaAHW-HS15996AAHW-HS15996BAHW-HS15996C藍紅白塑膠玻片盒 25片式 HeathrowSlide Box˙可存放25片75x25mm 標準載玻片˙ABS塑膠製成,堅固耐用˙盒蓋上索引卡對應玻片 槽編號,方便紀錄˙盒子底部有軟木襯","https://ec.dgs.com.tw/catalog/files/basic-html/page88.html","https://ec.dgs.com.tw/catalog/catalog.html#p=88","2026-02-24T05:56:40.562Z"
"dgs_ecatalog-p88-c2","dgs_ecatalog","A","88","2","3","塑膠玻片盒 25片式 HeathrowSlide Box˙可存放25片75x25mm 標準載玻片˙ABS塑膠製成,堅固耐用˙盒蓋上索引卡對應玻片 槽編號,方便紀錄˙盒子底部有軟木襯墊,有 助於將載玻片牢固固定 並防止損壞˙腳座與盒蓋可安全地水 平堆疊多個玻片盒˙尺寸141x88x35/mm貨號 顏色 價格eaAHW-HS15989AAHW-HS15989BAHW-HS15989CAHW-HS15989E藍綠紅白塑膠玻片盒 100片式 HeathrowSlide Box˙可存放100片75x25mm 標準載玻片˙ABS塑膠製成,堅固耐用 ˙溝槽上有數字,方便紀錄˙溝槽底部墊有軟木墊,可吸收碰撞˙尺寸208x175x34/mm貨號 顏色 價格eaAHW-HS15994AAHW-HS15994BAHW-HS15994CAHW-HS15994DAHW-HS15994EAHW-HS15994FAHW-HS15994G藍綠紅黃白灰黑塑膠玻片盒 大容量台製Slide Box˙塑膠製成,堅固耐用˙溝槽上有數字,方便紀錄 (25片及100片)貨號 片數 WxDxH(cm) 價格eaDP-58100DP-58025DP-580031002532","https://ec.dgs.com.tw/catalog/files/basic-html/page88.html","https://ec.dgs.com.tw/catalog/catalog.html#p=88","2026-02-24T05:56:40.562Z"
"dgs_ecatalog-p88-c3","dgs_ecatalog","A","88","3","3","de Box˙塑膠製成,堅固耐用˙溝槽上有數字,方便紀錄 (25片及100片)貨號 片數 WxDxH(cm) 價格eaDP-58100DP-58025DP-5800310025322x16.5x414x8x38.5x9.8x0.6塑膠玻片盒 100片式 經濟型 HeathrowSlide Box, Ecomony˙可存放100片75x25mm標準載玻片˙PP塑膠製成,堅固耐用˙盒蓋上有數字,方便紀錄˙尺寸210x169x37mm貨號 顏色 價格eaAHW-HS15991AAHW-HS15991BAHW-HS15991C藍紅白貨號 片數 LxWxH(mm) ea/pk 價格pkAHW-HS9903AHW-HS9904AHW-HS12055712495x42x5103x79x5120x140x6253620 紙質玻片夾 HeathrowSlide Mailer, Disposable˙厚紙板材質˙一凹槽放置一玻片,提供安全之運送空間˙放置處具溝槽,方便取出玻片A基礎實驗器材A-076 以上價格與規格僅供參考 , 請以實際報價為主 玻片盒","https://ec.dgs.com.tw/catalog/files/basic-html/page88.html","https://ec.dgs.com.tw/catalog/catalog.html#p=88","2026-02-24T05:56:40.562Z"
"dgs_ecatalog-p89-c1","dgs_ecatalog","A","89","1","3","紙質玻片夾 HeathrowSlide Clip, Paper˙適用於標準尺寸之載玻片(75x25mm)˙可置放20片或30片玻片貨號 片數 WxHxD(mm) 價格eaAHW-HS9902AHW-HS99302030208x341x9281x328x10紙質玻片夾 台製Slide Clip, Paper˙可放置標準載玻片 26x76mm 24片˙尺寸230x263mm貨號 片數 價格eaDP-403 24低溫玻片盒 HeathrowLow Temperature Microscope Slide Box˙聚碳酸酯PC材質˙可堆疊設計節省空間˙可用於-80°C的冷凍儲存˙盒蓋上索引卡對應玻片槽編號,方便紀錄˙不可121°C高溫高壓滅菌貨號 規格 顏色 價格eaAHW-120316AHW-HS15988H25片 141x88x35mm100片 208x175x34mm藍色紫色塑膠玻片儲存器 KartellSlide Storage˙本體為ABS材質,蓋子為PS材質˙專為大量玻片儲存設計,可容納100片26x76mm載玻片˙不附蓋,蓋子為選購配件貨號 片數 LxWxH(mm) 價格eaBK-921BK-920100蓋子360x3","https://ec.dgs.com.tw/catalog/files/basic-html/page89.html","https://ec.dgs.com.tw/catalog/catalog.html#p=89","2026-02-24T05:56:40.562Z"
"dgs_ecatalog-p89-c2","dgs_ecatalog","A","89","2","3","蓋子為PS材質˙專為大量玻片儲存設計,可容納100片26x76mm載玻片˙不附蓋,蓋子為選購配件貨號 片數 LxWxH(mm) 價格eaBK-921BK-920100蓋子360x38x100345x35x40玻片放置架 HeathrowSlide Holder˙PS材質˙適用於玻片之準備工作,及染色或晾乾使用貨號 片數 LxWxH(mm) 價格eaAHW-HS15981CAHW-HS15981AAHW-HS15981B154078153x102x21298x105x24299x178x21貨號 片數 LxWxH(mm) 價格eaAD-989910 10 95x330x50玻片放置盤 deltalabSlide Tray, PS˙PS材質˙專為玻片儲存設計玻片放置盤 KartellSlide Tray, PVC˙PVC材質˙專為玻片儲存設計˙可放置26x76mm玻片貨號 片數 LxWxH(mm) 價格eaBK-672BK-6732040190x340x8190x660x8玻片取出器 KartellSlide Dispenser˙本體為ABS材質,蓋子為PS材質˙透過玻片取出器,可防止指紋印於玻片上˙可放置50片26x76mm之","https://ec.dgs.com.tw/catalog/files/basic-html/page89.html","https://ec.dgs.com.tw/catalog/catalog.html#p=89","2026-02-24T05:56:40.562Z"
"dgs_ecatalog-p89-c3","dgs_ecatalog","A","89","3","3","x8190x660x8玻片取出器 KartellSlide Dispenser˙本體為ABS材質,蓋子為PS材質˙透過玻片取出器,可防止指紋印於玻片上˙可放置50片26x76mm之載玻片貨號 LxWxH(mm) 價格eaBK-540 100x120x140A基礎實驗器材以上價格與規格僅供參考 , 請以實際報價為主 A-077玻片放置盤","https://ec.dgs.com.tw/catalog/files/basic-html/page89.html","https://ec.dgs.com.tw/catalog/catalog.html#p=89","2026-02-24T05:56:40.562Z"
"dgs_ecatalog-p90-c1","dgs_ecatalog","A","90","1","5","貨號 杵長xOD(mm) 管長xOD(mm)AK885000-00002AK885000-00007AK885000-00015AK885000-00040160x50195x50250x65315x90 100x30125x30157x38215x55AK885450-00020AK885450-00021AK885450-00022AK885450-00023AK885450-00024AK885450-00025155x6207x6220x8278x10310x10345x1680x13120x16150x18175x25215x32225x38AK885480-00020AK885480-00021AK885480-00022AK885480-00023AK885480-00024AK885480-00025155x4.5210x6228x6268x6305x10330x1080x13120x16150x18175x25215x32225x38AK885350-00021AK885350-00022AK885350-00023207x6220x8278x1015-415螺蓋18-415螺蓋24-410螺蓋AK8854","https://ec.dgs.com.tw/catalog/files/basic-html/page90.html","https://ec.dgs.com.tw/catalog/catalog.html#p=90","2026-02-24T05:56:40.562Z"
"dgs_ecatalog-p90-c2","dgs_ecatalog","A","90","2","5","38AK885350-00021AK885350-00022AK885350-00023207x6220x8278x1015-415螺蓋18-415螺蓋24-410螺蓋AK885490-00017AK885490-00019AK885490-00020AK885490-00021148x6148x6165x9165x913-425螺蓋13-425螺蓋20-400螺蓋20-400螺蓋AK885500-00019AK885500-00021AK885500-00022AK885500-00023AK885500-00024145x5205x6215x8265x10315x1095x13140x16150x18175x25220x32AK886000-00018AK886000-00019AK886000-00020AK886000-00021AK886000-00022AK886000-00023AK886000-00024130x3154x5154x5215x6212x8266x6269x680x1295x12115x12140x15150x19175x25220x32組織研磨器尺寸對照表TISSUE GRINDERS 組織研","https://ec.dgs.com.tw/catalog/files/basic-html/page90.html","https://ec.dgs.com.tw/catalog/catalog.html#p=90","2026-02-24T05:56:40.562Z"
"dgs_ecatalog-p90-c3","dgs_ecatalog","A","90","3","5","5215x6212x8266x6269x680x1295x12115x12140x15150x19175x25220x32組織研磨器尺寸對照表TISSUE GRINDERS 組織研磨器 組織研磨器是藉著撕裂及壓縮來產生均質的效果。當研磨杵逐漸往下旋轉進入管內時，研磨杵的尖端會將組織樣本研磨並撕裂成小塊。將研磨杵向下推入至底部時，許多成小塊狀的組織便會分佈在杵及管壁間，做進一步的研磨。當研磨杵抽離管內底部時，會形成輕微的真空狀態，將會把樣本經由杵及管壁間的研磨區吸回底部，造成均質的效果。 均質程度的不同，是藉著由研磨杵及管壁間的間隙大小及旋轉速度，研磨次數之多寡所造成。其形式可約略分為三種：１.圓球型 DOUNCE２.尖底型 DUALL３.直棒型 POTTER-ELVEHJEM以下有兩點可供您在選擇研磨器時作為參考：１.尖底的研磨杵效果比圓底佳２.玻璃磨砂的研磨杵及管，研磨效果最好；其次為光滑的玻璃或PTFE杵與光滑之玻璃管。３.同類型之研磨杵及管柱皆可互相共用。４.組織研磨器之間隙皆為0.004\(Dounce)研磨器以外。(詳見AK885300規格欄)十字棒型 組織研磨器 KONTESTenbroeck Tissue Gr","https://ec.dgs.com.tw/catalog/files/basic-html/page90.html","https://ec.dgs.com.tw/catalog/catalog.html#p=90","2026-02-24T05:56:40.562Z"
"dgs_ecatalog-p90-c4","dgs_ecatalog","A","90","4","5","皆可互相共用。４.組織研磨器之間隙皆為0.004\(Dounce)研磨器以外。(詳見AK885300規格欄)十字棒型 組織研磨器 KONTESTenbroeck Tissue Grinder˙整組皆為玻璃製成˙所有替換的研磨杵及管皆可互相共用貨號 容量mL 價格setAK885000-00002AK885000-00007AK885000-00015AK885000-00040271540圓球型 組織研磨器 KONTESDounce Tissue Grinder˙主要目的在研磨後依然保持細胞核的完整˙研磨杵及管皆由玻璃製成˙每組研磨器附有兩支大小不同的杵,小研磨杵用於初期組織分離,大研磨杵用於完成最後研磨貨號 容量mL 小杵間隙inch 大杵間隙inch 價格setAK885300-00000AK885300-00001AK885300-00002AK885300-00007AK885300-00015AK885300-00040AK885300-001000.51271540100.0025~.0055.0025~.0055.0030~.0050.0028~.0047.0035~.0065.0030~.0060.0020~","https://ec.dgs.com.tw/catalog/files/basic-html/page90.html","https://ec.dgs.com.tw/catalog/catalog.html#p=90","2026-02-24T05:56:40.562Z"
"dgs_ecatalog-p90-c5","dgs_ecatalog","A","90","5","5","001000.51271540100.0025~.0055.0025~.0055.0030~.0050.0028~.0047.0035~.0065.0030~.0060.0020~.0100.0005~.0025.0005~.0025.0005~.0025.0008~.0022.0010~.0030.0010~.0030.0005~.0055尖底螺蓋 組織研磨器 KONTESDuall Tissue Grinder, Screw-Cap, and Glass Pestle˙磨砂玻璃杵˙附有PTFE內墊的螺旋蓋,可在研磨後直接離心或儲存,而不需更換容器˙3mL使用15-415螺蓋˙5mL使用18-415螺蓋˙15mL使用24-410螺蓋貨號 型號 容量mL 價格setAK885350-00021AK885350-00022AK885350-000232122233515A基礎實驗器材A-078 以上價格與規格僅供參考 , 請以實際報價為主 組織研磨器","https://ec.dgs.com.tw/catalog/files/basic-html/page90.html","https://ec.dgs.com.tw/catalog/catalog.html#p=90","2026-02-24T05:56:40.562Z"
"dgs_ecatalog-p91-c1","dgs_ecatalog","A","91","1","3","尖底組織研磨器KONTESDuall Tissue Grinder, Glass Pestle˙磨砂玻璃的研磨杵及管適用於連結性組織,如肌肉,心肌或肺臟˙可用於電動馬達貨號 型號 容量mL 價格setAK885450-00020AK885450-00021AK885450-00022AK885450-00023AK885450-00024AK885450-00025202122232425135153050尖底組織研磨器 PTFEKONTESDuall Tissue Grinder, PTFE Pestle˙PTFE的研磨杵及管適用於軟性組織, 如腦或肝臟˙可用於電動馬達貨號 型號 容量mL 價格setAK885480-00020AK885480-00021AK885480-00022AK885480-00023AK885480-00024AK885480-00025202122232425135153050微量組織研磨器 KONTESMicro Duall Tissue Grinder˙DUALL尖底形式˙可在研磨後直接離心,濃縮,冷凍乾燥做樣本儲存˙平底厚壁,可直接站立,不易破裂˙所列容量皆為實際不含研磨杵之容量˙可高壓","https://ec.dgs.com.tw/catalog/files/basic-html/page91.html","https://ec.dgs.com.tw/catalog/catalog.html#p=91","2026-02-24T05:56:40.562Z"
"dgs_ecatalog-p91-c2","dgs_ecatalog","A","91","2","3","Duall Tissue Grinder˙DUALL尖底形式˙可在研磨後直接離心,濃縮,冷凍乾燥做樣本儲存˙平底厚壁,可直接站立,不易破裂˙所列容量皆為實際不含研磨杵之容量˙可高壓滅菌,並附有PTFE內墊螺旋蓋˙0.3~1mL使用13-425螺蓋,3~5mL使用20-400螺蓋貨號 型號 容量mL 價格setAK885490-00017AK885490-00019AK885490-00020AK885490-00021171920210.3135直棒型 組織研磨器KONTESPotter-Elvehjem Tissue Grinder, Glass Pestle˙整組皆為玻璃所製成˙可用於電動馬達貨號 型號 容量mL 價格setAK885500-00019AK885500-00021AK885500-00022AK885500-00023AK885500-0002419212223241581745直棒型 組織研磨器 PTFE KONTESPotter-Elvehjem Tissue Grinder, PTFE Pestle˙特點與885500相似,但杵為PTFE所製˙21~24號研磨杵尖端附有刻槽,便於組織順著溝槽流出,達","https://ec.dgs.com.tw/catalog/files/basic-html/page91.html","https://ec.dgs.com.tw/catalog/catalog.html#p=91","2026-02-24T05:56:40.562Z"
"dgs_ecatalog-p91-c3","dgs_ecatalog","A","91","3","3","er-Elvehjem Tissue Grinder, PTFE Pestle˙特點與885500相似,但杵為PTFE所製˙21~24號研磨杵尖端附有刻槽,便於組織順著溝槽流出,達到均質的效果貨號 型號 容量mL 價格setAK886000-00018AK886000-00019AK886000-00020AK886000-00021AK886000-00022AK886000-00023AK886000-00024181920212223240.513581745微量離心管研磨杵KONTESPettle Pestile˙CTFE材質研磨杵,不鏽鋼棒˙可使用於小型研磨馬達˙適用於1.5mL及0.5mL eppendorf type微量離心管貨號 容量mL 尖底長mm 價格eaAK749516-00500AK749515-000000.51.560140A基礎實驗器材以上價格與規格僅供參考 , 請以實際報價為主 A-079組織研磨器","https://ec.dgs.com.tw/catalog/files/basic-html/page91.html","https://ec.dgs.com.tw/catalog/catalog.html#p=91","2026-02-24T05:56:40.562Z"
"dgs_ecatalog-p92-c1","dgs_ecatalog","A","92","1","3","貨號 杵長mm 價格bxG25500-0000 85微量離心管研磨杵 拋棄式台製Pellet Pestile, Disposable˙可接於小型研磨馬達使用˙適用於1.5mL eppendorf type微量離心管˙每包100支微量離心管用 研磨馬達Bel-Art Handheld Pestle Cordless Motor˙用於在微量離心管內研磨動植物之軟組織˙電池供電,方便使用貨號 描述 價格eaBB-651000000 不銹鋼管身NMR Tube 放置架KONTESNMR Sample Tube Rack˙尺寸8.3x4.5x8.75/in貨號 孔數 價格setAK897080-00005 72 5mm用 NMR管清洗裝置 台製NMR Tube Washer ˙硼矽酸玻璃製成˙清洗器預配500mL三角燒瓶, 磨口24/40, 可以需求另行更換較大容量的燒瓶˙使用時,左側管嘴接上抽氣幫浦(選配),NNR管倒立插入中央上端清洗口,由右側倒入清洗劑或蒸餾水,打開幫浦抽氣即可將清洗劑沖入NMR管內清潔,廢液則流到下方三角燒瓶儲存貨號 容量ml 磨口 ea 價格eaDG459970-00500 500 24/40 15mm精密型","https://ec.dgs.com.tw/catalog/files/basic-html/page92.html","https://ec.dgs.com.tw/catalog/catalog.html#p=92","2026-02-24T05:56:40.562Z"
"dgs_ecatalog-p92-c2","dgs_ecatalog","A","92","2","3","或蒸餾水,打開幫浦抽氣即可將清洗劑沖入NMR管內清潔,廢液則流到下方三角燒瓶儲存貨號 容量ml 磨口 ea 價格eaDG459970-00500 500 24/40 15mm精密型核磁管 WilmadNMR Tube, 5mm貨號 頻率MHzid(mm)同心度上限μm價格bxCW-505PS7CW-506PP7CW-507PP7CW-526PP7CW-527PP7CW-528PP7CW-535PP71002003003504005006004.21±0.134.2065±0.00654.2065±0.00654.2065±0.00654.2065±0.00654.2065±0.00654.2065±0.006576515151252513 ˙3.3硼矽酸玻璃製成˙最高建議工作温度230°C,急速冷却樣品最大溫度變化值是120°C˙長度:7英寸,外徑4.9635±0.0065mm,壁厚:0.38mm˙適用於需要最大化勻場品質和信噪比的試驗,比如低濃度樣品,大分子樣品等,以及需要進行變溫,或高場強(大於500MHz)試驗˙5ea/bx˙最小訂購量1bx5mm標準經濟型核磁管 WilmadNMR Tube, 5mm貨號 頻率MHz","https://ec.dgs.com.tw/catalog/files/basic-html/page92.html","https://ec.dgs.com.tw/catalog/catalog.html#p=92","2026-02-24T05:56:40.562Z"
"dgs_ecatalog-p92-c3","dgs_ecatalog","A","92","3","3","樣品,大分子樣品等,以及需要進行變溫,或高場強(大於500MHz)試驗˙5ea/bx˙最小訂購量1bx5mm標準經濟型核磁管 WilmadNMR Tube, 5mm貨號 頻率MHz 同心度上限μm 價格bxCW-WG12067CW-WG12087CW-WG12267CW-WG12287CW-WG12357CW-WG1241710020030040050060051515125133.8 ˙N51A硼矽酸玻璃製成˙最高工作温度為室溫˙長度:7英寸,外徑4.947±0.019mm,壁厚:0.43mm˙適用分子量500以下小分子中低場強室溫采譜˙注意:經濟型核磁管因材質特性,不能用於變溫實驗˙5ea/bx˙最小訂購量1bxA基礎實驗器材A-080 以上價格與規格僅供參考 , 請以實際報價為主 核磁管","https://ec.dgs.com.tw/catalog/files/basic-html/page92.html","https://ec.dgs.com.tw/catalog/catalog.html#p=92","2026-02-24T05:56:40.562Z"
"dgs_ecatalog-p93-c1","dgs_ecatalog","A","93","1","1","玻璃濾片孔徑規格對照孔規 Kimble規格 ISO 4793規格 孔徑 um 使用說明 0001234-5-EC-C-MF-P500P250P160P100P40P16-P1.6250~500160~250100~16040~10016~4010~164~5.51.0~1.6液體與氣體之分散液體低壓粗略過濾,氣體之分散粗略過濾,液體氣體分散,氣體洗滌預濾,水銀過濾過濾,預先粗略過濾的結晶物較精細之預濾,氣體過濾精細過濾及翠取精細過濾及翠取細菌,滅菌過濾A基礎實驗器材以上價格與規格僅供參考 , 請以實際報價為主 A-081通氣管","https://ec.dgs.com.tw/catalog/files/basic-html/page93.html","https://ec.dgs.com.tw/catalog/catalog.html#p=93","2026-02-24T05:56:40.562Z"
"dgs_ecatalog-p94-c1","dgs_ecatalog","A","94","1","3","坩堝型過濾器 KIMBLECrucible, with KIMFLOW Fritted Disc, High From˙KG-33硼矽酸玻璃材質˙適合在定量下,加熱到110℃加速乾燥˙請注意,使用此漏斗時,應避免溫度之急速變化及曝於火焰之下˙濾片孔規M,孔徑為10~16μm˙濾片孔規F,孔徑為4~5.5μm貨號 容量mL 濾片孔規 濾杯IDxH/mm 價格eaAK28250-00302 30 M 30x60坩堝型過濾器 低型 KIMBLECrucible, with KIMFLOW Fritted Disc, Low From˙KG-33硼矽酸玻璃材質˙適合在定量下,加熱到110℃加速乾燥˙請注意,使用此漏斗時,避免溫度之急速變化及曝於火焰之下˙濾片孔規C,孔徑為40~100μm ˙濾片孔規M,孔徑為10~16μm˙濾片孔規F,孔徑為4~5.5μm貨號 容量mL 濾片孔規 濾杯IDxH/mm 價格eaAK28260-00152AK28260-00301AK28260-00302AK28260-0030315303030MCMF20x4530x5030x5030x50坩堝型過濾器 低型 SYNTHWARECrucible, w","https://ec.dgs.com.tw/catalog/files/basic-html/page94.html","https://ec.dgs.com.tw/catalog/catalog.html#p=94","2026-02-24T05:56:40.562Z"
"dgs_ecatalog-p94-c2","dgs_ecatalog","A","94","2","3","01AK28260-00302AK28260-0030315303030MCMF20x4530x5030x5030x50坩堝型過濾器 低型 SYNTHWARECrucible, with Fritted Disc, Low From˙硼矽酸玻璃材質˙適合在定量下,加熱到110℃加速乾燥˙請注意,使用此漏斗時,應避免溫度之急速變化及曝於火焰之下˙濾片孔規C,孔徑為20~35μm˙濾片孔規M,孔徑為10~20μm貨號 容量mL 濾片孔規 濾片直徑mm 價格eaASG-F771520CASG-F771520MASG-F773030CASG-F773030M15153030CMCM20203030坩堝型過濾器 ROBUCrucible, with Fritted Disc˙適合在定量下,加熱到110℃加速乾燥˙請注意,使用此漏斗時,應避免溫度之急速變化,勿將漏斗曝於火焰之下˙建議使用電子鎔爐加熱,加熱後,若需移動過濾器,需等溫度降低至250℃以下˙濾片孔規0,孔徑為160~250μm˙濾片孔規1,孔徑為100~160μm˙濾片孔規2,孔徑為40~100μm˙濾片孔規3,孔徑為16~40μm˙濾片孔規4,孔徑為10~16μm貨號 容量","https://ec.dgs.com.tw/catalog/files/basic-html/page94.html","https://ec.dgs.com.tw/catalog/catalog.html#p=94","2026-02-24T05:56:40.562Z"
"dgs_ecatalog-p94-c3","dgs_ecatalog","A","94","3","3","0,孔徑為160~250μm˙濾片孔規1,孔徑為100~160μm˙濾片孔規2,孔徑為40~100μm˙濾片孔規3,孔徑為16~40μm˙濾片孔規4,孔徑為10~16μm貨號 容量mL 濾片孔規 濾片直徑mm 價格eaAR-20150AR-20151AR-20152AR-20153AR-201541515151515012342323232323AR-20300AR-20301AR-20302AR-20303AR-203043030303030012343030303030AR-20500AR-20501AR-20502AR-20503AR-205045050505050012344040404040A基礎實驗器材A-082 以上價格與規格僅供參考 , 請以實際報價為主 坩堝型過濾器","https://ec.dgs.com.tw/catalog/files/basic-html/page94.html","https://ec.dgs.com.tw/catalog/catalog.html#p=94","2026-02-24T05:56:40.562Z"
"dgs_ecatalog-p95-c1","dgs_ecatalog","A","95","1","5","漏斗型過濾器 KIMBLEFunnel, with KIMFLOW Fritted Disc˙KG-33硼矽酸玻璃材質˙漏斗具厚壁,強化邊緣等特性,堅固耐用˙凡濾紙,濾膜不適用之具侵蝕性化學藥劑皆適用於此漏斗˙請注意,使用此漏斗時,應避免溫度之急速變化或曝於火焰之下˙容量350mL以下腳長為75mm˙容量600mL腳長為100mm˙容量2000mL腳長為110mm˙濾片孔規C,孔徑為40~100μm˙濾片孔規M,孔徑為10~16μm˙濾片孔規F,孔徑為4~5.5μm貨號 容量mL 濾片孔規 濾杯IDxH/mm 價格eaAK28400-00151AK28400-00152AK28400-00153AK28400-00301AK28400-00302AK28400-00303151515303030CMFCMF20x4520x4520x4530x4530x4530x45AK28400-00601AK28400-00602AK28400-00603AK28400-01501AK28400-01502AK28400-01503606060150150150CMFCMF40x5040x5040x5060x5060x5060x50AK2","https://ec.dgs.com.tw/catalog/files/basic-html/page95.html","https://ec.dgs.com.tw/catalog/catalog.html#p=95","2026-02-24T05:56:40.562Z"
"dgs_ecatalog-p95-c2","dgs_ecatalog","A","95","2","5","8400-01501AK28400-01502AK28400-01503606060150150150CMFCMF40x5040x5040x5060x5060x5060x50AK28400-03501AK28400-03502AK28400-03503AK28400-06001AK28400-06002AK28400-06003350350350600600600CMFCMF80x7580x7580x7590x9090x9090x90AK28400-20001AK28400-20002AK28400-30001AK28400-300022000200030003000CMCM125x160125x160150x170150x170漏斗型過濾器 玻璃板 附磨口 SYNTHWAREFunnel Buchner˙硼矽酸玻璃材質˙附有玻璃板及磨口˙附側支吸引管,加速過濾貨號 容量mL 磨口 玻璃板直徑mm 價格eaASG-F962014ASG-F962024ASG-F963014ASG-F963024ASG-F964014ASG-F964024ASG-F966024ASG-F966029ASG-F968024ASG-F968029A","https://ec.dgs.com.tw/catalog/files/basic-html/page95.html","https://ec.dgs.com.tw/catalog/catalog.html#p=95","2026-02-24T05:56:40.562Z"
"dgs_ecatalog-p95-c3","dgs_ecatalog","A","95","3","5","4ASG-F963014ASG-F963024ASG-F964014ASG-F964024ASG-F966024ASG-F966029ASG-F968024ASG-F968029ASG-F969024ASG-F96902915153030606015015035035060060014/2024/4014/2024/4014/2024/4024/4029/4224/4029/4224/4029/42202032324242656583839393漏斗型過濾器 SYNTHWAREFunnel Buchner˙凡濾紙,濾膜不適用之具侵蝕性化學藥劑皆適用於此漏斗˙使用此漏斗時,應避免溫度之急速變化,勿將漏斗曝於火焰之下˙吸氣壓力需大於15psi˙濾片孔規C,孔徑為20~35μm˙濾片孔規M,孔徑為10~20μm˙濾片孔規F,孔徑為5~10μm貨號 容量mL 濾片孔規 濾片直徑mm 價格eaASG-F602015CASG-F602015MASG-F602015FASG-F603030CASG-F603030MASG-F603030F151515303030CMFCMF202020303030ASG-F604060CASG-F6040","https://ec.dgs.com.tw/catalog/files/basic-html/page95.html","https://ec.dgs.com.tw/catalog/catalog.html#p=95","2026-02-24T05:56:40.562Z"
"dgs_ecatalog-p95-c4","dgs_ecatalog","A","95","4","5","15FASG-F603030CASG-F603030MASG-F603030F151515303030CMFCMF202020303030ASG-F604060CASG-F604060MASG-F604060FASG-F606150CASG-F606150MASG-F606150F606060150150150CMFCMF404040606060ASG-F608350CASG-F608350MASG-F608350FASG-F609600CASG-F609600MASG-F609600F350350350600600600 CMFCMF808080909090漏斗型過濾器 玻璃濾片 附磨口SYNTHWAREFunnel Buchner˙附有濾片及磨口˙多種孔徑可供選擇˙附側支吸引管，加速過濾˙吸氣壓力需大於15psi˙濾片孔規C,孔徑為20~35μm˙濾片孔規M,孔徑為10~20μm貨號 容量mL 濾片孔規 磨口 外徑mm 價格eaASG-F362014CASG-F362014MASG-F363014CASG-F363014MASG-F363024CASG-F363024M151530303030CMCMCM14/2014/","https://ec.dgs.com.tw/catalog/files/basic-html/page95.html","https://ec.dgs.com.tw/catalog/catalog.html#p=95","2026-02-24T05:56:40.562Z"
"dgs_ecatalog-p95-c5","dgs_ecatalog","A","95","5","5","014CASG-F362014MASG-F363014CASG-F363014MASG-F363024CASG-F363024M151530303030CMCMCM14/2014/2014/2014/2024/4024/40202030303030ASG-F364014CASG-F364014MASG-F364024CASG-F364024MASG-F366024CASG-F366024M60606060150150CMCMCM14/2014/2024/4024/4024/4024/40404040406060ASG-F368024CASG-F368024MASG-F369024CASG-F369024M350350600600 CMCM24/4024/4024/4024/4080809090A基礎實驗器材以上價格與規格僅供參考 , 請以實際報價為主 A-083漏斗型過濾器","https://ec.dgs.com.tw/catalog/files/basic-html/page95.html","https://ec.dgs.com.tw/catalog/catalog.html#p=95","2026-02-24T05:56:40.562Z"
"dgs_ecatalog-p96-c1","dgs_ecatalog","A","96","1","4","漏斗型過濾器 ROBUFunnel, with Fritted Disc˙漏斗具厚壁,強化邊緣等特性,堅固耐用˙具標示區˙凡濾紙,濾膜不適用之具侵蝕性化學藥劑皆適用於此漏斗˙請注意,使用此漏斗時,應避免溫度之急速變化,勿將漏斗曝於火焰之下˙濾片孔規0,孔徑為160~250μm˙濾片孔規1,孔徑為100~160μm˙濾片孔規2,孔徑為40~100μm˙濾片孔規3,孔徑為16~40μm˙濾片孔規4,孔徑為10~16μm˙濾片孔規5,孔徑為1.0~1.6μm貨號 容量mL 濾片孔規 A直徑mm B管徑mm 價格eaAR-21500AR-21501AR-21502AR-21503AR-21504AR-21505505050505050012345353535353535101010101010AR-21750AR-21751AR-21752AR-21753AR-21754AR-21755757575757575012345454545454545101010101010AR-21120AR-21121AR-21122AR-21123AR-21124AR-2112512512512512512512501234560606060606","https://ec.dgs.com.tw/catalog/files/basic-html/page96.html","https://ec.dgs.com.tw/catalog/catalog.html#p=96","2026-02-24T05:56:40.562Z"
"dgs_ecatalog-p96-c2","dgs_ecatalog","A","96","2","4","0101010AR-21120AR-21121AR-21122AR-21123AR-21124AR-21125125125125125125125012345606060606060101010101010AR-21250AR-21251AR-21252AR-21253AR-21254AR-21255250250250250250250012345808080808080181818181818AR-21550AR-21551AR-21552AR-21553AR-21554AR-21555500500500500500500012345909090909090222222222222AR-21110AR-21111AR-21112AR-21113AR-2111410001000100010001000012341201201201201202222222222水中總溶解固體TDS 及懸浮固體SS 檢測方法水中總固體重是水質檢查中,一個極具重要的指標。水中總固體量包含1.水中總溶解固體 (Total dissolved solids,簡稱TDS,單位:ppm)2.水中懸浮固體(Suspended Solids,簡稱,SS,單位","https://ec.dgs.com.tw/catalog/files/basic-html/page96.html","https://ec.dgs.com.tw/catalog/catalog.html#p=96","2026-02-24T05:56:40.562Z"
"dgs_ecatalog-p96-c3","dgs_ecatalog","A","96","3","4","。水中總固體量包含1.水中總溶解固體 (Total dissolved solids,簡稱TDS,單位:ppm)2.水中懸浮固體(Suspended Solids,簡稱,SS,單位:mg/L) 方法概述水中總固體重-將水樣置於已知重量之蒸發皿中蒸乾,放入103~105℃之烘箱續烘至恆重,所增加之重量即為總固體重水中懸浮固體-將水樣以一已知重量之玻璃纖維濾紙過濾,濾片放入103~105℃烘箱中乾燥至恆重,其所增加之重量即為懸浮固體重水中總溶解固體＝水中總固體重－水中懸浮固體器材玻璃纖維濾紙,Whatman GF/A,934AH,Gelman type A/E玻璃過濾器,附40~60μm孔徑濾板真空幫浦 鋁製秤量皿 蒸發皿100mL,材質可為陶瓷,白金,硼矽酸玻璃 水浴器,具恆溫功能 乾燥器 烘箱,能控溫在103~105℃ 分析天平,能精稱至小數四位 玻璃纖維濾紙 Grade GF/AWhatman®Glass Microfiber Filter, Grade GF/A˙孔徑1.6μm,厚度0.26mm˙用於一般高效能的實驗過濾,污水排放監測,空污監測,或者是蛋白質沉澱過濾,細菌培養及食品分析˙每盒(bx)100張貨號 直徑mm","https://ec.dgs.com.tw/catalog/files/basic-html/page96.html","https://ec.dgs.com.tw/catalog/catalog.html#p=96","2026-02-24T05:56:40.562Z"
"dgs_ecatalog-p96-c4","dgs_ecatalog","A","96","4","4","rade GF/A˙孔徑1.6μm,厚度0.26mm˙用於一般高效能的實驗過濾,污水排放監測,空污監測,或者是蛋白質沉澱過濾,細菌培養及食品分析˙每盒(bx)100張貨號 直徑mm 孔徑μm 價格bxAW1820-00025AW1820-00047AW1820-000902547901.61.61.6玻璃纖維過濾膜 PALLGlass Microfiber Filter˙玻璃纖維製厚度0.33mm˙適用SS水質分析過濾使用˙每bx100片貨號 直徑mm 孔徑μm 價格bxCG-31 47 1A基礎實驗器材A-084 以上價格與規格僅供參考 , 請以實際報價為主 漏斗型過濾器","https://ec.dgs.com.tw/catalog/files/basic-html/page96.html","https://ec.dgs.com.tw/catalog/catalog.html#p=96","2026-02-24T05:56:40.562Z"
"dgs_ecatalog-p97-c1","dgs_ecatalog","A","97","1","4","貨號 規格 價格setAK953705-00000 25mm玻璃過濾器組玻璃過濾器 25mm 玻璃濾片 KONTESMicrofiltration Assemblies, 25mm, Fritted Glass˙25mm玻璃濾片˙適用於分析液體中之微粒物質或微生物污染物˙濾片直徑16mm,可用過濾面積約2.5平方公分,濾片為固定式˙搭配25mm濾紙使用,銜接125mL過濾吸引瓶(過濾吸引瓶需另購)˙漏斗刻度由5~15mL,以1mL為一刻劃˙玻璃濾片適用於一般液態物質過濾˙尺寸25x152/mm貨號 規格 價格eaAK953701-00000AK953702-00001AK953703-00000玻璃漏斗25mm濾片用,15mL玻璃濾片基座,25mm鋁製過濾器用夾,25mm組合配件貨號 規格 價格setAK953730-00000 25mm玻璃過濾器組玻璃過濾器 25mm 不鏽鋼濾片KONTESMicrofiltration Assemblies, 25mm, Fritted Stainless Steel˙25mm不鏽鋼濾片˙適用於分析液體中之微粒物質或微生物污染物˙濾片直徑16mm,可用過濾面積約2.5平方公分,濾片可拆˙","https://ec.dgs.com.tw/catalog/files/basic-html/page97.html","https://ec.dgs.com.tw/catalog/catalog.html#p=97","2026-02-24T05:56:40.562Z"
"dgs_ecatalog-p97-c2","dgs_ecatalog","A","97","2","4","25mm, Fritted Stainless Steel˙25mm不鏽鋼濾片˙適用於分析液體中之微粒物質或微生物污染物˙濾片直徑16mm,可用過濾面積約2.5平方公分,濾片可拆˙搭配25mm濾紙使用,銜接125mL過濾吸引瓶(過濾吸引瓶需另購)˙漏斗刻度由5~15mL,以1mL為一刻劃˙不鏽鋼濾片適用於黏性溶劑或蛋白質溶劑˙尺寸25x152/mm貨號 規格 價格AK953701-00000AK953703-00000AK953711-00000AK953712-00000AK953726-00001玻璃漏斗25mm濾片用,15mL鋁製過濾器用夾,25mm不鏽鋼濾片,25mm PTFE支持濾片用墊圈(25ea/pk)玻璃基座,25mm組合配件貨號 規格 價格setAK953755-00000 47mm玻璃過濾器組玻璃過濾器 47mm 玻璃濾片 KONTESMicrofiltration Assemblies, 47mm, Fritted Glass˙47mm玻璃濾片˙適用於分析液體中之微粒物質或微生物污染物˙濾片直徑35mm,可用過濾面積約9.6平方公分,濾片為固定式˙搭配47mm濾紙使用,銜接1000mL過濾吸引瓶(過濾吸","https://ec.dgs.com.tw/catalog/files/basic-html/page97.html","https://ec.dgs.com.tw/catalog/catalog.html#p=97","2026-02-24T05:56:40.562Z"
"dgs_ecatalog-p97-c3","dgs_ecatalog","A","97","3","4","˙47mm玻璃濾片˙適用於分析液體中之微粒物質或微生物污染物˙濾片直徑35mm,可用過濾面積約9.6平方公分,濾片為固定式˙搭配47mm濾紙使用,銜接1000mL過濾吸引瓶(過濾吸引瓶需另購)˙漏斗刻度由100~250mL,以25mL為一刻劃˙玻璃濾片適用於一般液態物質過濾˙尺寸76x229/mm˙濾片孔徑40~60μm組合配件貨號 規格 價格eaAK953751-00000AK953752-00001D88M-953754047玻璃漏斗47mm濾片用,300mL玻璃濾片基座,47mm鋁製過濾器用夾,47mm,藍色玻璃過濾器 47mm玻璃濾片SYNTHWAREMicrofiltration Assemblies, 47mm, Fritted Glass˙47mm玻璃濾片˙適用於分析液體中之微粒物質或微生物污染物˙濾片直徑35mm,可用過濾面積約9.6平方公分,濾片為固定式˙搭配47mm濾紙使用,銜接1000mL過濾吸引瓶(過濾吸引瓶需另購)˙漏斗刻度由100-250mL,以25mL為一刻劃˙玻璃濾片適用於一般液態物質過濾˙尺寸76x229/mm貨號 規格 價格setASG-953755 47mm玻璃過濾器組組合配件貨號 規格","https://ec.dgs.com.tw/catalog/files/basic-html/page97.html","https://ec.dgs.com.tw/catalog/catalog.html#p=97","2026-02-24T05:56:40.562Z"
"dgs_ecatalog-p97-c4","dgs_ecatalog","A","97","4","4","度由100-250mL,以25mL為一刻劃˙玻璃濾片適用於一般液態物質過濾˙尺寸76x229/mm貨號 規格 價格setASG-953755 47mm玻璃過濾器組組合配件貨號 規格 價格eaASG-F100001ASG-F100073D88M-953754047玻璃漏斗47mm濾片用,300mL玻璃濾片基座,47mm鋁製過濾器用夾,47mm,藍色A基礎實驗器材以上價格與規格僅供參考 , 請以實際報價為主 A-085玻璃過濾器","https://ec.dgs.com.tw/catalog/files/basic-html/page97.html","https://ec.dgs.com.tw/catalog/catalog.html#p=97","2026-02-24T05:56:40.562Z"
"dgs_ecatalog-p98-c1","dgs_ecatalog","A","98","1","5","玻璃過濾器 47mm 不鏽鋼濾片 KONTESMicrofiltration Assemblies, 47mm, Fritted Stainless Steel˙47mm不鏽鋼濾片˙適用於分析液體中之微粒物質或微生物污染物˙濾片直徑35mm,可用過濾面積約9.6平方公分,濾片可拆˙搭配47mm濾紙使用,銜接1000mL過濾吸引瓶(過濾吸引瓶需另購)˙漏斗刻度由100~250mL,以25mL為一刻劃˙不鏽鋼濾片適用於黏性溶劑或蛋白質溶劑˙尺寸76x229/mm˙濾片孔徑0.125mm,120mesh貨號 規格 價格setAK953805-00000 47mm玻璃過濾器組貨號 規格 價格eaAK953751-00000D88M-953754047AK953810-00000AK953811-04701AK953801-00001玻璃漏斗47mm濾片用,300mL鋁製過濾器用夾,47mm,藍色不鏽鋼濾片,47mmPTFE支持濾片用墊圈玻璃基座,47mm組合配件玻璃過濾器 47mm 玻璃濾片 SYNTHWAREMicrofiltration Assemblies, 47mm, Fritted Glass˙47mm玻璃濾片˙適用於分析","https://ec.dgs.com.tw/catalog/files/basic-html/page98.html","https://ec.dgs.com.tw/catalog/catalog.html#p=98","2026-02-24T05:56:40.562Z"
"dgs_ecatalog-p98-c2","dgs_ecatalog","A","98","2","5","合配件玻璃過濾器 47mm 玻璃濾片 SYNTHWAREMicrofiltration Assemblies, 47mm, Fritted Glass˙47mm玻璃濾片˙適用於分析腐蝕性液體中之過濾物,或HPLC溶劑中微粒物質之排除˙濾片直徑35mm,可用過濾面積約9.6平方公分,濾片為固定式˙過濾器基座與過濾瓶為磨砂40/35接頭,比矽膠塞更耐腐蝕˙漏斗刻度由100~250mL,以25mL為一刻劃˙附磨砂40/35三角瓶1000mL貨號 規格 價格setASG-953825 47mm玻璃過濾器組組合配件貨號 規格 價格eaASG-F100001ASG-F100003ASG-F100004D88M-953754047玻璃漏斗47mm濾片用,300mL玻璃濾片基座,47mm,40/35磨口三角瓶,1000mL,40/35鋁製過濾器用夾,47mm,藍色玻璃過濾器 47mm 玻璃濾片KONTESMicrofiltration Assemblies, 47mm, Fritted Glass˙47mm玻璃濾片˙適用分析腐蝕性液體中之過濾物或HPLC溶劑中微粒物質之排除˙濾片直徑35mm,可用過濾面積約9.6cm2,濾片為固定式˙過濾器","https://ec.dgs.com.tw/catalog/files/basic-html/page98.html","https://ec.dgs.com.tw/catalog/catalog.html#p=98","2026-02-24T05:56:40.562Z"
"dgs_ecatalog-p98-c3","dgs_ecatalog","A","98","3","5","mm, Fritted Glass˙47mm玻璃濾片˙適用分析腐蝕性液體中之過濾物或HPLC溶劑中微粒物質之排除˙濾片直徑35mm,可用過濾面積約9.6cm2,濾片為固定式˙過濾器基座與過濾瓶為磨砂40/35接頭,比矽膠塞更耐腐蝕˙漏斗規格由容量300~1000mL,規格齊全˙附磨砂三角瓶˙濾片孔徑40~60μm貨號 漏斗容量/三角瓶容量mL 價格setAK953825-00000AK953835-00000AK953845-00000300/1000500/20001000/4000貨號 漏斗容量/三角瓶容量mL 價格eaAK953751-00000AK953771-00000AK953781-00000D88M-953754047AK953826-00000AK953827-00000AK953828-00000AK953829-00000玻璃漏斗47mm濾片用,300mL玻璃漏斗47mm濾片用,500mL玻璃漏斗47mm濾片用,1000mL鋁製過濾器用夾,47mm,藍色玻璃濾片基座,47mm,40/35磨口三角瓶,1000mL,40/35磨口三角瓶,2000mL,40/35磨口三角瓶,4000mL,40/35組合配件組","https://ec.dgs.com.tw/catalog/files/basic-html/page98.html","https://ec.dgs.com.tw/catalog/catalog.html#p=98","2026-02-24T05:56:40.562Z"
"dgs_ecatalog-p98-c4","dgs_ecatalog","A","98","4","5","製過濾器用夾,47mm,藍色玻璃濾片基座,47mm,40/35磨口三角瓶,1000mL,40/35磨口三角瓶,2000mL,40/35磨口三角瓶,4000mL,40/35組合配件組合配件玻璃過濾器 47mm 玻璃濾片 KONTESMicrofiltration Assemblies, 47mm, Fritted Glass˙47mm玻璃濾片˙用於收集濾出液體,濾出液體儲存於血清瓶中,減少污染˙濾片直徑35mm,可用過濾面積約9.6cm2,濾片為固定式˙過濾器基座附玻璃側支,吸引管為PP材質螺牙接管˙附GL45螺蓋真空抽氣瓶,可承受1.5BAR之壓力(at140℃)˙玻璃濾片適用於一般液態物質過濾˙濾片孔徑40~60μm貨號 規格 價格setAK953750-05347 47mm玻璃過濾器組貨號 規格 價格eaAK953751-00000D88M-953754047AK953752-05047AK736400-01413AK410170-04534AK410171-04226AK953900-00010玻璃漏斗47mm濾片用,300mL鋁製過濾器用夾,47mm,藍色玻璃濾片基座,47mm側支螺牙接管,1/4”X13-425GL","https://ec.dgs.com.tw/catalog/files/basic-html/page98.html","https://ec.dgs.com.tw/catalog/catalog.html#p=98","2026-02-24T05:56:40.562Z"
"dgs_ecatalog-p98-c5","dgs_ecatalog","A","98","5","5","K410171-04226AK953900-00010玻璃漏斗47mm濾片用,300mL鋁製過濾器用夾,47mm,藍色玻璃濾片基座,47mm側支螺牙接管,1/4”X13-425GL45 中孔螺蓋 中孔34mm墊圈,矽膠/PTFE,42mm真空抽氣瓶,1000mLA基礎實驗器材A-086 以上價格與規格僅供參考 , 請以實際報價為主 玻璃過濾器","https://ec.dgs.com.tw/catalog/files/basic-html/page98.html","https://ec.dgs.com.tw/catalog/catalog.html#p=98","2026-02-24T05:56:40.562Z"
"dgs_ecatalog-p99-c1","dgs_ecatalog","A","99","1","5","玻璃過濾器 47mm 不鏽鋼濾片 KONTESMicrofiltration Assemblies, 47mm, Fritted Stainless˙47mm不鏽鋼濾片˙適用於收集濾出液體,濾出液體直接儲存於血清瓶中,減少污染˙濾片直徑35mm,可用過濾面積約9.6平方公分,濾片可拆˙過濾器基座附玻璃側支,吸引管為PP材質螺牙接管˙附GL45螺蓋真空抽氣瓶,瓶身可承受1.5BAR之壓力(溫度140℃以內)˙不鏽鋼濾片適用於黏性溶劑或蛋白質溶劑˙濾片孔徑0.125mm,120mesh貨號 規格 價格setAK953800-05347 47mm玻璃過濾器組組合配件貨號 規格 價格eaAK953751-00000D88M-953754047AK953810-00000AK953811-04701AK953801-05047AK736400-01413AK410170-04534AK410171-04226AK953900-00010玻璃漏斗47mm濾片用,300mL鋁製過濾器用夾,47mm,藍色不鏽鋼濾片47mmPTFE支持濾片用墊圈玻璃基座,47mm側支螺牙接管,1/4”X13-425GL45中孔螺蓋中孔34mm墊圈,矽膠/PT","https://ec.dgs.com.tw/catalog/files/basic-html/page99.html","https://ec.dgs.com.tw/catalog/catalog.html#p=99","2026-02-24T05:56:40.562Z"
"dgs_ecatalog-p99-c2","dgs_ecatalog","A","99","2","5",",300mL鋁製過濾器用夾,47mm,藍色不鏽鋼濾片47mmPTFE支持濾片用墊圈玻璃基座,47mm側支螺牙接管,1/4”X13-425GL45中孔螺蓋中孔34mm墊圈,矽膠/PTFE,42mm真空抽氣瓶,1000mLPES過濾漏斗 47mm ROCKERMicrofiltration Assemblies, 47mm˙採用專利旋卡扣緊技術,安裝快速緊密,不需使用夾具˙PES工程塑膠材質,耐衝擊耐高溫,可高溫高壓滅菌˙濾膜墊片專利的導流設計,可增進過濾速率˙矽膠塞連接式附16號矽膠塞,可銜接1000mL過濾吸引瓶(吸引瓶另購), 亦可搭配專用PC接收瓶使用˙GL45螺牙連接式基座為GL45螺牙,可直接將過濾漏斗接在培養瓶或血清瓶上加快過濾實驗的效率˙整套包含過濾杯,濾膜墊片,47mm旋卡過濾基座,中孔矽膠塞(僅矽塞連接式有),濾杯蓋19700001 19700002 19700006 19700007貨號 描述 價格eaD9ET-19700001D9ET-19700002D9ET-19700006D9ET-19700007D9ET-19700036D9ET-20030036EPS過濾器,矽膠塞連接式 300mLEPS過濾器,","https://ec.dgs.com.tw/catalog/files/basic-html/page99.html","https://ec.dgs.com.tw/catalog/catalog.html#p=99","2026-02-24T05:56:40.562Z"
"dgs_ecatalog-p99-c3","dgs_ecatalog","A","99","3","5","9ET-19700002D9ET-19700006D9ET-19700007D9ET-19700036D9ET-20030036EPS過濾器,矽膠塞連接式 300mLEPS過濾器,GL45螺牙連接式 300mLEPS過濾器,矽膠塞連接式 500mLEPS過濾器,GL45螺牙連接式 500mLPP濾杯蓋 旋卡300mL用PP濾杯蓋 旋卡500mL,磁性300mL/500mL用玻璃過濾器 90mm 玻璃濾片 KONTESMicrofiltration Assemblies, 90mm, Fritted Glass˙90mm玻璃濾片˙適用於分析液體中之微粒物質或微生物污染物˙濾片直徑70mm,可用過濾面積約38.5平方公分,過濾速度比47mm過濾器快4倍,濾片為固定式˙搭配90mm濾紙使用,銜接1000mL過濾吸引瓶(過濾吸引瓶需另購)˙漏斗刻度由300~1000mL,以50mL為一刻劃˙玻璃濾片適用於一般液態物質過濾˙尺寸160x350/mm貨號 規格 價格setAK953755-00090 90mm玻璃過濾器組組合配件貨號 規格 價格eaAK953781-00090AK953752-00090D88M-953754090玻璃漏","https://ec.dgs.com.tw/catalog/files/basic-html/page99.html","https://ec.dgs.com.tw/catalog/catalog.html#p=99","2026-02-24T05:56:40.562Z"
"dgs_ecatalog-p99-c4","dgs_ecatalog","A","99","4","5","價格setAK953755-00090 90mm玻璃過濾器組組合配件貨號 規格 價格eaAK953781-00090AK953752-00090D88M-953754090玻璃漏斗90mm濾片用,1000mL玻璃濾片基座,90mm鋁製過濾器用夾,90mm,藍色玻璃過濾器 90mm 不鏽鋼濾片 KONTESMicrofiltration Assemblies, 90mm, Fritted Stainless Steel˙90mm不鏽鋼濾片˙適用於分析液體中之微粒物質或微生物污染物˙濾片直徑70mm,可用過濾面積約38.5平方公分,過濾速度比47mm過濾器快4倍,濾片可拆˙搭配90mm濾紙使用,銜接1000mL過濾吸引瓶(過濾吸引瓶需另購)˙漏斗刻度由300~1000mL,以50mL為一刻劃˙不鏽鋼濾片適用於黏性溶劑或蛋白質溶劑˙尺寸160x350/mm˙濾片孔徑0.149mm,100mesh貨號 規格 價格setAK953805-00090 90mm玻璃過濾器組組合配件貨號 規格 價格eaAK953781-00090D88M-953754090AK953810-00090AK953801-00090玻璃漏斗90mm濾片用,1","https://ec.dgs.com.tw/catalog/files/basic-html/page99.html","https://ec.dgs.com.tw/catalog/catalog.html#p=99","2026-02-24T05:56:40.562Z"
"dgs_ecatalog-p99-c5","dgs_ecatalog","A","99","5","5","m玻璃過濾器組組合配件貨號 規格 價格eaAK953781-00090D88M-953754090AK953810-00090AK953801-00090玻璃漏斗90mm濾片用,1000mL鋁製過濾器用夾,90mm,藍色不鏽鋼濾片,90mm玻璃基座,90mmA基礎實驗器材以上價格與規格僅供參考 , 請以實際報價為主 A-087玻璃過濾器","https://ec.dgs.com.tw/catalog/files/basic-html/page99.html","https://ec.dgs.com.tw/catalog/catalog.html#p=99","2026-02-24T05:56:40.562Z"
"dgs_ecatalog-p100-c1","dgs_ecatalog","A","100","1","4","玻璃過濾器 90mm 玻璃濾片 KONTESMicrofiltration Assemblies, 90mm, Fritted Glass˙90mm玻璃濾片˙適用大量分析腐蝕性液體中之過濾物,或HPLC溶劑中微粒物質之排除˙濾片直徑70mm,可用過濾面積約38.5平方公分,濾片為固定式˙過濾器基座與過濾瓶為磨砂接頭,比矽膠塞更耐腐蝕˙漏斗容量為1000mL˙三角瓶規格由容量1000~4000mL,規格齊全˙附磨砂三角瓶貨號 規格 價格setAK953825-00090AK953835-00090AK953845-0009090mm玻璃過濾器組1000mL90mm玻璃過濾器組2000mL90mm玻璃過濾器組4000mL貨號 規格 價格eaAK953781-00090D88M-953754090AK953826-00090AK953827-00000AK953828-00000AK953829-00000玻璃漏斗90mm濾片用,1000mL鋁製過濾器用夾,90mm,藍色玻璃濾片基座,90mm,40/35磨口三角瓶,1000mL,40/35磨口三角瓶,2000mL,40/35磨口三角瓶,4000mL,40/35組合配件連續過濾裝置","https://ec.dgs.com.tw/catalog/files/basic-html/page100.html","https://ec.dgs.com.tw/catalog/catalog.html#p=100","2026-02-24T05:56:40.562Z"
"dgs_ecatalog-p100-c2","dgs_ecatalog","A","100","2","4","夾,90mm,藍色玻璃濾片基座,90mm,40/35磨口三角瓶,1000mL,40/35磨口三角瓶,2000mL,40/35磨口三角瓶,4000mL,40/35組合配件連續過濾裝置 KONTESMicrofiltration Apparatus, with Solvent Pickup Adapter˙適用於HPLC溶劑過濾˙以溶劑接頭取代過濾漏斗,溶劑經真空吸引直接過濾,減少溶劑傾倒時所產生之污染˙溶劑接頭附螺牙PTFE管˙濾片直徑35mm,可用過濾面積約9.6平方公分,濾片為固定式˙過濾器基座與三角瓶為磨砂40/35接頭˙三角瓶為1000mL與4000mL兩種貨號 規格 價格setAK953820-01047AK953820-0404747mm玻璃連續過濾器組1000mL47mm玻璃連續過濾器組4000mL組合配件貨號 規格 價格eaAK953906-00047D88M-953754047AK953826-00000AK953827-00000AK953829-00000溶劑接頭 附OD 1/4” PTFE 管鋁製過濾器用夾,47mm,藍色玻璃濾片基座,47mm,40/35磨口三角瓶,1000mL,40/35磨口三角瓶,","https://ec.dgs.com.tw/catalog/files/basic-html/page100.html","https://ec.dgs.com.tw/catalog/catalog.html#p=100","2026-02-24T05:56:40.562Z"
"dgs_ecatalog-p100-c3","dgs_ecatalog","A","100","3","4","AK953829-00000溶劑接頭 附OD 1/4” PTFE 管鋁製過濾器用夾,47mm,藍色玻璃濾片基座,47mm,40/35磨口三角瓶,1000mL,40/35磨口三角瓶,4000mL40/35˙獨特磁性密封方式,不需使用夾具˙濾片直徑35mm,可用過濾面積約9.6cm2˙本體為Polyphenylsulfone塑膠材質,耐化學性佳˙搭配47mm濾紙用,銜接過濾吸引瓶或多連式過濾座(過濾吸引瓶及過濾器需另購)˙整組可高溫高壓蒸氣滅菌121℃貨號 容量mL 價格eaD9ET-4247D9ET-4242D9ET-4238150300500磁性過濾器 47mm PALLMagnetic Filter Funnel 47mm磁性過濾漏斗 47mm ROCKERMagnetic filter Funnel, 47mm˙磁力設計,漏斗與基座密合度高,可單手操作˙漏斗基座具定位環,放置濾膜時能快速定位˙側邊真空接頭設計,能搭配各式廢液瓶血清瓶、真空瓶˙整體皆由PPSU工程塑膠製作,耐衝擊,可高溫高壓滅菌˙矽膠塞連接式附16號矽膠塞,可銜接1000mL過濾吸引瓶(過濾吸引瓶需另購)˙直接放置式基座具側邊抽氣接管,可接真空源後將過濾漏","https://ec.dgs.com.tw/catalog/files/basic-html/page100.html","https://ec.dgs.com.tw/catalog/catalog.html#p=100","2026-02-24T05:56:40.562Z"
"dgs_ecatalog-p100-c4","dgs_ecatalog","A","100","4","4","體皆由PPSU工程塑膠製作,耐衝擊,可高溫高壓滅菌˙矽膠塞連接式附16號矽膠塞,可銜接1000mL過濾吸引瓶(過濾吸引瓶需另購)˙直接放置式基座具側邊抽氣接管,可接真空源後將過濾漏斗放三角瓶血清瓶上過濾使用,抽氣接管適用矽膠管內徑為4~8mm˙整套包含過濾杯,濾膜墊片,47mm磁性過濾基座,中孔矽膠塞(僅矽塞連接式有),濾杯蓋20030001 20031001 20050001 20051001貨號 描述 價格eaD9ET-20030001D9ET-20031001D9ET-20050001D9ET-20051001D9ET-20030036PPSU過濾器,矽膠塞連接式 300mLPPSU過濾器,直接放置式 300mLPPSU過濾器,矽膠塞連接式 500mLPPSU過濾器,直接放置式 500mLPP濾杯蓋 旋卡500mL,磁性300mL/500mL用A基礎實驗器材A-088 以上價格與規格僅供參考 , 請以實際報價為主 磁性過濾器","https://ec.dgs.com.tw/catalog/files/basic-html/page100.html","https://ec.dgs.com.tw/catalog/catalog.html#p=100","2026-02-24T05:56:40.562Z"
"dgs_ecatalog-p101-c1","dgs_ecatalog","A","101","1","3","微生物檢測過濾設備示意圖多連式過濾座 微生物用ROCKERVacuum Filtration 貨號 描述 價格eaD9ET-18030002D9ET-18060002D9ET-18010001D9ET-18010003D9ET-18010005D9ET-18010011D9ET-180100133孔 不鏽鋼底座480Lx130Wx110H/mm6孔 不鏽鋼底座850Lx130Wx110H/mm外旋式不鏽鋼l濾杯 容量100ml外旋式不鏽鋼l濾杯 容量300ml外旋式不鏽鋼l濾杯 容量500ml100ml外旋式濾杯專用蓋300ml/500ml外旋式濾杯專用蓋˙每一個過濾孔均有獨立的控制開關˙可搭配不鏽鋼不同容量的過濾杯˙適用47mm濾紙多連式過濾座 水質分析用ROCKERVacuum Filtration 貨號 描述 價格eaD9ET-18030001D9ET-18060001D9ET-18031001D9ET-180610013孔 不鏽鋼 480Lx130Wx160H/mm6孔 不鏽鋼 850Lx130Wx160H/mm3孔 鋁 480Lx130Wx160H/mm6孔 鋁 850Lx130Wx160H/mm˙每一個過濾孔均有","https://ec.dgs.com.tw/catalog/files/basic-html/page101.html","https://ec.dgs.com.tw/catalog/catalog.html#p=101","2026-02-24T05:56:40.562Z"
"dgs_ecatalog-p101-c2","dgs_ecatalog","A","101","2","3","x130Wx160H/mm6孔 不鏽鋼 850Lx130Wx160H/mm3孔 鋁 480Lx130Wx160H/mm6孔 鋁 850Lx130Wx160H/mm˙每一個過濾孔均有獨立的控制開關˙可搭配玻璃或塑膠,不銹鋼等不同型的過濾漏斗˙可高溫高壓滅菌不鏽鋼過濾漏斗 ROCKERVacuum Filtration ˙SS316不鏽鋼材質,可以火焰快速滅菌˙外旋式旋卡扣緊技術,安裝快速、緊密且不需使用夾具˙可搭配過濾吸引瓶或多連式過濾座使用˙濾杯刻線採雷射雕刻,清晰且濾液不殘留˙過濾基座的濾膜夾口,方便夾取濾膜˙使用濾紙直徑47mm˙可搭配濾杯用蓋達到連續過續目的˙整套包含過濾杯,不鏽鋼濾膜墊片,47mm過濾基座,中孔矽膠塞貨號 描述 價格eaD9ET-18010010D9ET-18010030D9ET-18010050D9ET-18010011D9ET-18010013D9ET-18010031不鏽鋼漏斗組,濾杯容量100mL不鏽鋼漏斗組,濾杯容量300mL不鏽鋼漏斗組,濾杯容量500mL100mL濾杯專用蓋300mL & 500mL 濾杯專用蓋不鏽鋼濾膜墊片A基礎實驗器材以上價格與規格僅供參考 , 請以實際報價為主 A-","https://ec.dgs.com.tw/catalog/files/basic-html/page101.html","https://ec.dgs.com.tw/catalog/catalog.html#p=101","2026-02-24T05:56:40.562Z"
"dgs_ecatalog-p101-c3","dgs_ecatalog","A","101","3","3","量300mL不鏽鋼漏斗組,濾杯容量500mL100mL濾杯專用蓋300mL & 500mL 濾杯專用蓋不鏽鋼濾膜墊片A基礎實驗器材以上價格與規格僅供參考 , 請以實際報價為主 A-089多連式過濾器","https://ec.dgs.com.tw/catalog/files/basic-html/page101.html","https://ec.dgs.com.tw/catalog/catalog.html#p=101","2026-02-24T05:56:40.562Z"
"dgs_ecatalog-p102-c1","dgs_ecatalog","A","102","1","4","布氏漏斗 PP KartellBuchner Funnel, PP˙PP材質,耐120°C高壓滅菌˙材質堅固,重量輕盈,不易碎裂,可耐化學溶劑腐蝕˙漏斗分為兩部分,可拆開清潔貨號 適用濾紙直徑mm 濾板孔徑xH(mm) 價格eaBK-438BK-439BK-441BK-442BK-443BK-4455570901101602401.1x952x1132.5x1802.5x2102.75x2803.0x350 瓷漏斗(布氏漏斗) 日製Buchner Ceramic Funnel˙陶瓷製,耐化學性佳˙可搭配濾紙使用貨號 適用濾紙直徑mm 價格eaD75S-06055D75S-06070D75S-06090D75S-06110D75S-06125D75S-06150D75S-06185D75S-06240D75S-06300557090110125150185 240 285瓷漏斗(布氏漏斗)Buchner Ceramic Funnel˙陶瓷製,耐化學性佳˙可搭配濾紙使用貨號 適用濾紙直徑mm容量mL 內徑mm 價格eaA75S-J185A75S-J186A75S-J187A75S-J188A75S-J189A75S-J190A7","https://ec.dgs.com.tw/catalog/files/basic-html/page102.html","https://ec.dgs.com.tw/catalog/catalog.html#p=102","2026-02-24T05:56:40.562Z"
"dgs_ecatalog-p102-c2","dgs_ecatalog","A","102","2","4","佳˙可搭配濾紙使用貨號 適用濾紙直徑mm容量mL 內徑mm 價格eaA75S-J185A75S-J186A75S-J187A75S-J188A75S-J189A75S-J190A75S-J191A75S-J192557090110125150185 24087186320550700106018604500567292112126152187242貨號 規格 價格setAK179950-04532 過濾器接頭GL45toGL32過濾器用螺蓋接頭 KONTESFiltration Adapter˙連接47mm與90mm的過濾器專用˙接口一端為GL32螺牙,另一端為GL45螺牙˙接頭為硼矽酸玻璃材質,吸引管為PTFE材質˙整組接頭皆可高壓滅菌組合配件貨號 規格 價格eaAK179951-03213AK410170-03220AK410170-04534AK410171-02916AK410171-04226AK736400-01413玻璃接頭32mmGL32中孔螺蓋中孔20mmGL45中孔螺蓋中孔34mm墊圈,矽膠/PTFE,29mm墊圈,矽膠/PTFE,42mm側支螺牙接管,1/4”X13-425過濾器用磨砂接頭 KONTES","https://ec.dgs.com.tw/catalog/files/basic-html/page102.html","https://ec.dgs.com.tw/catalog/catalog.html#p=102","2026-02-24T05:56:40.562Z"
"dgs_ecatalog-p102-c3","dgs_ecatalog","A","102","3","4","L32中孔螺蓋中孔20mmGL45中孔螺蓋中孔34mm墊圈,矽膠/PTFE,29mm墊圈,矽膠/PTFE,42mm側支螺牙接管,1/4”X13-425過濾器用磨砂接頭 KONTESFiltration Adapter TF˙一端為連接螺蓋為GL45的標準 血清瓶,另一端則為40/35的公 磨砂頭,可連接磨口為40/35的 磨砂過濾器˙接頭材質為PTFE,螺蓋為PP材 質,並附有TFE/PROPYLENE之O-RING貨號 規格 價格eaAK953905-00000 磨砂過濾器接頭GL45to40/35過濾器用螺牙接頭 PPFiltration Adapter˙PP材質,墊片為PTFE˙下端為連接螺蓋為GL45的標準血清瓶,上端則為連接過濾器專用矽膠塞的接口,可連接矽膠塞為14號的過濾器用矽膠塞˙側枝接管適合內徑4~8mm矽膠連接貨號 規格 價格eaD9ET-19700065 過濾器接頭GL45 to #14矽膠塞液體分注器 PTFEBOHLENDERDispenser , PTFE˙PTFE材質耐溫-200~250℃˙良好的耐化學性和溫度˙可接GL45螺牙口之瓶子貨號 螺牙規格 活栓孔徑mm排液管孔徑mm價格eaAO-H91","https://ec.dgs.com.tw/catalog/files/basic-html/page102.html","https://ec.dgs.com.tw/catalog/catalog.html#p=102","2026-02-24T05:56:40.562Z"
"dgs_ecatalog-p102-c4","dgs_ecatalog","A","102","4","4","RDispenser , PTFE˙PTFE材質耐溫-200~250℃˙良好的耐化學性和溫度˙可接GL45螺牙口之瓶子貨號 螺牙規格 活栓孔徑mm排液管孔徑mm價格eaAO-H91810 GL 45 4 4A基礎實驗器材A-090 以上價格與規格僅供參考 , 請以實際報價為主 布氏漏斗","https://ec.dgs.com.tw/catalog/files/basic-html/page102.html","https://ec.dgs.com.tw/catalog/catalog.html#p=102","2026-02-24T05:56:40.562Z"
"dgs_ecatalog-p103-c1","dgs_ecatalog","A","103","1","4","貨號 漏斗容量mL 濾片Ø(mm) 價格eaAO-N165008AO-N165016AO-N1650242405001000474790 過濾器 PTFE/PFA BOHLENDERMicrofiltration, PTFE/PFA˙PTFE材質耐溫-200~250℃˙良好的耐化學性和溫度˙47mm濾片過濾面積13.8cm2˙90mm濾片過濾面積55.4cm2˙本體不含濾片,需另購˙抽氣管可接內徑6~8mm真空管過濾器用接收瓶 PFA BOHLENDERMicrofiltration Connecting Vessels, PFA˙PFA材質耐溫-200~250℃˙良好的耐化學性和溫度˙需搭配AD-N1650系列過濾器 使用貨號 容量mL ODxH(mm) 價格eaAO-A13009AO-A13011AO-A13012240500100065.5x9585x120106x151過濾器 PTFE/PFA BOHLENDERMicrofiltration, PTFE/PFA˙PTFE材質耐溫-200~250℃˙良好的耐化學性和溫度˙47mm濾片,過濾面積13.8cm2˙漏斗容量125mL,抽氣管可接內徑6~8mm真空管˙可接磨口","https://ec.dgs.com.tw/catalog/files/basic-html/page103.html","https://ec.dgs.com.tw/catalog/catalog.html#p=103","2026-02-24T05:56:40.562Z"
"dgs_ecatalog-p103-c2","dgs_ecatalog","A","103","2","4","n, PTFE/PFA˙PTFE材質耐溫-200~250℃˙良好的耐化學性和溫度˙47mm濾片,過濾面積13.8cm2˙漏斗容量125mL,抽氣管可接內徑6~8mm真空管˙可接磨口29/32的瓶子,本體不 含濾片需另購貨號 規格 價格eaAO-N165808 47mm PTFE/PFA 過濾器組過濾器用濾片 PTFE BOHLENDERMicrofiltration Membranes, PTFE˙PTFE材質耐溫-200~250℃˙良好的耐化學性和溫度˙濾片厚度0.2mm˙流量為真空度1000mbar時,使用同廠牌PTFE過濾器所測出˙每包(pk)10片貨號 濾片孔徑μm濾片Ømm流量mL/min價格pkAO-N169052AO-N169056AO-N1690600.20.45147474757148510微量漏斗 SYNTHWAREMicro Funnel˙硼矽酸玻璃材質貨號 OD(mm) 腳徑mm 價格eaASG-F740027ASG-F740035ASG-F740045273545788短腳漏斗 KIMBLEFunnel, Short Stem˙KG-33硼矽酸玻璃材質˙漏斗壁厚度一致,可耐化學溶劑侵蝕,堅固耐用˙獨","https://ec.dgs.com.tw/catalog/files/basic-html/page103.html","https://ec.dgs.com.tw/catalog/catalog.html#p=103","2026-02-24T05:56:40.562Z"
"dgs_ecatalog-p103-c3","dgs_ecatalog","A","103","3","4","0035ASG-F740045273545788短腳漏斗 KIMBLEFunnel, Short Stem˙KG-33硼矽酸玻璃材質˙漏斗壁厚度一致,可耐化學溶劑侵蝕,堅固耐用˙獨創58°斜角加強液體流速貨號 ODx腳徑x腳長mm 搭配濾紙直徑mm 價格eaAK28950-00025AK28950-00035AK28950-00045AK28950-00055AK28950-00065AK28950-00075AK28950-00090AK28950-0010025x6x4035x6.5x5045x6.5x4555x8x6365x8x6375x8x7590x9x97100x9x9742.5557090110125150185 短腳漏斗 PYREXFunnel, Short Stem˙Pyrex硼矽酸玻璃材質˙漏斗壁厚度一致,可耐化學溶劑侵蝕,堅固耐用˙60°斜角可以精確貼合濾紙貨號 ODx腳徑x腳長mm 搭配濾紙直徑mm 價格eaAS2140-00035AS2140-00045AS2140-00070AS2140-00080AS2140-00105AS2140-00125AS2140-00150AS2140-0020035x","https://ec.dgs.com.tw/catalog/files/basic-html/page103.html","https://ec.dgs.com.tw/catalog/catalog.html#p=103","2026-02-24T05:56:40.562Z"
"dgs_ecatalog-p103-c4","dgs_ecatalog","A","103","4","4","035AS2140-00045AS2140-00070AS2140-00080AS2140-00105AS2140-00125AS2140-00150AS2140-0020035x8x3545x8x4570x8x7580x8x82105x10x106125x12x122150x16x154200x24x19345~5555~7070~9090~150150~185185~240240~270320~385 A基礎實驗器材以上價格與規格僅供參考 , 請以實際報價為主 A-091漏斗","https://ec.dgs.com.tw/catalog/files/basic-html/page103.html","https://ec.dgs.com.tw/catalog/catalog.html#p=103","2026-02-24T05:56:40.562Z"
"dgs_ecatalog-p104-c1","dgs_ecatalog","A","104","1","4","貨號 OD(mm) ea/bx 價格eaDG1504-05DG1504-10DG1504-15DG1504-20DG1504-25DG1504-30DG1504-355060759010012015012121212822 短腳漏斗 經濟型Funnel, Short Stem˙硼矽酸玻璃製成長腳漏斗 KIMBLEFunnel, Long Stem˙KG-33硼矽酸玻璃材質˙漏斗壁厚度一致,可耐化學溶劑侵蝕,堅固耐用˙使用濾紙直徑需大於漏斗IDx2x0.8˙55~100mm 58°斜角加強液體流速˙150~250mm 60°斜角加強液體流速貨號 OD(mm) 腳長mm 腳徑mm 價格eaAK28900-00055AK28900-00065AK28900-00075AK28900-00100AK28980-00150AK28980-00200AK28980-002505565751001502002501501501501501501501508889151925粉體漏斗 磨口 SYNTHWAREFunnel, Filling, Powder, with Joint˙厚壁具磨口漏斗˙壁厚在2mm以上˙漏斗壁的傾斜度為60°貨號","https://ec.dgs.com.tw/catalog/files/basic-html/page104.html","https://ec.dgs.com.tw/catalog/catalog.html#p=104","2026-02-24T05:56:40.562Z"
"dgs_ecatalog-p104-c2","dgs_ecatalog","A","104","2","4","151925粉體漏斗 磨口 SYNTHWAREFunnel, Filling, Powder, with Joint˙厚壁具磨口漏斗˙壁厚在2mm以上˙漏斗壁的傾斜度為60°貨號 OD(mm) 磨口 價格eaASG-F182475ASG-F1841007510024/4024/40漏斗 磨口 SYNTHWAREFunnel, with Joint˙硼矽酸玻璃材質貨號 OD(mm) 磨口 價格eaASG-F751450ASG-F752450ASG-F752475ASG-F7524905050759014/2024/4024/4024/40貨號 OD(mm) 濾片mm 磨口 價格eaASG-F932450ASG-F932475XASG-F932475ASG-F932490507575902520324024/4024/4024/4024/40漏斗 玻璃濾片 SYNTHWAREFunnel, Filter, Inner Joint with Vacuum Receiver, with Fritted Disc˙玻璃濾片˙需配合濾紙使用粉體漏斗 KIMBLEFunnel, Filling, Powder˙KG-33硼矽酸玻璃材質˙漏","https://ec.dgs.com.tw/catalog/files/basic-html/page104.html","https://ec.dgs.com.tw/catalog/catalog.html#p=104","2026-02-24T05:56:40.562Z"
"dgs_ecatalog-p104-c3","dgs_ecatalog","A","104","3","4","Receiver, with Fritted Disc˙玻璃濾片˙需配合濾紙使用粉體漏斗 KIMBLEFunnel, Filling, Powder˙KG-33硼矽酸玻璃材質˙漏斗腳寬短,適用於粉狀固體˙漏斗壁厚度一致,可耐化學溶劑侵蝕,堅固耐用˙腳長35mm貨號 OD(mm) 腳徑mm 價格eaAK29020-00060AK29020-00080AK29020-00100AK29020-00125AK29020-0015060801001251501315181919粉體漏斗 PP VITLABPowder Funnel, PP˙PP材質,可耐120℃高壓滅菌˙漏斗錐部為60°角˙漏斗腳短寬,適用於粉狀固體,亦適用於化學溶劑貨號 OD(mm) 腳徑x腳長xH(mm) ea/pk 價格eaBV-70794BV-70894BV-70994BV-71094BV-71194658010012015015x25x6821x25x7522x20x9426x20x11028x22x138101010105塑膠漏斗 PP VITLABFunnel, PP˙PP材質,可耐120℃高壓滅菌˙漏斗錐部為60°角貨號 OD(mm) 腳徑x腳長x","https://ec.dgs.com.tw/catalog/files/basic-html/page104.html","https://ec.dgs.com.tw/catalog/catalog.html#p=104","2026-02-24T05:56:40.562Z"
"dgs_ecatalog-p104-c4","dgs_ecatalog","A","104","4","4","20x11028x22x138101010105塑膠漏斗 PP VITLABFunnel, PP˙PP材質,可耐120℃高壓滅菌˙漏斗錐部為60°角貨號 OD(mm) 腳徑x腳長xH(mm) ea/pk 價格eaBV-40894BV-41094BV-41194BV-41294BV-41394BV-41494BV-41594BV-4169430304050751001201502x25x454x25x474x35x657x43x857x55x1108x77x15511x90x18015x95x2202424242412121212A基礎實驗器材A-092 以上價格與規格僅供參考 , 請以實際報價為主 漏斗","https://ec.dgs.com.tw/catalog/files/basic-html/page104.html","https://ec.dgs.com.tw/catalog/catalog.html#p=104","2026-02-24T05:56:40.562Z"
"dgs_ecatalog-p105-c1","dgs_ecatalog","A","105","1","4","貨號 OD(mm) 腳徑xH(mm) 價格BV-41794CBV-41894CBV-41994CBV-42294CBV-42393CBV-420992002503504004305022x20030x26035x44042x36537x420不鏽鋼濾網/鋁大型漏斗 PP VITLABLarge Funnel, PP, with Filter˙PP材質˙直徑400mm(含)以上為HDPE材質˙附不鏽鋼/鋁混合材質濾網螺旋快速漏斗 TPXBel-ArtUrbanti Funnels, TPX˙TPX(PMP)材質˙螺旋溝加快液體流速˙使用時,螺旋溝可防止氣體卡於濾紙與漏斗之間˙可承受溫度為177°C˙可耐高溫高壓滅菌121°C貨號 ID(mm)腳IDxODx腳長xH(mm)濾紙mm價格eaBB-146400000BB-146420000BB-146440000BB-146460000BB-146480000BB-1465000005170701001401963x8x150x196 3x8x150x2067x10x70x1357x10x108x19410x16x132x25420x26x160x31675/90110/12511","https://ec.dgs.com.tw/catalog/files/basic-html/page105.html","https://ec.dgs.com.tw/catalog/catalog.html#p=105","2026-02-24T05:56:40.562Z"
"dgs_ecatalog-p105-c2","dgs_ecatalog","A","105","2","4","01963x8x150x196 3x8x150x2067x10x70x1357x10x108x19410x16x132x25420x26x160x31675/90110/125110/125150/185240/270320/385貨號 OD(mm) 腳下徑xH(mm) 價格eaCN3016-13CN3016-14CN3016-15CN3016-16CN3016-18759012015021010x10711x12415.5x19413x21417.5x326螺旋快速漏斗 SANPLATECUrbanti Funnel, PP˙螺旋溝加快液體流速˙當使用濾紙時,螺旋溝可防止氣體卡於濾紙與漏斗間,加快流速不鏽鋼廣口漏斗 日製Funnel, Filling, SS˙SUS304不鏽鋼材質˙漏斗腳寬短,適用液體及粉狀固體貨號 OD(mm) 腳徑mm 價格eaC8FS-OM1062 155 38貨號 ODx管徑mm 價格eaC8FS-21001C8FS-21002C8FS-21003C8FS-21004C8FS-21005C8FS-2100680x12100x15120x15150x15180x20200x25不鏽鋼漏斗 日製S.S","https://ec.dgs.com.tw/catalog/files/basic-html/page105.html","https://ec.dgs.com.tw/catalog/catalog.html#p=105","2026-02-24T05:56:40.562Z"
"dgs_ecatalog-p105-c3","dgs_ecatalog","A","105","3","4","1002C8FS-21003C8FS-21004C8FS-21005C8FS-2100680x12100x15120x15150x15180x20200x25不鏽鋼漏斗 日製S.S. Funnel˙SUS304不鏽鋼製梨型分液漏斗 PE塞KIMBLEFunnel, Separatory, Pear-Shaped, PTFE Stopcock˙KG-33硼矽酸玻璃材質˙附PE塑膠磨砂塞,PTFE活栓˙腳長60mm貨號 容量mL 磨砂塞 價格eaAK29049F-00125AK29049F-00250AK29049F-00500AK29049F-01000AK29049F-0200012525050010002000#22#22#27#27#38茶色梨型分液漏斗 PTFE塞 KIMBLEFunnel, Separatory, Pear-Shaped, RAY-SORB, PTFE Stopcock˙KG-33硼矽酸玻璃材質˙瓶塞與活栓皆為PTFE材質˙250mL以下瓶塞為#22˙500mL以下瓶塞為#27˙RAY-SORB材質可保護量瓶 中之物質免於短波光之侵害˙腳長60mm貨號 容量mL 磨砂塞 價格eaAK29052F-00","https://ec.dgs.com.tw/catalog/files/basic-html/page105.html","https://ec.dgs.com.tw/catalog/catalog.html#p=105","2026-02-24T05:56:40.562Z"
"dgs_ecatalog-p105-c4","dgs_ecatalog","A","105","4","4","250mL以下瓶塞為#22˙500mL以下瓶塞為#27˙RAY-SORB材質可保護量瓶 中之物質免於短波光之侵害˙腳長60mm貨號 容量mL 磨砂塞 價格eaAK29052F-00125AK29052F-00250AK29052F-00500125250500#22#22#27A基礎實驗器材以上價格與規格僅供參考 , 請以實際報價為主 A-093分液漏斗","https://ec.dgs.com.tw/catalog/files/basic-html/page105.html","https://ec.dgs.com.tw/catalog/catalog.html#p=105","2026-02-24T05:56:40.562Z"
"dgs_ecatalog-p106-c1","dgs_ecatalog","A","106","1","4","梨型分液漏斗 玻璃塞SYNTHWAREFunnel, Separatory, Pear-Shaped, PTFE Stopcock˙附玻璃磨砂塞,PTFE活栓˙經由活栓之開關與大口徑之腳徑, 使液體流經漏斗腳時可完整的被 分離,凸顯其分液效果貨號 容量mL 活栓孔徑mm 磨砂塞 價格eaASG-F471330AASG-F471660AASG-F472125AASG-F472250AASG-F477500AASG-F477000A30601252505001000222444#13#16#22#22#27#27梨型分液漏斗 玻璃塞Funnel, Separatory, Pear-Shaped, PTFE Stopcock˙附玻璃磨砂塞,PTFE活栓˙經由活栓之開關與大口徑之腳徑, 使液體流經漏斗腳時可完整的被 分離,凸顯其分液效果貨號 容量mL 磨砂塞 價格eaDG29048F-02000DG29048F-03000DG29048F-04000DG29048F-05000200030004000500029/3234/4045/5040/40梨型分液漏斗 PTFE塞SYNTHWAREFunnel, Separatory, Pe","https://ec.dgs.com.tw/catalog/files/basic-html/page106.html","https://ec.dgs.com.tw/catalog/catalog.html#p=106","2026-02-24T05:56:40.562Z"
"dgs_ecatalog-p106-c2","dgs_ecatalog","A","106","2","4","9048F-05000200030004000500029/3234/4045/5040/40梨型分液漏斗 PTFE塞SYNTHWAREFunnel, Separatory, Pear-Shaped, PTFE Stopcock˙附PTFE塞,PTFE活栓˙經由活栓之開關與大口徑之腳徑, 使液體流經漏斗腳時可完整的被分 離,凸顯其分液效果貨號 容量mL 活栓孔徑mm 磨砂塞 價格eaASG-F471330ASG-F471660ASG-F472125ASG-F472250ASG-F477500ASG-F47700030601252505001000222444#13#16#22#22#27#27梨型分液漏斗 玻璃塞 經濟型Funnel, Separatory, Pear-Shaped˙附玻璃磨砂塞,PTFE活栓或玻璃栓˙經由活栓之開關與大口徑之腳徑, 使液體流經漏斗腳時可完整的被 分離,凸顯其分液效果貨號 容量mL 活栓材質 價格eaDG1543-03DG1543-05DG1543-10DG1543-15DG1543-20DG1543-50DG1543-55DG1543-60DG1543-65DG1543-7060125250","https://ec.dgs.com.tw/catalog/files/basic-html/page106.html","https://ec.dgs.com.tw/catalog/catalog.html#p=106","2026-02-24T05:56:40.562Z"
"dgs_ecatalog-p106-c3","dgs_ecatalog","A","106","3","4","3DG1543-05DG1543-10DG1543-15DG1543-20DG1543-50DG1543-55DG1543-60DG1543-65DG1543-70601252505001000601252505001000玻璃栓玻璃栓玻璃栓玻璃栓玻璃栓TF栓TF栓TF栓TF栓TF栓球型分液漏斗 經濟型Funnel, Separatory˙附玻璃磨砂塞,PTFE活栓或玻璃栓˙經由活栓之開關與大口徑之腳徑, 使液體流經漏斗腳時可完整的被 分離,凸顯其分液效果貨號 容量mL 活栓材質 價格eaDG1542-05DG1542-10DG1542-15DG1542-20DG1542-25DG1542-55DG1542-60DG1542-65DG1542-70DG1542-75601252505001000601252505001000玻璃栓玻璃栓玻璃栓玻璃栓玻璃栓TF栓TF栓TF栓TF栓TF栓直筒型等壓分液漏斗SYNTHWAREFunnel, Separatory, Addition, PTFE Stopcock˙PTFE活栓˙附等壓管,使分液漏斗與接收瓶內部空氣對流˙附刻度,不附蓋貨號 容量mL 活栓孔徑mm 上下磨口 價格eaAS","https://ec.dgs.com.tw/catalog/files/basic-html/page106.html","https://ec.dgs.com.tw/catalog/catalog.html#p=106","2026-02-24T05:56:40.562Z"
"dgs_ecatalog-p106-c4","dgs_ecatalog","A","106","4","4","ory, Addition, PTFE Stopcock˙PTFE活栓˙附等壓管,使分液漏斗與接收瓶內部空氣對流˙附刻度,不附蓋貨號 容量mL 活栓孔徑mm 上下磨口 價格eaASG-F622460ASG-F624125ASG-F624250ASG-F624500ASG-F62241L6012525050010002224424/4024/4024/4024/4024/40A基礎實驗器材A-094 以上價格與規格僅供參考 , 請以實際報價為主 分液漏斗","https://ec.dgs.com.tw/catalog/files/basic-html/page106.html","https://ec.dgs.com.tw/catalog/catalog.html#p=106","2026-02-24T05:56:40.562Z"
"dgs_ecatalog-p107-c1","dgs_ecatalog","A","107","1","3","貨號 容量mL 活栓孔徑mm 上下磨口 價格eaASG-F674125ASG-F6742501252502224/4024/40等壓分液漏斗 雙活栓 SYNTHWAREFunnel, Pressure Equalizing, Two PTFE Stopcocks˙PTFE活栓˙雙活栓˙附刻度,不附蓋直筒型分液漏斗 台製Funnel, Separatory, Cylindrical, PTFE Stopcock˙加工品˙附玻璃磨砂塞,PTFE活栓˙腳長60mm貨號 容量mL 活栓# 磨砂塞 價格eaDG29033F-00060DG29033F-00125DG29033F-00250DG29033F-00500DG29033F-0100060125250500100022244#16#22#22#27#27乳脂瓶 KIMBLEBabcock Bottles˙KG-33硼矽酸玻璃製成˙茶色刻度於瓶頸˙可置於乳脂測試專用離心機使用˙用於測量各式乳製品的乳脂肪比例˙尺寸37x165mm乳酪用 冰淇淋用 脫脂牛奶 牛乳用 奶油用貨號 乳脂率% 容量mL 誤差±mL 規格 價格eaAK509-00050AK516-00020AK530-5","https://ec.dgs.com.tw/catalog/files/basic-html/page107.html","https://ec.dgs.com.tw/catalog/catalog.html#p=107","2026-02-24T05:56:40.562Z"
"dgs_ecatalog-p107-c2","dgs_ecatalog","A","107","2","3","肪比例˙尺寸37x165mm乳酪用 冰淇淋用 脫脂牛奶 牛乳用 奶油用貨號 乳脂率% 容量mL 誤差±mL 規格 價格eaAK509-00050AK516-00020AK530-50100AK1003S-00008AK2085S-0005050/0.520/0.20.5/0.018/0.150/0.55/0.052/0.020.1/0.0021.6/0.025/0.050.250.20.0250.0080.25乳酪用冰淇淋用脫脂牛奶牛乳用奶油用方型稀釋瓶 KIMBLEBottle, Milk Dilution, Square, Screw-Cap˙KG-35硼矽酸玻璃製成˙標示區為琺瑯材質˙瓶蓋與瓶身皆可高壓滅菌121℃˙依美國公共衛生協會頒布之乳製 品檢查標準程序設計˙尺寸45x45x150mm貨號 容量mL 描述 ea/bx 價格eaAK14915-00160AK14925-00160AK14255-00028160160 99mL處刻劃一線28-400蓋子4848150方型血清瓶 KIMBLEBottle, Sample and Serum, Square, Screw-Cap˙KG-35硼矽酸玻璃製成˙適用水採樣,牛","https://ec.dgs.com.tw/catalog/files/basic-html/page107.html","https://ec.dgs.com.tw/catalog/catalog.html#p=107","2026-02-24T05:56:40.562Z"
"dgs_ecatalog-p107-c3","dgs_ecatalog","A","107","3","3","8-400蓋子4848150方型血清瓶 KIMBLEBottle, Sample and Serum, Square, Screw-Cap˙KG-35硼矽酸玻璃製成˙適用水採樣,牛乳稀釋,組織培養 等實驗˙瓶蓋與瓶身皆可高壓滅菌121°C˙尺寸50x50x160mm貨號 容量mL 描述 ea/bx 價格eaAK14250-00200AK14255-00028200 血清瓶28-400蓋子48150牛乳吸管 KIMBLEPipet, Milk Test, 17.6mL貨號 容量mL 誤差±mL 價格eaAK3005S-00176 17.6 0.05 ˙KG-33硼矽酸玻璃製成˙標示量為17.6mL之容量,約為18公克之牛乳˙吸管附橡膠墊圈˙墊圈表面之凹槽有助管內空氣之對流˙長度330mmA基礎實驗器材以上價格與規格僅供參考 , 請以實際報價為主 A-095乳脂瓶","https://ec.dgs.com.tw/catalog/files/basic-html/page107.html","https://ec.dgs.com.tw/catalog/catalog.html#p=107","2026-02-24T05:56:40.562Z"
"dgs_ecatalog-p108-c1","dgs_ecatalog","A","108","1","3","塑膠沉澱管 SAN KartellSedimentation Cone, SAN˙SAN材質,清澈透明˙英霍夫錐形管形式(IMHOFF CONE)˙附刻度,管尖為螺蓋,利於清洗˙適用於測定水中沉降物體積˙不含沉澱管架˙管口直徑125mm,長度480mm貨號 容量mL 刻度mL 價格eaBK-1055 1000 0~2/0.12~10/0.510~40/140~100/2100~1000/50 塑膠沉澱管 SAN Bel-ArtImhoff Cone, SAN˙SAN材質,清澈透明˙附刻度,尖端為螺蓋,利於清洗˙適用於量測水中沉降物體積˙可搭配沉澱管架使用貨號 容量mL 刻度mL ODxH(mm) 價格eaBB-389900000 1000 0~2/0.12~10/0.510~40/140~100/2100~1000/50120x500塑膠沉澱管架 PMMAKartellSedimentation Cone Rack, PMMA˙PMMA材質˙可放置2支沉澱管˙本架不含沉澱管貨號 孔 LxWxH(mm) 價格eaBK-1056 2 300x150x294沉澱管架 Bel-ArtRack, Imhoff Cone貨號 孔數 Lx","https://ec.dgs.com.tw/catalog/files/basic-html/page108.html","https://ec.dgs.com.tw/catalog/catalog.html#p=108","2026-02-24T05:56:40.562Z"
"dgs_ecatalog-p108-c2","dgs_ecatalog","A","108","2","3","2支沉澱管˙本架不含沉澱管貨號 孔 LxWxH(mm) 價格eaBK-1056 2 300x150x294沉澱管架 Bel-ArtRack, Imhoff Cone貨號 孔數 LxWxH(mm) 價格eaBB-389930003BB-38993000434445x171x406577x171x406˙鐵披覆環氧樹酯材質˙可放置塑膠沉澱管,以利觀察˙環氧樹酯塗層,耐用易清潔玻璃黏度管KIMBLETube Viscometer˙Cannon-Fenske式黏度管,依照ASTM標準D445,使用KG-33硼矽酸玻璃製成,具黑色刻線˙用於測量液體之動黏度˙動黏度係數cSt=概略常數(C)x液體流過粘度管內兩線 (圖A點到B點)的時間(T)˙絕對黏度cP=(動黏度cSt)x(液體密度g/cm3)貨號 型號 動粘度係數cSt 常數 ea/cs 價格eaAK46460-00050AK46460-00100AK46460-00150AK46460-00200AK46460-00300AK46460-00350AK46460-00400501001502003003504000.8~43~157~3520~10050~250100~50024","https://ec.dgs.com.tw/catalog/files/basic-html/page108.html","https://ec.dgs.com.tw/catalog/catalog.html#p=108","2026-02-24T05:56:40.562Z"
"dgs_ecatalog-p108-c3","dgs_ecatalog","A","108","3","3","6460-00300AK46460-00350AK46460-00400501001502003003504000.8~43~157~3520~10050~250100~500240~12000.0040.0150.0350.10.250.51.21111111 ABHubbard比重瓶 KIMBLEBottle, Specific Gravity, Hubbard˙KG-33硼矽酸玻璃製成˙瓶塞有直徑約1.6mm之排氣孔˙適用於測定半固體材料和乳狀液體之比重,譬如瀝青,瀝青水泥,樹脂,油漆,鹵水等貨號 容量mL ODxH(mm) 重g 價格eaAK15110-00024 24 27 x 82 35A基礎實驗器材A-096 以上價格與規格僅供參考 , 請以實際報價為主 沉澱管","https://ec.dgs.com.tw/catalog/files/basic-html/page108.html","https://ec.dgs.com.tw/catalog/catalog.html#p=108","2026-02-24T05:56:40.562Z"
"dgs_ecatalog-p109-c1","dgs_ecatalog","A","109","1","3","李氏比重瓶 KIMBLEBottle, Specific Gravity, Le Chatelier, Class A˙KG-33硼矽酸玻璃製成˙瓶身容量約為250mL,瓶頸中間球狀部分約17mL˙球狀部分以下之刻度由0~1mL,球狀部分以上之刻度由18~24mL,以0.1mL為單位˙標示區為琺瑯材質,印有序號˙適用於測定水泥,砂等細微物質之比重˙誤差為±0.05mL貨號 容量mL ODxH(mm) 磨砂塞 價格eaAK15115-00024 管柱24 瓶身250 90x285 13含水量測定瓶 KIMBLEFlask, Antibiotic Moisture Content˙KG-33硼矽酸玻璃製成˙用於測定片劑、錠劑或膠囊乾燥時的水分損失貨號 描述 價格eaAK881700-00000 含水量測定瓶 2.2mL 貨號 容量mL 光徑mm 價格bxCU-WG01CU-WG053.517.51050玻璃分光比色槽 DGSAbsorption cells,Glass˙光學玻璃材質˙分光用,兩面磨砂˙適用波長340~1000nm˙外徑寬12.5mm高度45mm˙最小訂購量,每盒(bx)2個塑膠比色槽 PS KartellStan","https://ec.dgs.com.tw/catalog/files/basic-html/page109.html","https://ec.dgs.com.tw/catalog/catalog.html#p=109","2026-02-24T05:56:40.562Z"
"dgs_ecatalog-p109-c2","dgs_ecatalog","A","109","2","3","ls,Glass˙光學玻璃材質˙分光用,兩面磨砂˙適用波長340~1000nm˙外徑寬12.5mm高度45mm˙最小訂購量,每盒(bx)2個塑膠比色槽 PS KartellStandard Cell, PS˙PS材質˙適用波長340~800nm˙光徑10mm˙每盒(bx)100個貨號 型式 容量mL 價格bxBK-1937BK-1938BK-1940BK-1960標準型Y型Y型四面透光4.51.52.54.5塑膠比色槽 UV用 PMMA KartellStandard Cell PMMA, UV range˙PMMA材質˙適用於UV光用,波長280~800nm˙光徑10mm˙每盒(bx)100個貨號 型式 容量mL 價格BK-1939BK-1948BK-1941BK-1961BK-1962標準型Y型Y型四面透光比色槽蓋(適用4.5mL)4.51.52.54.5貨號 孔 價格eaBK-260 12比色槽放置架 KartellCuvette Rack, PE˙PE材質˙可放置12支光徑10mm的比色管˙尺寸170x50x15/mm比色槽清洗裝置 witegUtility Washer˙硼矽酸玻璃製成˙適用於比色槽及外徑不超過20","https://ec.dgs.com.tw/catalog/files/basic-html/page109.html","https://ec.dgs.com.tw/catalog/catalog.html#p=109","2026-02-24T05:56:40.562Z"
"dgs_ecatalog-p109-c3","dgs_ecatalog","A","109","3","3","PE˙PE材質˙可放置12支光徑10mm的比色管˙尺寸170x50x15/mm比色槽清洗裝置 witegUtility Washer˙硼矽酸玻璃製成˙適用於比色槽及外徑不超過20mm的瓶子˙清洗器預配500mL GL45血清瓶,可以需求另行更換較大容量的血清瓶˙使用時,右側管嘴接上抽氣幫浦(選配),比色槽倒立插入中央上端清洗口,由清洗槽側倒入清洗劑或蒸餾水,打開幫浦抽氣即可將清洗劑沖入比色槽內清潔,廢液則流到下方血清瓶儲存貨號 清洗槽數量 清洗槽容量mL 價格eaAG-2990111AG-2990211單槽雙槽10050x2A基礎實驗器材以上價格與規格僅供參考 , 請以實際報價為主 A-097比色槽","https://ec.dgs.com.tw/catalog/files/basic-html/page109.html","https://ec.dgs.com.tw/catalog/catalog.html#p=109","2026-02-24T05:56:40.562Z"
"dgs_ecatalog-p110-c1","dgs_ecatalog","A","110","1","5","貨號(原色) 貨號(黑色) 用途 容量mL 光徑長mm 光徑寬mm WxDxH(mm) ea/bx 價格bx 價格bxCU-Q01005CU-Q01010CU-Q01020CU-Q01030CU-Q01040CU-Q01050CU-Q01100CU-Q01005BCU-Q01010BCU-Q01020BCU-Q01030BCU-Q01040BCU-Q01050BCU-Q01100B分光分光分光分光分光分光分光0.170.350.71.01.41.753.551020304050100111111112.5x7.5x4512.5x12.5x4512.5x22.5x4512.5x32.5x4512.5x42.5x4512.5x52.5x4512.5x102.5x452222221CU-Q02005CU-Q02010CU-Q02020CU-Q02030CU-Q02040CU-Q02050CU-Q02100CU-Q02005BCU-Q02010BCU-Q02020BCU-Q02030BCU-Q02040BCU-Q02050BCU-Q02100B分光分光分光分光分光分光分光0.350.71.42.12.83.57.0510203040","https://ec.dgs.com.tw/catalog/files/basic-html/page110.html","https://ec.dgs.com.tw/catalog/catalog.html#p=110","2026-02-24T05:56:40.562Z"
"dgs_ecatalog-p110-c2","dgs_ecatalog","A","110","2","5","2020BCU-Q02030BCU-Q02040BCU-Q02050BCU-Q02100B分光分光分光分光分光分光分光0.350.71.42.12.83.57.051020304050100222222212.5x7.5x4512.5x12.5x4512.5x22.5x4512.5x32.5x4512.5x42.5x4512.5x52.5x4512.5x102.5x452222221CU-Q03005CU-Q03010CU-Q03020CU-Q03030CU-Q03040CU-Q03050CU-Q03100CU-Q03005BCU-Q03010BCU-Q03020BCU-Q03030BCU-Q03040BCU-Q03050BCU-Q03100B分光分光分光分光分光分光分光0.51.02.13.154.25.2510.551020304050100333333312.5x7.5x4512.5x12.5x4512.5x22.5x4512.5x32.5x4512.5x42.5x4512.5x52.5x4512.5x102.5x452222221 CU-Q04005CU-Q04010CU-Q04020CU-Q04030CU-Q040","https://ec.dgs.com.tw/catalog/files/basic-html/page110.html","https://ec.dgs.com.tw/catalog/catalog.html#p=110","2026-02-24T05:56:40.562Z"
"dgs_ecatalog-p110-c3","dgs_ecatalog","A","110","3","5","4512.5x42.5x4512.5x52.5x4512.5x102.5x452222221 CU-Q04005CU-Q04010CU-Q04020CU-Q04030CU-Q04040CU-Q04050CU-Q04100CU-Q04005BCU-Q04010BCU-Q04020BCU-Q04030BCU-Q04040BCU-Q04050BCU-Q04100B分光分光分光分光分光分光分光0.71.42.84.25.67.014.051020304050100444444412.5x7.5x4512.5x12.5x4512.5x22.5x4512.5x32.5x4512.5x42.5x4512.5x52.5x4512.5x102.5x452222221CU-Q05005CU-Q05010CU-Q05020CU-Q05030CU-Q05040CU-Q05050CU-Q05100CU-Q05005BCU-Q05010BCU-Q05020BCU-Q05030BCU-Q05040BCU-Q05050BCU-Q05100B分光分光分光分光分光分光分光0.851.753.55.257.08.7517.55102030405010055555","https://ec.dgs.com.tw/catalog/files/basic-html/page110.html","https://ec.dgs.com.tw/catalog/catalog.html#p=110","2026-02-24T05:56:40.562Z"
"dgs_ecatalog-p110-c4","dgs_ecatalog","A","110","4","5","BCU-Q05040BCU-Q05050BCU-Q05100B分光分光分光分光分光分光分光0.851.753.55.257.08.7517.551020304050100555555512.5x7.5x4512.5x12.5x4512.5x22.5x4512.5x32.5x4512.5x42.5x4512.5x52.5x4512.5x102.5x452222221CU-Q10005CU-Q10010CU-Q10020CU-Q10030CU-Q10040CU-Q10050CU-Q10100分光分光分光分光分光分光分光1.73.57.010.514.017.535.0510203040501001010101010101012.5x7.5x4512.5x12.5x4512.5x22.5x4512.5x32.5x4512.5x42.5x4512.5x52.5x4512.5x102.5x452222221 CU-WQ01ACU-FMQ01CU-FMQ02CU-FMQ03CU-FMQ04CU-FQ01CU-FQ01A分光螢光螢光螢光螢光螢光螢光3.50.350.711.43.53.510101010101010101234101012","https://ec.dgs.com.tw/catalog/files/basic-html/page110.html","https://ec.dgs.com.tw/catalog/catalog.html#p=110","2026-02-24T05:56:40.562Z"
"dgs_ecatalog-p110-c5","dgs_ecatalog","A","110","5","5","U-FMQ03CU-FMQ04CU-FQ01CU-FQ01A分光螢光螢光螢光螢光螢光螢光3.50.350.711.43.53.510101010101010101234101012.5x12.5x4512.5x12.5x4512.5x12.5x4512.5x12.5x4512.5x12.5x4512.5x12.5x4512.5x12.5x452222222石英比色槽 DGSCells,Quartz˙遠紫外石英玻璃材質,超音波黏合槽體˙分光用為兩面磨砂,螢光用為四面透光˙適用波長190~2500nm˙空比色槽於200nm波長透射值約80% ,絕對偏差值最大為0.5%˙CU-WQ01A/FQ01A為一體成型˙最小訂購量bxHwD比色槽容量光徑寬光徑長 分光比色槽 螢光比色槽A基礎實驗器材A-098 以上價格與規格僅供參考 , 請以實際報價為主 比色槽","https://ec.dgs.com.tw/catalog/files/basic-html/page110.html","https://ec.dgs.com.tw/catalog/catalog.html#p=110","2026-02-24T05:56:40.562Z"
"dgs_ecatalog-p111-c1","dgs_ecatalog","A","111","1","3","呈色反應盤 PE KartellColorimetric Tray, PE˙PE材質,半透明˙具3凹孔˙適用於顏色之對比貨號 LxWxHx孔徑mm ea/pk 價格eaBK-356 85x28x7x21 10 呈色反應盤 PS KartellColorimetric Tray, PS˙PS材質,透明˙具8凹孔˙適用於顏色之對比貨號 LxWxHx孔徑mm ea/pk 價格eaBK-357 95x57x2x15 10呈色反應盤 經濟型Colorimeter Tray, Ceramic˙陶瓷材質˙適用於顏色之對比貨號 孔 長x寬x厚mm 孔徑mm 價格eaD76-03006D76-0301261285x54x11112x90x122121呈色反應盤Colorimeter Tray, Ceramic˙陶瓷材質˙適用於顏色之對比貨號 孔 LxW(mm) 價格eaA76S-J462A76S-J220612106x71112x92納氏比色管Tube, Color Comparison, Nessler˙加工製品˙Nessler納氏比色法專用比色管˙硼矽酸玻璃製成,透明度高貨號 容量mL ODxH(mm) 備註 價格eaDG45310-00","https://ec.dgs.com.tw/catalog/files/basic-html/page111.html","https://ec.dgs.com.tw/catalog/catalog.html#p=111","2026-02-24T05:56:40.562Z"
"dgs_ecatalog-p111-c2","dgs_ecatalog","A","111","2","3","Comparison, Nessler˙加工製品˙Nessler納氏比色法專用比色管˙硼矽酸玻璃製成,透明度高貨號 容量mL ODxH(mm) 備註 價格eaDG45310-00050DG45310-00100DG45310A-00050DG45310A-00100501005010020x30025x37520x30025x375平口平口附磨砂塞附磨砂塞壓克力比色管架Tubes Rack, Color Comparison˙納氏比色管50/100mL專用架˙透明壓克力製成,輕便堅固貨號 孔徑mm 孔數 價格eaDG45310-00000 27 10 玻璃珠 KIMBLEBeads, Solid Glass, Borosilicate˙KG-33硼矽酸玻璃製成˙可耐高溫與低溫液體或蒸氣˙可用於蒸餾裝置,亦可當沸石使用˙珠體堅固耐用貨號 直徑mm lb 價格lb. AK13500-00003AK13500-00004AK13500-00005AK13500-0000634561111玻璃珠 BOECOBeads, Solid Glass˙Soda Lime玻璃製成˙可耐高溫與低溫液體或蒸氣˙可用於蒸餾裝置,亦當沸石使用貨號","https://ec.dgs.com.tw/catalog/files/basic-html/page111.html","https://ec.dgs.com.tw/catalog/catalog.html#p=111","2026-02-24T05:56:40.562Z"
"dgs_ecatalog-p111-c3","dgs_ecatalog","A","111","3","3","3500-0000634561111玻璃珠 BOECOBeads, Solid Glass˙Soda Lime玻璃製成˙可耐高溫與低溫液體或蒸氣˙可用於蒸餾裝置,亦當沸石使用貨號 直徑mm kg 價格kgAB13500-00012AB13500-00013AB13500-00014AB13500-00015AB13500-00016AB13500-00017AB13500-00018AB13500-00019AB13500-000112345678910111111111 錶面皿 NORMAXWatch Glass˙玻璃邊緣經加工,質感纖細˙規格由外徑40~120mm貨號 Ø(mm) ea/bx 價格eaANX-4132124ANX-4132132ANX-4132134ANX-4132136ANX-4132141ANX-4132144ANX-4132146ANX-41321504050607080901001201010101010101010A基礎實驗器材以上價格與規格僅供參考 , 請以實際報價為主 A-099呈色反應盤","https://ec.dgs.com.tw/catalog/files/basic-html/page111.html","https://ec.dgs.com.tw/catalog/catalog.html#p=111","2026-02-24T05:56:40.562Z"
"dgs_ecatalog-p112-c1","dgs_ecatalog","A","112","1","3","錶面皿 PPKartellWatch Glass, PP˙PP材質可耐120℃˙底部為環狀,放置穩固貨號 D(mm) 價格eaBK-452BK-454BK-455BK-456607999118.5 貨號 Ø(mm) 適用燒杯mL 價格eaAC013-020AC013-030AC013-040AC013-050AC013-065AC013-075AC013-080AC013-100AC013-125AC013-150AC013-2002030405065758010012515020015~102550100150250400~500600~100020005000 錶面皿 PTFE cowiePTFE Watch Glasses˙可蓋於燒杯等容器杯口用˙PTFE材質耐溫-200~250℃˙良好的耐化學性和溫度貨號 ØxL(mm) 價格eaD64D-13003D64D-130046x20010x200PTFE 攪拌棒 台製PTFE Rod˙PTFE材質,耐化學性優玻璃攪拌棒 KIMBLEStirring Rods˙KG-33硼矽酸玻璃製成˙棒體為實心,堅固耐用˙兩端為圓弧狀,使用不傷手貨號 Øx H(mm) ea/bx/cs","https://ec.dgs.com.tw/catalog/files/basic-html/page112.html","https://ec.dgs.com.tw/catalog/catalog.html#p=112","2026-02-24T05:56:40.562Z"
"dgs_ecatalog-p112-c2","dgs_ecatalog","A","112","2","3","質,耐化學性優玻璃攪拌棒 KIMBLEStirring Rods˙KG-33硼矽酸玻璃製成˙棒體為實心,堅固耐用˙兩端為圓弧狀,使用不傷手貨號 Øx H(mm) ea/bx/cs 價格eaAK40500-00125AK40500-00150AK40500-00200AK40500-00250AK40500-00300AK40500-003754x1255x1505x2006x25010x30010x375100/8100/8100/6100/650/650/4 玻璃攪拌棒 台製Stirring Rods˙硼矽酸玻璃製成˙棒體為實心,堅固耐用˙兩端為圓弧狀,使用不傷手貨號 ØxH(mm) 價格eaDG40500-06200DG40500-06250DG40500-06300DG40500-08200DG40500-08250DG40500-08300DG40500-10250DG40500-103006x2006x2506x3008x2008x2508x30010x25010x300 真空乾燥器 德製Desiccator˙BORO3.3硼矽酸玻璃製˙整組包含乾燥器本體,藍色塑膠螺蓋,玻璃活栓˙不附瓷板,需另購貨號 描述 價格e","https://ec.dgs.com.tw/catalog/files/basic-html/page112.html","https://ec.dgs.com.tw/catalog/catalog.html#p=112","2026-02-24T05:56:40.562Z"
"dgs_ecatalog-p112-c3","dgs_ecatalog","A","112","3","3","8x30010x25010x300 真空乾燥器 德製Desiccator˙BORO3.3硼矽酸玻璃製˙整組包含乾燥器本體,藍色塑膠螺蓋,玻璃活栓˙不附瓷板,需另購貨號 描述 價格eaAB-415262112AB-415262162AB-415262212AB-415262262AB-415262303直徑100mm直徑150mm直徑200mm直徑250mm直徑300mm選購配件貨號 描述 價格eaAB-441334521AB-813754010抽氣活栓固定活栓用塑膠藍蓋 GL36乾燥器用瓷板 德製Plates for Desiccator, Ceramic˙陶瓷製成貨號 描述 價格eaAB-918358AB-918354AB-918355AB-918356AB-918357直徑 90mm 德製100mm 乾燥器用直徑140 mm 德製150mm 乾燥器用直徑190 mm 德製200mm 乾燥器用直徑240 mm 德製250mm 乾燥器用直徑290 mm 德製300mm 乾燥器用A基礎實驗器材A-100 以上價格與規格僅供參考 , 請以實際報價為主 錶面皿","https://ec.dgs.com.tw/catalog/files/basic-html/page112.html","https://ec.dgs.com.tw/catalog/catalog.html#p=112","2026-02-24T05:56:40.562Z"
"dgs_ecatalog-p113-c1","dgs_ecatalog","A","113","1","3","真空乾燥器 經濟型Desiccator˙玻璃製成˙附抽氣活栓˙附瓷板貨號 描述 價格eaDG1354-05DG1354-10DG1354-15DG1354-20直徑180mm直徑210mm直徑240mm直徑300mm 選購配件貨號 描述 價格eaDG1354-00DG1354-01抽氣活栓180mm用抽氣活栓210mm以上用 乾燥器 經濟型Desiccator˙玻璃製成˙附瓷板貨號 直徑mm 價格eaDG1351-05DG1351-10DG1351-15DG1351-20DG1351-30DG1351-40DG1351-50120150180210240300350 茶色乾燥器 經濟型Desiccator, Amber˙玻璃製成˙附瓷板貨號 直徑mm 價格eaDG1352-05DG1352-10DG1352-15DG1352-20180210240300乾燥器用瓷板 經濟型Plates for Desiccator, Ceramic˙陶瓷製成貨號 描述 價格eaDG1351-12DG1351-17DG1351-26DG1351-36DG1351-46DG1351-52150mm 經濟型乾燥器用180mm 經濟型乾燥器用210","https://ec.dgs.com.tw/catalog/files/basic-html/page113.html","https://ec.dgs.com.tw/catalog/catalog.html#p=113","2026-02-24T05:56:40.562Z"
"dgs_ecatalog-p113-c2","dgs_ecatalog","A","113","2","3","描述 價格eaDG1351-12DG1351-17DG1351-26DG1351-36DG1351-46DG1351-52150mm 經濟型乾燥器用180mm 經濟型乾燥器用210mm 經濟型乾燥器用240mm 經濟型乾燥器用300mm 經濟型乾燥器用350mm 經濟型乾燥器用 塑膠真空乾燥器 PC/PP KartellDesiccator, PC/PP˙底部為PP材質,上蓋為PC材質˙活栓為PC材質,活栓閥為PE材質,可控制空氣之進入速度˙附O-RING,加強緊密度,不需另塗凡士林˙不附塑膠瓷板˙於室溫下可持續24小時承受完全真空(740mmHg)貨號 OD(mm) H(mm) 價格eaBK-550BK-230BK-554150200250190230300 塑膠真空乾燥器用配件 PP KartellDesiccator Plate, PP貨號 Ø(mm) 價格eaBK-551BK-231BK-553BK-555BK-556BK-557BK-229BK-550用 塑膠瓷板140.5x7BK-230用 塑膠瓷板189x7BK-554用 塑膠瓷板238x7BK-550用 o-ringBK-230用 o-ringBK-554用","https://ec.dgs.com.tw/catalog/files/basic-html/page113.html","https://ec.dgs.com.tw/catalog/catalog.html#p=113","2026-02-24T05:56:40.562Z"
"dgs_ecatalog-p113-c3","dgs_ecatalog","A","113","3","3","9BK-550用 塑膠瓷板140.5x7BK-230用 塑膠瓷板189x7BK-554用 塑膠瓷板238x7BK-550用 o-ringBK-230用 o-ringBK-554用 o-ringBK系列用 真空活栓 ˙塑膠瓷板為PP混合材質,不可放置高溫物品A基礎實驗器材以上價格與規格僅供參考 , 請以實際報價為主 A-101乾燥器","https://ec.dgs.com.tw/catalog/files/basic-html/page113.html","https://ec.dgs.com.tw/catalog/catalog.html#p=113","2026-02-24T05:56:40.562Z"
"dgs_ecatalog-p114-c1","dgs_ecatalog","A","114","1","4","塑膠真空乾燥器 PC/PP TarsonsDesiccator, PC/PP貨號 描述 IDxODxH(mm) 價格eaATS-402010ATS-402020ATS-402030ATS-402040ATS-403010ATS-403020ATS-403030ATS-403040上蓋PC 底部PP 上蓋PC 底部PP 上蓋PC 底部PP 上蓋PC 底部PP 上蓋PC 底部PC上蓋PC 底部PC上蓋PC 底部PC上蓋PC 底部PC150x172x205198x230x255240x275x310296x335x383150x172x205198x230x255240x275x310296x335x383選購配件貨號 描述 價格eaATS-402011ATS-402021ATS-402031ATS-402041ATS-402001150mm用矽膠O-RING200mm用矽膠O-RING250mm用矽膠O-RING300mm用矽膠O-RING活栓˙採用優質PP/PC塑料製作而成,體積輕巧˙矽膠O型圈確保在不使用油脂的情況下密封至0°C˙乾燥器底部為白色厚的穿孔PP˙中間的孔方便提升真空乾燥器 AS ONE關連產品˙PC材質˙耐真空","https://ec.dgs.com.tw/catalog/files/basic-html/page114.html","https://ec.dgs.com.tw/catalog/catalog.html#p=114","2026-02-24T05:56:40.562Z"
"dgs_ecatalog-p114-c2","dgs_ecatalog","A","114","2","4","質PP/PC塑料製作而成,體積輕巧˙矽膠O型圈確保在不使用油脂的情況下密封至0°C˙乾燥器底部為白色厚的穿孔PP˙中間的孔方便提升真空乾燥器 AS ONE關連產品˙PC材質˙耐真空133Pa(1Torr)˙附鎖扣,常壓下密封性能高,可輕鬆抽真空˙閥門和真空計的位置可以根據應用和空間進行改變˙透過在側面安裝閥門和真空計,可以將它們堆疊起來使用˙具兩個真空閥,管徑10mm˙PP乾燥劑盛放盤,也可用作常壓乾燥器˙精密加工模具技術可實現高真空維護,無需潤滑脂手套箱 AS ONE關連產品˙PMMA材質˙附有傳遞箱,方便內部檢查˙配備超壓安全閥,當內部壓力高於100pa時釋放壓力˙具兩個氣體置換閥,適用於內徑Ø10mm管˙附插座機種,可在箱體內使用震盪器等需電力的設備˙附排氣孔機種,可用於易產生氣體需排出的操作˙配件:手套箱大手套1副,厚度0.4mm貨號 IDxOD(mm) 價格mD63S-030103D63S-030204D63S-030305D63S-030306D63S-0304061x32x43x53x64x6D63S-030507D63S-030509D63S-030514D63S-030608D63S-0306095x75x","https://ec.dgs.com.tw/catalog/files/basic-html/page114.html","https://ec.dgs.com.tw/catalog/catalog.html#p=114","2026-02-24T05:56:40.562Z"
"dgs_ecatalog-p114-c3","dgs_ecatalog","A","114","3","4","0306D63S-0304061x32x43x53x64x6D63S-030507D63S-030509D63S-030514D63S-030608D63S-0306095x75x95x146x86x9D63S-030615D63S-030710D63S-030711D63S-030811D63S-0308126x157x107x118x118x12D63S-030814D63S-030817D63S-031014D63S-031217D63S-0315218x148x1710x1412x1715x21矽膠管 台製Silicone Tubing˙矽膠材質,耐化學性優˙材質軟,可曲折˙每卷(pk)15公尺包裝貨號 尺寸mm IDx厚度in ft./bx 價格B62K-01103B62K-01203B62K-01303B62K-01105B62K-01106B62K-01206B62K-01306B62K-01108B62K-01208B62K-01308B62K-011153小3中3大5小6小6中6大8小8中8大15中1/8x1/321/8x3/641/8x1/163/16x1/161/4x1/161/4x3/321/4x3/","https://ec.dgs.com.tw/catalog/files/basic-html/page114.html","https://ec.dgs.com.tw/catalog/catalog.html#p=114","2026-02-24T05:56:40.562Z"
"dgs_ecatalog-p114-c4","dgs_ecatalog","A","114","4","4","08B62K-011153小3中3大5小6小6中6大8小8中8大15中1/8x1/321/8x3/641/8x1/163/16x1/161/4x1/161/4x3/321/4x3/165/16x1/165/16x1/85/16x3/165/8x1/810010010010010010050100505050 橡膠管 KENTRubber Tubing˙天然乳膠製成,彈性佳˙管璧內外光滑99.9%無蛋白殘留˙半透明的管璧,讓管內液體更易 於觀察˙可高溫高壓滅菌,EO滅菌,GMMA 射線滅菌˙尺寸有標示\,為抽真空用A基礎實驗器材A-102 以上價格與規格僅供參考 , 請以實際報價為主 橡膠管","https://ec.dgs.com.tw/catalog/files/basic-html/page114.html","https://ec.dgs.com.tw/catalog/catalog.html#p=114","2026-02-24T05:56:40.562Z"
"dgs_ecatalog-p115-c1","dgs_ecatalog","A","115","1","5","註：TYGON®,PharMed®, Versilic®, Fluran® 是Saint-Gobain 的註冊商標貨號 ID(mm) 厚度mm 型號 價格bxA67S-040010A67S-040015A67S-041015A67S-0410240.801.591.592.380.800.801.591.59ADF00001ADF00002ADF00003ADF00005 A67S-041030A67S-042040A67S-040050A67S-041050A67S-042050A67S-0430503.183.974.764.764.764.761.591.590.801.592.383.18ADF00007ADF00010ADF00011ADF00012ADF00013ADF00014A67S-041060A67S-042060A67S-043060A67S-041080A67S-042080A67S-0430806.356.356.357.947.947.941.592.383.181.592.383.18ADF00017ADF00018ADF00019ADF00022ADF00023ADF00024A67S-040","https://ec.dgs.com.tw/catalog/files/basic-html/page115.html","https://ec.dgs.com.tw/catalog/catalog.html#p=115","2026-02-24T05:56:40.562Z"
"dgs_ecatalog-p115-c2","dgs_ecatalog","A","115","2","5","947.947.941.592.383.181.592.383.18ADF00017ADF00018ADF00019ADF00022ADF00023ADF00024A67S-040100A67S-041100A67S-042100A67S-040120A67S-041120A67S-0421209.539.539.5312.712.712.71.592.383.181.592.383.18ADF00027ADF00028ADF00029ADF00036ADF00037ADF00038A67S-041150A67S-042195A67S-04125015.8819.1025.402.383.183.18ADF00045ADF00053ADF00062太空透明管ND100-65 TYGONTygon Clear Tubing ND100-65˙不含鄰苯二甲酸二酯(DEHP)˙廣泛用於臨床,生化,醫藥及實驗室˙符合ISO10993及USP Class VI.. 等規範˙適用於血液和靜脈注射,透析設備,藥物輸送,蠕動幫浦˙使用溫度-42°C~+74°C˙每盒(bx)50英呎長太空透明管E-3603 TYGONTYGON Clear","https://ec.dgs.com.tw/catalog/files/basic-html/page115.html","https://ec.dgs.com.tw/catalog/catalog.html#p=115","2026-02-24T05:56:40.562Z"
"dgs_ecatalog-p115-c3","dgs_ecatalog","A","115","3","5","I.. 等規範˙適用於血液和靜脈注射,透析設備,藥物輸送,蠕動幫浦˙使用溫度-42°C~+74°C˙每盒(bx)50英呎長太空透明管E-3603 TYGONTYGON Clear Tubing E-3603˙不含鄰苯二甲酸二酯(DEHP), 無雙酚A(BPA)˙抗一般酸鹼及無機化學品˙符合USP Class VI,FDA, NSF51等規範˙適用於冷凝管,培養箱,乾燥器,氣體管線與排水管線˙適用於實驗室,蠕動幫浦,環境實驗˙使用溫度-42°C~+74°C˙每盒(bx)50英呎長貨號 ID(mm) 厚度mm 型號 價格bxA67S-050010A67S-050015A67S-051015A67S-050024A67S-0520240.801.591.592.382.380.800.801.590.801.59ACF00001ACF00002ACF00003ACF00004ACF00005A67S-050030A67S-051030A67S-052040A67S-050050A67S-051050A67S-052050A67S-0530503.183.183.974.764.764.764.760.801.591.590.801","https://ec.dgs.com.tw/catalog/files/basic-html/page115.html","https://ec.dgs.com.tw/catalog/catalog.html#p=115","2026-02-24T05:56:40.562Z"
"dgs_ecatalog-p115-c4","dgs_ecatalog","A","115","4","5","0A67S-050050A67S-051050A67S-052050A67S-0530503.183.183.974.764.764.764.760.801.591.590.801.592.383.18ACF00006ACF00007ACF00010ACF00011ACF00012ACF00013ACF00014A67S-051060A67S-052060A67S-053060A67S-054060A67S-051080A67S-052080A67S-0530806.356.356.356.357.947.947.941.592.383.184.761.592.383.18ACF00017ACF00018ACF00019ACF00020ACF00022ACF00023ACF00024A67S-050100A67S-051100A67S-052100A67S-054100A67S-050120A67S-051120A67S-052120A67S-0551209.539.539.539.5312.712.712.712.71.592.383.186.351.592.383.187.94ACF00027ACF00028ACF000","https://ec.dgs.com.tw/catalog/files/basic-html/page115.html","https://ec.dgs.com.tw/catalog/catalog.html#p=115","2026-02-24T05:56:40.562Z"
"dgs_ecatalog-p115-c5","dgs_ecatalog","A","115","5","5","51209.539.539.539.5312.712.712.712.71.592.383.186.351.592.383.187.94ACF00027ACF00028ACF00029ACF00030ACF00036ACF00037ACF00038ACF00040A67S-051150A67S-055150A67S-051170A67S-052195A67S-05032015.8815.8817.4619.1031.752.389.532.383.183.18ACF00045ACF00049ACF00050ACF00053ACF00069 註：TYGON®,PharMed®, Versilic®, Fluran® 是Saint-Gobain 的註冊商標A基礎實驗器材以上價格與規格僅供參考 , 請以實際報價為主 A-103TYGON管","https://ec.dgs.com.tw/catalog/files/basic-html/page115.html","https://ec.dgs.com.tw/catalog/catalog.html#p=115","2026-02-24T05:56:40.562Z"
"dgs_ecatalog-p116-c1","dgs_ecatalog","A","116","1","5","BPT管 PHARMEDTygon Pharmed Tubing ˙可高溫高壓滅菌˙符合ISO10993, USP Class VI, NSF, FDA21 CFR177.2600等規範˙適用於實驗室,蠕動泵浦,血液,醫藥,藥劑與生化˙使用溫度-51°C~+135°C ˙每盒(bx)25英呎長貨號 ID(mm) 厚度mm 型號 價格bxA67S-PM0005A67S-PM1010A67S-PM0015A67S-PM1015A67S-PM20240.510.801.591.592.381.571.590.801.591.59AY242605AY242606AY242002AY242003AY242005A67S-PM0030A67S-PM1030A67S-PM1050A67S-PM1060A67S-PM30603.18 3.184.76 6.35 6.350.801.591.591.593.18AY242006AY242007AY242012AY242017AY242019A67S-PM1080A67S-PM0100A67S-PM2100A67S-PM2120A67S-PM2150A67S-PM21957.949.539.53","https://ec.dgs.com.tw/catalog/files/basic-html/page116.html","https://ec.dgs.com.tw/catalog/catalog.html#p=116","2026-02-24T05:56:40.562Z"
"dgs_ecatalog-p116-c2","dgs_ecatalog","A","116","2","5","2017AY242019A67S-PM1080A67S-PM0100A67S-PM2100A67S-PM2120A67S-PM2150A67S-PM21957.949.539.5312.715.8819.101.591.593.183.183.183.18AY242022AY242027AY242029AY242038AY242046AY242053 註：TYGON®,PharMed®,Versilic®,Fluran® 是Saint-Gobain的註冊商標貨號 WxL(mm) 價格eaBK-1759 90x165軟管量測器 KartellTubing Selector, ABS˙ABS材質˙可輕易量測軟管之內外徑˙內徑可量測範圍1~25mm ˙外徑可量測範圍1.5~21mm貨號 IDxOD(mm) 價格mD65H-090203D65H-090204D65H-090304D65H-090406D65H-090608D65H-090810D65H-0922252x32x43x44x66x88x1022x25PFA管 日製PFA Tubing˙PFA材質,耐化學性優˙耐氫氟酸,透明度高˙適用於純水系統,不會放出重金屬污染˙材質軟","https://ec.dgs.com.tw/catalog/files/basic-html/page116.html","https://ec.dgs.com.tw/catalog/catalog.html#p=116","2026-02-24T05:56:40.562Z"
"dgs_ecatalog-p116-c3","dgs_ecatalog","A","116","3","5","922252x32x43x44x66x88x1022x25PFA管 日製PFA Tubing˙PFA材質,耐化學性優˙耐氫氟酸,透明度高˙適用於純水系統,不會放出重金屬污染˙材質軟,可曲折˙最小訂購量1M貨號 IDxOD(in) 價格mD65H-0801503D65H-080406D65H-080610D65H-0816191/16x1/85/32x1/41/4x3/85/8x3/4PTFE管 日製PTFE Tubing˙TF材質,耐溫耐化學性優˙最小訂購量1M貨號 規格mm 價格mC64M-060102C64M-060103C64M-06015025C64M-060203C64M-060204C64M-06025035C64M-060304C64M-060305C64M-060405C64M-060406C64M-0604071x21x31.5x2.52x32x42.5x3.53x43x54x54x64x7C64M-060506C64M-060507C64M-060508C64M-060607C64M-060608C64M-060609C64M-060708C64M-060709C64M-0607105x65x75x86x","https://ec.dgs.com.tw/catalog/files/basic-html/page116.html","https://ec.dgs.com.tw/catalog/catalog.html#p=116","2026-02-24T05:56:40.562Z"
"dgs_ecatalog-p116-c4","dgs_ecatalog","A","116","4","5","07C64M-060508C64M-060607C64M-060608C64M-060609C64M-060708C64M-060709C64M-0607105x65x75x86x76x86x97x87x9 7x10C64M-060809C64M-060810C64M-060811C64M-060910C64M-060911C64M-060912C64M-061011C64M-061012C64M-0610138x98x10 8x119x109x119x1210x1110x1210x13C64M-061113C64M-061213C64M-061214C64M-061215C64M-061314C64M-061315C64M-061316C64M-061415C64M-061416C64M-06151711x1312x1312x1412x1513x1413x1513x1614x1514x1615x17C64M-061518C64M-061618C64M-061619C64M-061719C64M-061720C64M-061820C64M-061921C64M-06202315x1816x1816x1917x1917x201","https://ec.dgs.com.tw/catalog/files/basic-html/page116.html","https://ec.dgs.com.tw/catalog/catalog.html#p=116","2026-02-24T05:56:40.562Z"
"dgs_ecatalog-p116-c5","dgs_ecatalog","A","116","5","5","4M-061619C64M-061719C64M-061720C64M-061820C64M-061921C64M-06202315x1816x1816x1917x1917x2018x2019x2120x23 A基礎實驗器材A-104 以上價格與規格僅供參考 , 請以實際報價為主 軟管量測器","https://ec.dgs.com.tw/catalog/files/basic-html/page116.html","https://ec.dgs.com.tw/catalog/catalog.html#p=116","2026-02-24T05:56:40.562Z"
"dgs_ecatalog-p117-c1","dgs_ecatalog","A","117","1","4","PTFE熱縮管 BOHLENDERPTFE Heat Shrinkable Tubing˙耐熱340℃耐酸鹼,可披覆於溫度計溫度探棒上˙最小訂購量1M貨號 ID(mm) 收縮後ID(mm) 厚度mm 價格mAO-S182808AO-S182816AO-S182824AO-S182832AO-S182840AO-S182848AO-S182856AO-S1828642.03.24.76.39.512.719.025.40.71.01.31.62.53.75.77.00.220.250.300.300.300.380.380.38 T字接管 PP KartellT-Connector, PP˙PP材質˙良好的耐化學性和溫度˙管璧鋸齒狀設計可防止接管滑落貨號 OD(mm) 管內孔徑mm 價格eaBK-459BK-460BK-461BK-462BK-463BK-520BK-5214681012 14161.63.74.46.38.210.012.1貨號 ODxL(mm) 價格eaAO-D57702AO-D57704AO-D57706AO-D577084.5x19.56.8x22.59x25.511x28.5T型接管 PTFE BOH","https://ec.dgs.com.tw/catalog/files/basic-html/page117.html","https://ec.dgs.com.tw/catalog/catalog.html#p=117","2026-02-24T05:56:40.562Z"
"dgs_ecatalog-p117-c2","dgs_ecatalog","A","117","2","4","DxL(mm) 價格eaAO-D57702AO-D57704AO-D57706AO-D577084.5x19.56.8x22.59x25.511x28.5T型接管 PTFE BOHLENDERT-Connector, PTFE˙PTFE材質耐溫-200~250℃˙良好的耐化學性和溫度˙可用於真空系統連接˙管璧鋸齒狀設計可防止接管滑落貨號 OD(mm) 管內孔徑mm 價格eaBK-464BK-465BK-466BK-467BK-468BK-525BK-526468101214162.02.74.65.57.39.711.9 Y字接管 PP KartellY-Connector, PP˙PP材質˙良好的耐化學性和溫度˙管璧鋸齒狀設計可防止接管滑落貨號 ODxL(mm) 價格eaAO-D57602AO-D57604AO-D57606AO-D576084.5x406.8x479x5311x60Y型接管 PTFE BOHLENDERY-Connector, PTFE˙PTFE材質耐溫-200~250℃˙良好的耐化學性和溫度˙可用於真空系統連接˙管璧鋸齒狀設計可防止接管滑落三通接管 PP Kartell 3-Way Connector,","https://ec.dgs.com.tw/catalog/files/basic-html/page117.html","https://ec.dgs.com.tw/catalog/catalog.html#p=117","2026-02-24T05:56:40.562Z"
"dgs_ecatalog-p117-c3","dgs_ecatalog","A","117","3","4","PTFE˙PTFE材質耐溫-200~250℃˙良好的耐化學性和溫度˙可用於真空系統連接˙管璧鋸齒狀設計可防止接管滑落三通接管 PP Kartell 3-Way Connector, PP˙PP材質˙良好的耐化學性和溫度˙管璧鋸齒狀設計防止接管滑落貨號 OD(mm) 管內孔徑mm 價格eaBK-527BK-528BK-529BK-530BK-531BK-5324~66~88~1010~1212~1414~161.52.74.75.57.69.6L型接管 PP KartellL-Connector, PP˙PP材質˙良好的耐化學性和溫度˙管璧鋸齒狀設計可防止接管滑落貨號 OD(mm) 管內孔徑mm 價格eaBK-1250BK-1251BK-1252BK-1253BK-1254BK-1255BK-1256468101214161.32.54.56.08.010.511.6貨號 ODxL(mm) 價格eaAO-D57402AO-D57404AO-D57406AO-D574084.5x19.56.8x22.59x25.511x28.5L型接管 PTFE BOHLENDERL-Connector, PTFE˙PTFE材質耐溫-200~2","https://ec.dgs.com.tw/catalog/files/basic-html/page117.html","https://ec.dgs.com.tw/catalog/catalog.html#p=117","2026-02-24T05:56:40.562Z"
"dgs_ecatalog-p117-c4","dgs_ecatalog","A","117","4","4","6AO-D574084.5x19.56.8x22.59x25.511x28.5L型接管 PTFE BOHLENDERL-Connector, PTFE˙PTFE材質耐溫-200~250℃˙良好的耐化學性和溫度˙可用於真空系統連接˙管璧鋸齒狀設計可防止接管滑落A基礎實驗器材以上價格與規格僅供參考 , 請以實際報價為主 A-105塑膠接管","https://ec.dgs.com.tw/catalog/files/basic-html/page117.html","https://ec.dgs.com.tw/catalog/catalog.html#p=117","2026-02-24T05:56:40.562Z"
"dgs_ecatalog-p118-c1","dgs_ecatalog","A","118","1","4","十字型接管 PP KartellCross 4-Way Connector, PP˙PP材質˙良好的耐化學性和溫度˙管璧鋸齒狀設計可防止接管滑落貨號 OD(mm) 管內孔徑mm 價格eaBK-1410BK-1411BK-1412BK-1413BK-1414BK-1415BK-14163.56 8101213.5151.52.74.67.08.09.511.6 貨號 ODxL(mm) 價格eaAO-D57308 11x28.5十字接管 PTFE BOHLENDERCross 4-Way Connector , PTFE˙PTFE材質耐溫-200~250℃˙良好的耐化學性和溫度˙可用於真空系統連接˙管璧鋸齒狀設計防止接管滑落直型接管 PP KartellConnector, PP˙PP材質˙良好的耐化學性和溫度˙管璧鋸齒狀設計可防止接管滑落貨號 OD(mm) 管內孔徑mm 價格eaBK-510BK-511BK-512BK-513BK-514BK-5154~66~88~1010~1212~1414~162.03.54.56.58.510.5 貨號 ODxL(mm) 價格eaAO-D57502AO-D57504AO-D57506AO","https://ec.dgs.com.tw/catalog/files/basic-html/page118.html","https://ec.dgs.com.tw/catalog/catalog.html#p=118","2026-02-24T05:56:40.562Z"
"dgs_ecatalog-p118-c2","dgs_ecatalog","A","118","2","4","4~66~88~1010~1212~1414~162.03.54.56.58.510.5 貨號 ODxL(mm) 價格eaAO-D57502AO-D57504AO-D57506AO-D575084.5x456.8x539x6111x69直型接管 PTFE BOHLENDERStraight-Connector, PTFE˙PTFE材質耐溫-200~250℃˙良好的耐化學性和溫度˙管璧鋸齒狀設計可防止接管滑落˙可用於真空系統連接大小接管 PP KartellConnector, PP˙PP材質˙良好的耐化學性和溫度˙管璧鋸齒狀設計可防止接管滑落貨號 OD(mm) 管內孔徑mm 價格eaBK-877BK-878BK-8794~8 / 10~124~8 /12~168~12/14~16 1.6/4.61.6/7.54.6/7.5 貨號 ODxL(mm) 價格eaAO-D57202AO-D57204AO-D572064.5/6.8x456.8/9x559/11x75大小接管 PTFE BOHLENDERConnector, PTFE˙PTFE材質耐溫-200~250℃˙良好的耐化學性和溫度˙管璧鋸齒狀設計可防止接管滑落˙可用於真空系","https://ec.dgs.com.tw/catalog/files/basic-html/page118.html","https://ec.dgs.com.tw/catalog/catalog.html#p=118","2026-02-24T05:56:40.562Z"
"dgs_ecatalog-p118-c3","dgs_ecatalog","A","118","3","4","11x75大小接管 PTFE BOHLENDERConnector, PTFE˙PTFE材質耐溫-200~250℃˙良好的耐化學性和溫度˙管璧鋸齒狀設計可防止接管滑落˙可用於真空系統連接直型螺牙接管 PTFE BOHLENDERGL-Tube Fitting, Straight, PTFE˙PTFE材質耐溫-200~250℃˙良好的耐化學性和溫度˙可用於真空系統連接最高10bar貨號 螺牙規格 管內徑mm 價格eaAO-D53814AO-D53818AO-D53825AO-D53832AO-D53845GL14GL18GL25GL32GL456.510.514.521.032.5 L型螺牙接管 PTFE BOHLENDERGL-Tube Fitting, Elbow, PTFE˙PTFE材質耐溫-200~250℃˙良好的耐化學性和溫度˙可用於真空系統連接最高10bar貨號 螺牙規格 管內徑mm 價格eaAO-D53914AO-D53918AO-D53925AO-D53932AO-D53945GL14GL18GL25GL32GL456.510.514.521.032.5A基礎實驗器材A-106 以上價格與規格僅供參考 , 請以","https://ec.dgs.com.tw/catalog/files/basic-html/page118.html","https://ec.dgs.com.tw/catalog/catalog.html#p=118","2026-02-24T05:56:40.562Z"
"dgs_ecatalog-p118-c4","dgs_ecatalog","A","118","4","4","3925AO-D53932AO-D53945GL14GL18GL25GL32GL456.510.514.521.032.5A基礎實驗器材A-106 以上價格與規格僅供參考 , 請以實際報價為主 螺牙接管","https://ec.dgs.com.tw/catalog/files/basic-html/page118.html","https://ec.dgs.com.tw/catalog/catalog.html#p=118","2026-02-24T05:56:40.562Z"
"dgs_ecatalog-p119-c1","dgs_ecatalog","A","119","1","4","T型螺牙接管 PTFE BOHLENDERGL-Tube Fitting, T-Pieces, PTFE˙PTFE材質耐溫-200~250℃˙良好的耐化學性和溫度˙可用於真空系統連接最高10bar貨號 螺牙規格 管內徑mm 價格eaAO-D54014AO-D54018AO-D54025AO-D54032AO-D54045GL14GL18GL25GL32GL456.510.514.521.032.5十字型螺牙接管 PTFE BOHLENDERGL-Tube Fitting, 4-Way, PTFE˙PTFE材質耐溫-200~250℃˙良好的耐化學性和溫度˙可用於真空系統連接最高10bar貨號 螺牙規格 管內徑mm 價格eaAO-D54114AO-D54118AO-D54125GL14GL18GL256.510.514.5快速分開接頭 KartellDisconnector, PE˙PE材質˙管璧鋸齒狀設計防止接管滑落˙適用於各式軟管接合使用貨號 OD(mm) 管內孔徑mm 價格eaBK-434BK-435BK-436BK-535BK-536BK-5374~66~88~1010~1212~1414~161.62.73.65.57","https://ec.dgs.com.tw/catalog/files/basic-html/page119.html","https://ec.dgs.com.tw/catalog/catalog.html#p=119","2026-02-24T05:56:40.562Z"
"dgs_ecatalog-p119-c2","dgs_ecatalog","A","119","2","4","(mm) 管內孔徑mm 價格eaBK-434BK-435BK-436BK-535BK-536BK-5374~66~88~1010~1212~1414~161.62.73.65.57.38.8貨號 OD(mm) 價格eaBK-418BK-4198-1012-15單向逆止接管 KartellNon-Return Valve, PP˙PP材質˙良好耐化學性及溫度˙防止氣壓或水壓變小時,逆流回管路˙最大安全工作壓力2BAR(28.4P.S.I)˙最小工作壓力0.07BAR(於室溫20度C時)螺牙配件 PTFE BOHLENDERScrew Joints, PTFE˙PTFE材質耐溫-50~250℃˙良好的耐化學性和溫度˙可用於真空系統連接最高10bar˙另有GL32及GL45螺牙配件貨號 螺牙規格 適用管外徑mm 價格eaAO-D62826AO-D62858AO-D62866AO-D62874GL14GL14GL14GL141.63.24.06.0AO-D62918AO-D62942AO-D62946AO-D62954AO-D62956AO-D62962AO-D62974GL18GL18GL18GL18GL18GL18GL181.6","https://ec.dgs.com.tw/catalog/files/basic-html/page119.html","https://ec.dgs.com.tw/catalog/catalog.html#p=119","2026-02-24T05:56:40.562Z"
"dgs_ecatalog-p119-c3","dgs_ecatalog","A","119","3","4","62918AO-D62942AO-D62946AO-D62954AO-D62956AO-D62962AO-D62974GL18GL18GL18GL18GL18GL18GL181.63.24.06.06.358.010.0AO-D63062AO-D63074AO-D63080AO-D63090GL25GL25GL25GL258.010.012.014.0多孔螺蓋 GL45 PYREXGL45 Connection System貨號 描述 ea/bx 價格eaAS4537-00002AS4537-00004AS4538-00002AS4538-00004AS4539-00002AS4539-00004AS4539-00006AS4539-00008AS4539-00010AS4541-00002① GL45螺蓋,雙口GL14② GL45螺蓋,三口GL14③ GL14中孔螺蓋,接管用④ GL14 紅色螺蓋,含PTFE墊片⑤ GL14接管墊片,ID1.6mm⑥ GL14接管墊片,ID3.0mm⑦ GL14接管墊片,ID3.2mm⑧ GL14接管墊片,ID6.0mm⑨ GL14壓力平衡用螺蓋含濾膜⑩ 針筒過濾器0.2μm2222111","https://ec.dgs.com.tw/catalog/files/basic-html/page119.html","https://ec.dgs.com.tw/catalog/catalog.html#p=119","2026-02-24T05:56:40.562Z"
"dgs_ecatalog-p119-c4","dgs_ecatalog","A","119","4","4","m⑥ GL14接管墊片,ID3.0mm⑦ GL14接管墊片,ID3.2mm⑧ GL14接管墊片,ID6.0mm⑨ GL14壓力平衡用螺蓋含濾膜⑩ 針筒過濾器0.2μm2222111112˙PP材質製成˙適用於封閉及無菌的系統內轉移液體,不被汙染˙搭配過濾膜使用可讓吸入的空氣無菌,並達到壓力平衡˙可高溫高壓滅菌121℃,耐溫最高140℃A基礎實驗器材以上價格與規格僅供參考 , 請以實際報價為主 A-107多孔螺蓋","https://ec.dgs.com.tw/catalog/files/basic-html/page119.html","https://ec.dgs.com.tw/catalog/catalog.html#p=119","2026-02-24T05:56:40.562Z"
"dgs_ecatalog-p120-c1","dgs_ecatalog","A","120","1","4","② ① ⑧ ③ ⑨ ④ ⑤ ⑥ ⑦多孔螺蓋 GL45 PP DURANGL45 Connection System貨號 描述 ea/bx 價格eaBS-1129750BS-1129751BS-1129814BS-1129815BS-1129816BS-1129817BS-1129818BS-1137799BS-2924008① GL45螺蓋,雙口GL14② GL45螺蓋,三口GL14③ GL14中孔螺蓋,接管用④ GL14接管墊片,ID1.6mm⑤ GL14接管墊片,ID3.0mm⑥ GL14接管墊片,ID3.2mm⑦ GL14接管墊片,ID6.0mm⑧ GL14壓力平衡用螺蓋含濾膜⑨ GL14螺蓋,含PTFE墊片2221111110˙PP材質製成 ˙適用於封閉及無菌的系統內轉移液體,不被汙染˙搭配過濾膜使用可讓吸入的空氣無菌,並達到壓力平衡˙可高溫高壓滅菌121℃,耐溫最高140℃貨號 描述 廠牌 價格AS4537-00006AS4541-00004BS-1129829G40141-02522-pk① GL45 雙管抽氣蓋 ② 針筒過濾器直徑33mm 0.2μm及轉接頭③ 針筒過濾器用轉接頭針筒過濾器直徑25mm 0.22","https://ec.dgs.com.tw/catalog/files/basic-html/page120.html","https://ec.dgs.com.tw/catalog/catalog.html#p=120","2026-02-24T05:56:40.562Z"
"dgs_ecatalog-p120-c2","dgs_ecatalog","A","120","2","4","04BS-1129829G40141-02522-pk① GL45 雙管抽氣蓋 ② 針筒過濾器直徑33mm 0.2μm及轉接頭③ 針筒過濾器用轉接頭針筒過濾器直徑25mm 0.22μm,10ea/pkPYREXPYREXDURAN經濟型二孔抽氣螺蓋 PP GL45Connector, Multiple Distributors with GL45 screwcap˙接頭與螺蓋為PP材質˙耐溫140℃,可高溫高壓滅菌˙適用內徑6~9mm軟管˙抽氣管可自由旋轉,所以不需拆下軟管即可轉鬆螺蓋˙可選購0.2μm PTFE針筒過濾器及過濾器連接頭˙不含血清瓶,需另購① ②③多孔螺蓋 GL45 PPBOHLENDERMultiple Distributors for Bottles, GL45˙PP材質耐溫110℃ ˙良好的耐化學性和溫度˙上端螺牙規格GL14AO-D61208 AO-D61308貨號 孔數 最大管外徑 價格eaAO-D61208AO-D613082366 多孔螺蓋 GL45 PFA/PTFEBOHLENDERMultiple Distributors for Bottles, GL45˙PFA(二孔)PTFE(三孔)材","https://ec.dgs.com.tw/catalog/files/basic-html/page120.html","https://ec.dgs.com.tw/catalog/catalog.html#p=120","2026-02-24T05:56:40.562Z"
"dgs_ecatalog-p120-c3","dgs_ecatalog","A","120","3","4","082366 多孔螺蓋 GL45 PFA/PTFEBOHLENDERMultiple Distributors for Bottles, GL45˙PFA(二孔)PTFE(三孔)材質耐溫-200~250℃˙良好的耐化學性和溫度 ˙上端螺牙規格GL14貨號 孔數 最大管外徑 價格eaAO-D61408AO-D615082366 AO-D61408 AO-D61508不鏽鋼多孔螺蓋 GL45 DGSMultiple Distributors for Bottle, GL45貨號 描述 價格setDG-534512DG-534522DG-534532DG-534513DG-534523DG-534533二通 接管外徑 4~5.5mm,GL45二通 接管外徑 6~7.5mm,GL45二通 接管外徑 8~9.8mm,GL45三通 接管外徑 4~5.5mm,GL45三通 接管外徑 6~7.5mm,GL45三通 接管外徑 8~9.8mm,GL45˙螺蓋為PBT材質,接管為304不鏽鋼材質˙螺牙規格GL45,適用於標準GL45血清瓶˙附沉頭,可讓內部軟管口沉於瓶底˙適用於抽氣緩衝,氣體洗滌˙可高溫高壓滅菌至180°CA基礎實驗器材A-108","https://ec.dgs.com.tw/catalog/files/basic-html/page120.html","https://ec.dgs.com.tw/catalog/catalog.html#p=120","2026-02-24T05:56:40.562Z"
"dgs_ecatalog-p120-c4","dgs_ecatalog","A","120","4","4","質,接管為304不鏽鋼材質˙螺牙規格GL45,適用於標準GL45血清瓶˙附沉頭,可讓內部軟管口沉於瓶底˙適用於抽氣緩衝,氣體洗滌˙可高溫高壓滅菌至180°CA基礎實驗器材A-108 以上價格與規格僅供參考 , 請以實際報價為主 多孔螺蓋","https://ec.dgs.com.tw/catalog/files/basic-html/page120.html","https://ec.dgs.com.tw/catalog/catalog.html#p=120","2026-02-24T05:56:40.562Z"
"dgs_ecatalog-p121-c1","dgs_ecatalog","A","121","1","3","不鏽鋼抽氣頭 GL45 台製Connector, Multiple Distributors˙接頭為不鏽鋼304材質˙接管管外徑6mm˙需搭配GL45中孔螺蓋使用,中孔蓋為選購品貨號 規格 價格eaDG-A108000DG-A108001BS-2922710二孔三孔DURAN 中孔螺蓋 紅色 GL45組裝示意圖緩衝抽氣瓶蓋 PPSuction Adapter˙接頭材質為PP˙下端為連接螺蓋為GL-45的標準血清瓶,上端接管適合6mm軟管連接貨號 描述 價格eaD9ET-19700060 抽氣瓶蓋GL45 貨號 連接管徑mm 尺寸mm 價格eaBK-538 6.5~10 102x14x57流量指示器 球型 SAN KartellFow Mowitor, SAN˙SAN材質球型指示器˙液體水平狀態流速為50mL/min,垂直狀態140mL/min˙氣體水平狀態流速為3L/min,垂直狀態8L/min˙紅球轉速與流速成正比˙最高耐溫50°C,不適用於具腐蝕性之流質物體貨號 連接管徑mm 尺寸mm 價格eaBK-539 6~11 90x15x40流量指示器 螺旋輪型SAN KartellFlow Monitor, SAN˙SAN材質","https://ec.dgs.com.tw/catalog/files/basic-html/page121.html","https://ec.dgs.com.tw/catalog/catalog.html#p=121","2026-02-24T05:56:40.562Z"
"dgs_ecatalog-p121-c2","dgs_ecatalog","A","121","2","3","蝕性之流質物體貨號 連接管徑mm 尺寸mm 價格eaBK-539 6~11 90x15x40流量指示器 螺旋輪型SAN KartellFlow Monitor, SAN˙SAN材質螺旋輪型˙最低流速為5mL/sec,最高流速為95mL/sec˙螺旋輪型轉速與流速成正比˙最大承受壓力為2BAR˙最高耐溫85°C,不適用具腐蝕性之流質物體,可用於瓦斯氣體貨號 連接管徑mm 尺寸mm 價格eaAU-87202005 6~11 88x40x15 流量指示器 螺旋輪型 TPX burkleFlow Monitor, TPX˙TPX材質螺旋輪型˙葉片轉動流速150mL/min(水),不適用強酸,強鹼及溶劑˙最大承受壓力2bar˙最高耐溫60℃ 塑膠活栓 PEKartellScissors, S.S ˙PP和HDPE材質˙適用於低壓(工作壓力0.5 bar)或低真空下的液體和氣體貨號 OD(mm) 孔徑mm 價格eaBK-374BK-371BK-376BK-37981014164.9710.912.7塑膠活栓 PP/PTFE Bel-Art2/3-Way Valve貨號 孔徑mm 規格 價格eaBB-308900000BB-3089100","https://ec.dgs.com.tw/catalog/files/basic-html/page121.html","https://ec.dgs.com.tw/catalog/catalog.html#p=121","2026-02-24T05:56:40.562Z"
"dgs_ecatalog-p121-c3","dgs_ecatalog","A","121","3","3","981014164.9710.912.7塑膠活栓 PP/PTFE Bel-Art2/3-Way Valve貨號 孔徑mm 規格 價格eaBB-308900000BB-308910000BB-308940000BB-3089500002424二方二方三方三方˙活栓部分為PP材質,中央閥為PTFE材質˙有兩方與三方可供選擇˙耐壓35psi˙可接內徑為6.4~9.5mm的軟管˙可高溫高壓滅菌121℃二方活栓 PTFE BOHLENDER2-Way Stopcocks, PTFE˙PTFE材質耐溫-30~150℃˙良好的耐化學性和溫度˙螺牙接頭可接GL螺牙規格接管˙可用於真空系統連接,最高6bar貨號 WxLxH(mm) 螺牙規格 孔徑mm 價格eaAO-E68414AO-E68418AO-E6842520x54x3830x64x4540x78x57GL14GL18GL25468A基礎實驗器材以上價格與規格僅供參考 , 請以實際報價為主 A-109塑膠活栓","https://ec.dgs.com.tw/catalog/files/basic-html/page121.html","https://ec.dgs.com.tw/catalog/catalog.html#p=121","2026-02-24T05:56:40.562Z"
"dgs_ecatalog-p122-c1","dgs_ecatalog","A","122","1","4","二方活栓 PTFE BOHLENDER2-Way Stopcocks, PTFE˙PTFE材質溫-200~250℃˙良好的耐化學性和溫度˙可搭配PP或PTFE螺蓋接管˙可用於真空系統連接,最高2bar貨號 螺蓋材質 接管外徑規格mm 孔徑mm 價格eaAO-E65202AO-E65204AO-E65206AO-E65208PTFEPTFEPTFEPTFE468102255 二方/三方三通活栓 PTFE BOHLENDER2/3-Way Stopcocks, Hose Connector, PTFE˙PTFE材質耐溫-200~250℃˙良好的耐化學性和溫度˙管璧鋸齒狀設計防止接管滑落˙可用於真空系統連接,最高2bar貨號 規格 接管規格mm 孔徑mm 價格eaAO-E65003AO-E65006AO-E65009AO-E65012AO-E65050AO-E65053AO-E65056AO-E65059二方二方二方二方三方三通三方三通三方三通三方三通4.56.89114.56.89111.53461234 三方二通活栓 PTFE BOHLENDER3-Way Stopcocks, PTFE˙PTFE材質耐溫-30~150℃˙良好","https://ec.dgs.com.tw/catalog/files/basic-html/page122.html","https://ec.dgs.com.tw/catalog/catalog.html#p=122","2026-02-24T05:56:40.562Z"
"dgs_ecatalog-p122-c2","dgs_ecatalog","A","122","2","4",".56.89114.56.89111.53461234 三方二通活栓 PTFE BOHLENDER3-Way Stopcocks, PTFE˙PTFE材質耐溫-30~150℃˙良好的耐化學性和溫度˙螺牙接頭可接GL螺牙規格接管˙可用於真空系統連接,最高6bar貨號 WxLxH(mm) 螺牙規格 孔徑mm 價格eaAO-E68614AO-E68618AO-E6862547x64x4357x74x5759x78x57GL14GL18GL25466 三方三通活栓 PTFE BOHLENDER3-Way Stopcocks, PTFE˙PTFE材質耐-30~150℃˙良好的耐化學性和溫度˙螺牙接頭可接GL螺牙規格接管˙可用於真空系統連接,最高6bar貨號 WxLxH(mm) 螺牙規格 孔徑mm 價格eaAO-E68814AO-E68818AO-E6882557x74x5757x74x5769x88x57GL 14GL 18GL 25446 貨號 螺蓋材質 接管外徑規格mm 孔徑mm 價格eaAO-E65402AO-E65404AO-E65406AO-E65408PTFEPTFEPTFEPTFE468101.51.53.53.5三方三","https://ec.dgs.com.tw/catalog/files/basic-html/page122.html","https://ec.dgs.com.tw/catalog/catalog.html#p=122","2026-02-24T05:56:40.562Z"
"dgs_ecatalog-p122-c3","dgs_ecatalog","A","122","3","4","接管外徑規格mm 孔徑mm 價格eaAO-E65402AO-E65404AO-E65406AO-E65408PTFEPTFEPTFEPTFE468101.51.53.53.5三方三通活栓 PTFE BOHLENDER3-Way Stopcocks, PTFE˙PTFE材質耐-200~250℃˙良好的耐化學性和溫度˙可搭配PP或PTFE螺蓋接管˙可用於真空系統連接,最高2bar貨號 ØxL(mm) 價格eaAC001-106AC001-108AC001-1106AC001-112AC001-1156AC001-120AC001-1207AC001-1208AC001-125AC001-1258AC001-130AC001-1307AC001-1308AC001-135AC001-140AC001-145AC001-150AC001-160AC001-170AC001-1803x63x86x104.5x126x156x207x208x206x258x256x307x308x306x358x408x458x5010x6010x7010x80PTFE直棒型磁石攪拌子 cowiePTFE Stir Bar, Cylindrical˙P","https://ec.dgs.com.tw/catalog/files/basic-html/page122.html","https://ec.dgs.com.tw/catalog/catalog.html#p=122","2026-02-24T05:56:40.562Z"
"dgs_ecatalog-p122-c4","dgs_ecatalog","A","122","4","4","56x307x308x306x358x408x458x5010x6010x7010x80PTFE直棒型磁石攪拌子 cowiePTFE Stir Bar, Cylindrical˙PTFE材質耐溫-200~250℃˙良好的耐化學性和溫度A基礎實驗器材A-110 以上價格與規格僅供參考 , 請以實際報價為主 塑膠活栓","https://ec.dgs.com.tw/catalog/files/basic-html/page122.html","https://ec.dgs.com.tw/catalog/catalog.html#p=122","2026-02-24T05:56:40.562Z"
"dgs_ecatalog-p123-c1","dgs_ecatalog","A","123","1","4","貨號 ØxL(mm) 價格eaD64-0103007D64-0103009D64-0106010D64-0105015D64-0106020D64-0107020D64-0106025D64-0108025D64-0106030D64-0108030D64-0108035D64-0108040D64-0108045D64-0108050D64-0109060D64-0109070D64-01090803x73x96x105x156x207x206x258x256x308x308x358x408x458x509x609x709x80PTFE直棒型磁石攪拌子 經濟型PTFE Stir Bar, Cylindrical ˙PTFE材質耐溫-200~250℃ ˙良好的耐化學性和溫度PTFE八角棒型磁石攪拌子 中環 cowiePTFE Stir Bar, Octagonal ˙PTFE材質耐溫-200~250℃˙良好的耐化學性和溫度貨號 ØxL(in) ØxL(mm) 價格eaAC001-5133AC001-513AC001-515AC001-522AC001-525AC001-52510AC001-528AC001-538AC001","https://ec.dgs.com.tw/catalog/files/basic-html/page123.html","https://ec.dgs.com.tw/catalog/catalog.html#p=123","2026-02-24T05:56:40.562Z"
"dgs_ecatalog-p123-c2","dgs_ecatalog","A","123","2","4","L(mm) 價格eaAC001-5133AC001-513AC001-515AC001-522AC001-525AC001-52510AC001-528AC001-538AC001-53810AC001-541AC001-551AC001-55110AC001-5648AC001-564AC001-5751/8x1/25/16x1/25/16x5/85/16x7/85/16x13/8x11-1/8x5/165/16x1-1/23/8x1-1/21-5/8x5/165/16x23/8x25/16x2-1/23/8x2-1/21/2x33x138x138x158x228x2510x258x288x3810x388x418x5110x518x6410x6413x75 PTFE八角棒型磁石攪拌子 中環 經濟型PTFE Stir Bar, Octagonal ˙PTFE材質耐溫-200~250℃˙良好的耐化學性和溫度貨號 ØxL(mm) 價格eaD64-0507015D64-0508020D64-0507025D64-0508028D64-0509035D64-0508040D64-0511052D64-05100607.5x158x","https://ec.dgs.com.tw/catalog/files/basic-html/page123.html","https://ec.dgs.com.tw/catalog/catalog.html#p=123","2026-02-24T05:56:40.562Z"
"dgs_ecatalog-p123-c3","dgs_ecatalog","A","123","3","4","07015D64-0508020D64-0507025D64-0508028D64-0509035D64-0508040D64-0511052D64-05100607.5x158x207x258x289x358x4011x5210x60貨號 ØxL(mm) 價格eaAC001-802AC001-803AC001-805AC001-806AC001-807AC001-808AC001-810AC001-813AC001-815AC001-820AC001-8302x23x32x53x62x71.5x83x103x131.5x153x203x30PTFE微量磁石攪拌子 cowiePTFE Stir Bar, Micro ˙PTFE材質耐溫-200~250℃ ˙良好的耐化學性和溫度貨號 ØxL(mm) 價格eaAC001-1910AC001-1915AC001-1920AC001-1925AC001-1930AC001-1935AC001-1940AC001-1945AC001-1950AC001-1960AC001-1970AC001-19804x105x157x208x258x308x358x408x458x508x6010x","https://ec.dgs.com.tw/catalog/files/basic-html/page123.html","https://ec.dgs.com.tw/catalog/catalog.html#p=123","2026-02-24T05:56:40.562Z"
"dgs_ecatalog-p123-c4","dgs_ecatalog","A","123","4","4","01-1945AC001-1950AC001-1960AC001-1970AC001-19804x105x157x208x258x308x358x408x458x508x6010x7010x80 PTFE直棒型磁石攪拌子 中間突起 cowiePTFE Stir Bar, Tapered ˙PTFE材質耐溫-200~250℃ ˙良好的耐化學性和溫度A基礎實驗器材以上價格與規格僅供參考 , 請以實際報價為主 A-111攪拌子","https://ec.dgs.com.tw/catalog/files/basic-html/page123.html","https://ec.dgs.com.tw/catalog/catalog.html#p=123","2026-02-24T05:56:40.562Z"
"dgs_ecatalog-p124-c1","dgs_ecatalog","A","124","1","4","貨號 ØxH(mm) 價格eaAC001-709AC001-710AC001-720AC001-7309x610x620x1030x12PTFE海星型磁石攪拌子 cowiePTFE Stir Bar, Disk ˙PTFE材質耐溫-200~250℃ ˙良好的耐化學性和溫度貨號 ØxL(mm) 價格eaAC001-610AC001-615AC001-620AC001-625AC001-630AC001-635AC001-640AC001-650AC001-664AC001-6705x106x1510x2012x2516x3016x3520x4020x5020x6420x70 PTFE橄欖型磁石攪拌子 cowiePTFE Stir Bar, Oval ˙PTFE材質耐溫-200~250℃ ˙良好的耐化學性和溫度貨號 ØxL(mm) 價格eaD64-0606010D64-0607015D64-0608020D64-0610025D64-0611028D64-0612035D64-0615040D64-0616050D64-0620060D64-06200706x107x158x2010x2511x2812x3515x4016x50","https://ec.dgs.com.tw/catalog/files/basic-html/page124.html","https://ec.dgs.com.tw/catalog/catalog.html#p=124","2026-02-24T05:56:40.562Z"
"dgs_ecatalog-p124-c2","dgs_ecatalog","A","124","2","4","4-0612035D64-0615040D64-0616050D64-0620060D64-06200706x107x158x2010x2511x2812x3515x4016x5020x6020x70PTFE橄欖型磁石攪拌子 經濟型PTFE Stir Bar, Oval ˙PTFE材質耐溫-200~250℃ ˙良好的耐化學性和溫度貨號 ØxH(mm) 價格eaAC001-1609 9x6 PTFE磁石攪拌子比色槽用 cowiePTFE Stir Bar, for Cell ˙PTFE材質耐溫-200~250℃ ˙良好的耐化學性和溫度PTFE雙圓盤磁石攪拌子 cowiePTFE Stir Bar, Crosshead ˙PTFE材質耐溫-200~250℃ ˙良好的耐化學性和溫度貨號 ØxL(mm) 價格eaAC001-1110AC001-1114AC001-1117AC001-1122AC001-1130AC001-1140AC001-116010x814x1017x1322x1530x1240x1460x15貨號 ØxL(mm) 價格eaAC001-412AC001-420AC001-425AC001-435AC001-44","https://ec.dgs.com.tw/catalog/files/basic-html/page124.html","https://ec.dgs.com.tw/catalog/catalog.html#p=124","2026-02-24T05:56:40.562Z"
"dgs_ecatalog-p124-c3","dgs_ecatalog","A","124","3","4","814x1017x1322x1530x1240x1460x15貨號 ØxL(mm) 價格eaAC001-412AC001-420AC001-425AC001-435AC001-440AC001-450AC001-455AC001-480AC001-4110AC001-41366x128x208x259x3514x4012x5014x55 18x8036x11036x136PTFE三角棒型磁石攪拌子 cowiePTFE Stir Bar, Triangular ˙PTFE材質耐溫-200~250℃ ˙良好的耐化學性和溫度PTFE十字型磁石攪拌子 cowiePTFE Stir Bar, Cross ˙PTFE材質耐溫-200~250℃ ˙良好的耐化學性和溫度貨號 Ø(mm) Ø(in) H (mm) 價格eaAC001-2401AC001-2402AC001-2403AC001-2404AC001-2405AC001-2406AC001-2407102025303850603/83/4 11-1/41-1/2 22-3/858910111520貨號 Ø(mm) 價格eaAC001-1512 12PTFE球型磁石攪拌子 cowie","https://ec.dgs.com.tw/catalog/files/basic-html/page124.html","https://ec.dgs.com.tw/catalog/catalog.html#p=124","2026-02-24T05:56:40.562Z"
"dgs_ecatalog-p124-c4","dgs_ecatalog","A","124","4","4","025303850603/83/4 11-1/41-1/2 22-3/858910111520貨號 Ø(mm) 價格eaAC001-1512 12PTFE球型磁石攪拌子 cowiePTFE Stir Bar, Spherical ˙PTFE材質耐溫-200~250℃ ˙良好的耐化學性和溫度A基礎實驗器材A-112 以上價格與規格僅供參考 , 請以實際報價為主 攪拌子","https://ec.dgs.com.tw/catalog/files/basic-html/page124.html","https://ec.dgs.com.tw/catalog/catalog.html#p=124","2026-02-24T05:56:40.562Z"
"dgs_ecatalog-p125-c1","dgs_ecatalog","A","125","1","4","貨號 ØxL(mm) 價格eaAC001-1412AC001-1425AC001-1435AC001-14504x125.5x256x357.5x50 PTFE四角型磁石攪拌子 cowiePTFE Stir Bar, Square˙PTFE材質耐溫-200~250℃˙良好的耐化學性和溫度貨號 ØxL(mm) 價格eaAC001-1206AC001-1212AC001-1225AC001-1245AC001-12605x65x126x258x458x60玻棒型 磁石攪拌子cowiePTFE Stir Bar, Glass Covered˙玻璃材質˙良好的耐化學性和溫度貨號 ØxL(mm) 規格 價格eaAC001-257AC001-2108AC001-2159AC001-357AC001-3108AC001-315927x5727x10827x15924x5724x10824x159直棒型直棒型直棒型直型中環直型中環直型中環PTFE特大磁石攪拌子 cowiePTFE Stir Bar, Giant˙PTFE材質耐溫-200~250℃˙良好的耐化學性和溫度磁石攪拌子取出棒 cowieStir Bar Retrievers˙PTF","https://ec.dgs.com.tw/catalog/files/basic-html/page125.html","https://ec.dgs.com.tw/catalog/catalog.html#p=125","2026-02-24T05:56:40.562Z"
"dgs_ecatalog-p125-c2","dgs_ecatalog","A","125","2","4","owiePTFE Stir Bar, Giant˙PTFE材質耐溫-200~250℃˙良好的耐化學性和溫度磁石攪拌子取出棒 cowieStir Bar Retrievers˙PTFE材質耐溫-200~250℃˙良好的耐化學性和溫度貨號 材質 ØxL(mm) 價格eaAC004-150AC004-250AC004-350AC004-450AC004-1300AC004-1350AC004-1450TFTFTFTFPPPPPP10x15010x25010x35010x45010x30010x350 10x450PTFE磁石攪拌子取出棒Stir Bar Retrievers˙PTFE材質耐溫-200~250℃˙良好的耐化學性和溫度貨號 ØxL(mm) 價格eaD64-1207250D64-1207300D64-1207350D64-12074007x2507x3007x3507x400貨號 描述 價格setAC001-3001AC001-3003AC001-3002八角型 6組12個包含8x13 8x15 10x2510x38 10x51 10x64直棒型 9組18個包含6x10 6x15 7x208x25 8x30 8x408x","https://ec.dgs.com.tw/catalog/files/basic-html/page125.html","https://ec.dgs.com.tw/catalog/catalog.html#p=125","2026-02-24T05:56:40.562Z"
"dgs_ecatalog-p125-c3","dgs_ecatalog","A","125","3","4","1-3002八角型 6組12個包含8x13 8x15 10x2510x38 10x51 10x64直棒型 9組18個包含6x10 6x15 7x208x25 8x30 8x408x50 10x60 10x80橄欖型 7組12個包含5x10 6x15 10x2510x30 13x35各2個17x50 27x70各1個PTFE磁石攪拌子組合 cowiePTFE Stir Bar Kit˙PTFE材質耐溫-200~250℃˙良好的耐化學性和溫度磁石攪拌子吸附器 PS Bel-ArtSpinbar Restrainer, PS˙PS材質˙倒出液體時,可吸附攪拌子,以避免攪拌子掉入承接容器而造成液體飛濺,產生危險˙人體工學設計,單手即可操作˙磁力強,可吸附住80mm以下的攪拌子貨號 描述 價格eaBB-377861000 PS攪拌子吸附器 磁石攪拌子水槽過濾器 Bel-ArtSpinbar Restrainer, PS˙將液體倒入水槽時,可吸附攪拌子,以避免攪拌子掉入水管內,並有收集攪拌子的功能˙四角有四個強力磁鐵,可牢固吸附住攪拌子˙上端與周邊具開孔,可讓液體迅速排放˙一側為平面,可靠於水槽邊˙具彈性和耐化學性貨號 描述 價格eaB","https://ec.dgs.com.tw/catalog/files/basic-html/page125.html","https://ec.dgs.com.tw/catalog/catalog.html#p=125","2026-02-24T05:56:40.562Z"
"dgs_ecatalog-p125-c4","dgs_ecatalog","A","125","4","4","攪拌子掉入水管內,並有收集攪拌子的功能˙四角有四個強力磁鐵,可牢固吸附住攪拌子˙上端與周邊具開孔,可讓液體迅速排放˙一側為平面,可靠於水槽邊˙具彈性和耐化學性貨號 描述 價格eaBB-377870000BB-377870001藍色綠色A基礎實驗器材以上價格與規格僅供參考 , 請以實際報價為主 A-113攪拌子","https://ec.dgs.com.tw/catalog/files/basic-html/page125.html","https://ec.dgs.com.tw/catalog/catalog.html#p=125","2026-02-24T05:56:40.562Z"
"dgs_ecatalog-p126-c1","dgs_ecatalog","A","126","1","4","磁石攪拌子放置架 Bel-ArtRack, Magnetic Stirring Bar˙鐵線披覆環氧樹酯材質˙由窄到寬的格線,可放置大至15.9cm,小至10mm等多種尺寸的攪拌子˙底部平面網架,適合置放攪拌子吸附器˙可高溫高壓滅菌貨號 LxWxH/cm 價格eaBB-377900000 25.6x10x31結晶皿 KIMBLEDish, Crystallizing˙KG-33硼矽酸玻璃材質˙結晶皿口緣經強化加工,以降低易碎之風險˙標示區為白色琺瑯質貨號 容量mL ØxH(mm) ea/bx/cs 價格eaAK23000-05035AK23000-06035AK23000-07050AK23000-08040AK23000-09050AK23000-10050AK23000-12565508016017027034070050x3560x3570x5080x4090x50100x50125x656/46/46/46/46/36/34/3 貨號 容量mL ØxH(mm) ea/bx 價格eaBS-2131324BS-2131332BS-2131334BS-2131338BS-2131341BS-2131344BS-213134","https://ec.dgs.com.tw/catalog/files/basic-html/page126.html","https://ec.dgs.com.tw/catalog/catalog.html#p=126","2026-02-24T05:56:40.562Z"
"dgs_ecatalog-p126-c2","dgs_ecatalog","A","126","2","4","mL ØxH(mm) ea/bx 價格eaBS-2131324BS-2131332BS-2131334BS-2131338BS-2131341BS-2131344BS-2131349BS-2131354BS-2131359BS-21313632040601001503005009002000350040x2550x3060x3570x4080x4595x55115x65140x75190x90230x10010101010101010101010 結晶皿 DURANDish,Crystalizing ˙DURAN 硼矽酸玻璃材質˙結晶皿口緣經強化加工,以降低易碎之風險˙不具嘴結晶皿 具嘴 DURANDishes, Crystalizing, with spouts˙DURAN 硼矽酸玻璃材質˙結晶皿口緣經強化加工,以降低易碎之風險˙具嘴貨號 容量mL ØxH(mm) ea/bx 價格eaBS-2131132BS-2131134BS-2131138BS-2131141BS-2131144BS-2131149BS-2131154BS-2131159BS-213116340601001503005009002000350050x3","https://ec.dgs.com.tw/catalog/files/basic-html/page126.html","https://ec.dgs.com.tw/catalog/catalog.html#p=126","2026-02-24T05:56:40.562Z"
"dgs_ecatalog-p126-c3","dgs_ecatalog","A","126","3","4","S-2131141BS-2131144BS-2131149BS-2131154BS-2131159BS-213116340601001503005009002000350050x3060x3570x40 80x4595x55115x65140x75 190x90230x100101010101010101010 結晶皿 具嘴 SYNTHWAREDishes, Crystalizing,with spouts˙硼矽酸玻璃材質˙結晶皿口緣經強化加工,以降低易碎之風險˙具嘴貨號 容量mL ØxH(mm) 價格eaASG-P290170ASG-P290700ASG-P291200ASG-P292600150250900200080x40100x50150x75200x117 瓷蒸發皿 C.CCeramic Evaporating Dish˙30mL~170mL耐溫800℃˙260mL以上耐溫400℃˙雙面釉貨號 容量mL Ø(mm) 價格eaC73C-18060C73C-18080C73C-18090C73C-18100C73C-18110C73C-18120C73C-18150C73C-18180C73C-18210C73C-18","https://ec.dgs.com.tw/catalog/files/basic-html/page126.html","https://ec.dgs.com.tw/catalog/catalog.html#p=126","2026-02-24T05:56:40.562Z"
"dgs_ecatalog-p126-c4","dgs_ecatalog","A","126","4","4","060C73C-18080C73C-18090C73C-18100C73C-18110C73C-18120C73C-18150C73C-18180C73C-18210C73C-18240C73C-18300C73C-1836030801201702202604007501000160032005700608090100110120150180210240300360 A基礎實驗器材A-114 以上價格與規格僅供參考 , 請以實際報價為主 結晶皿","https://ec.dgs.com.tw/catalog/files/basic-html/page126.html","https://ec.dgs.com.tw/catalog/catalog.html#p=126","2026-02-24T05:56:40.562Z"
"dgs_ecatalog-p127-c1","dgs_ecatalog","A","127","1","4","瓷蒸發皿 Ceramic Evaporating Dish˙陶瓷製,耐化學性佳˙底部為圓底˙耐溫400℃,雙面釉貨號 容量mL ØxH(mm) 價格eaA73S-J163A73S-J164A73S-J165A73S-J166A73S-J167A73S-J168A73S-J169A73S-J170A73S-J171A73S-J1723570 80 125 160230350558 765128560x2473x3180x3095x43105x44115x47145x48168x53185x54215x75 PTFE蒸發皿 cowieEvaporating Dishes, PTFE˙PTFE材質耐溫-200~280℃˙良好的耐化學性和溫度貨號 容量mL 描述 ØxH(mm) 價格eaAC006-1025AC006-1050AC006-1100AC006-1180AC006-1350AC006-10251AC006-10501AC006-11001AC006-11801AC006-13501AC006-14001AC006-025AC006-050AC006-100AC006-150AC006-180AC006-250AC006-","https://ec.dgs.com.tw/catalog/files/basic-html/page127.html","https://ec.dgs.com.tw/catalog/catalog.html#p=127","2026-02-24T05:56:40.562Z"
"dgs_ecatalog-p127-c2","dgs_ecatalog","A","127","2","4","06-11801AC006-13501AC006-14001AC006-025AC006-050AC006-100AC006-150AC006-180AC006-250AC006-350255010018035025501001803504002550100150180250350不具嘴不具嘴不具嘴不具嘴不具嘴低型具嘴低型具嘴低型具嘴低型具嘴低型具嘴低型具嘴高型具嘴高型具嘴高型具嘴高型具嘴高型具嘴高型具嘴高型具嘴42x2560x2080x2880x46100x5565x1282x15102x20130x22132x36136x4038x3440x5064x5078x4380x5097x50100x60 PFA蒸發皿 VITLABEvaporating Dishes, PFA˙PFA材質耐溫-200~250℃˙良好的耐化學性和溫度貨號 容量mL ØxH(mm) 價格eaBV-103297BV-103397255050x2550x54瓷小舟 C.CCombustion Boat˙瓷製上釉,耐溫1100℃˙瓷製無釉,耐溫1450℃˙SSA-H氧化鋁,耐溫度1600℃˙SSA-S氧化鋁,耐溫度1800℃貨號 型式 LxWxH(mm)","https://ec.dgs.com.tw/catalog/files/basic-html/page127.html","https://ec.dgs.com.tw/catalog/catalog.html#p=127","2026-02-24T05:56:40.562Z"
"dgs_ecatalog-p127-c3","dgs_ecatalog","A","127","3","4","mbustion Boat˙瓷製上釉,耐溫1100℃˙瓷製無釉,耐溫1450℃˙SSA-H氧化鋁,耐溫度1600℃˙SSA-S氧化鋁,耐溫度1800℃貨號 型式 LxWxH(mm) 價格eaC73C-12003C73C-12004C73C-12005C73C-12006瓷製上釉瓷製無釉氧化鋁SSA-H氧化鋁SSA-S80x17x1380x13x10102x20x13102x20x13瓷坩堝 C.CCeramic Crucible˙陶瓷材質,耐溫1100℃˙本體不含蓋子,需另購貨號 容量mL ØxH(mm) 價格ea本體C73C-11010C73C-11015C73C-11030C73C-11050C73C-11100C73C-11155C73C-112801015305010015528032x2536x2745x3653x4365x5472x5987x72蓋子C73C-11010CC73C-11015CC73C-11030CC73C-11050CC73C-11100CC73C-11155CC73C-11280C10mL用蓋15mL用蓋30mL用蓋50mL用蓋100mL用蓋155mL用蓋280mL用蓋瓷坩堝 Ceramic","https://ec.dgs.com.tw/catalog/files/basic-html/page127.html","https://ec.dgs.com.tw/catalog/catalog.html#p=127","2026-02-24T05:56:40.562Z"
"dgs_ecatalog-p127-c4","dgs_ecatalog","A","127","4","4","C73C-11100CC73C-11155CC73C-11280C10mL用蓋15mL用蓋30mL用蓋50mL用蓋100mL用蓋155mL用蓋280mL用蓋瓷坩堝 Ceramic Crucible˙陶瓷材質,耐溫1100℃˙本體不含蓋,需另購貨號 容量mL ØxH(mm) 價格ea本體A73S-J118A73S-J119A73S-J120A73S-J122A73S-J1231015305010030x2535x2943x3653x4365x54 蓋子A73S-J126A73S-J127A73S-J128A73S-J339A73S-J13010mL用蓋15mL用蓋30mL用蓋50mL用蓋100mL用蓋ID.34mmID.38mmID.47mmID.54mmID.69mm註：加熱或冷卻時,溫度變化需低於200℃/小時,以避免溫差過大而造成坩堝破裂A基礎實驗器材以上價格與規格僅供參考 , 請以實際報價為主 A-115瓷坩堝","https://ec.dgs.com.tw/catalog/files/basic-html/page127.html","https://ec.dgs.com.tw/catalog/catalog.html#p=127","2026-02-24T05:56:40.562Z"
"dgs_ecatalog-p128-c1","dgs_ecatalog","A","128","1","4","氧化鋁坩堝 SSA-HC.CAlumina Crucible, SSA-H˙SSA-H氧化鋁,耐溫度1600℃˙本體不含蓋,需另購貨號 容量mL ØxH(mm) 價格ea本體C73C-17030C73C-17050C73C-17100C73C-17155C73C-17280C73C-17500C73C-1710003050100150280500100046x3654x4366x5473x5988x72110x110140x118 蓋子C73C-17030CC73C-17050CC73C-17100CC73C-17155CC73C-17280CC73C-17500CC73C-171000C30mL用蓋50mL用蓋100mL用蓋150mL用蓋280mL用蓋500mL用蓋1000mL用蓋氧化鋁坩堝 SSA-SC.CAlumina Crucible, SSA-S˙SSA-S氧化鋁,耐溫度1800℃˙本體不含蓋,需另購貨號 容量mL ØxH(mm) 價格ea本體C73C-19030C73C-19050C73C-19100C73C-19155C73C-19280C73C-19500C73C-1910003050100150280500","https://ec.dgs.com.tw/catalog/files/basic-html/page128.html","https://ec.dgs.com.tw/catalog/catalog.html#p=128","2026-02-24T05:56:40.562Z"
"dgs_ecatalog-p128-c2","dgs_ecatalog","A","128","2","4","a本體C73C-19030C73C-19050C73C-19100C73C-19155C73C-19280C73C-19500C73C-1910003050100150280500100046x3654x4366x5473x5988x72110x110140x118蓋子C73C-19030CC73C-19050CC73C-19100CC73C-19155CC73C-19280CC73C-19500CC73C-191000C30mL用蓋50mL用蓋100mL用蓋150mL用蓋280mL用蓋500mL用蓋1000mL用蓋PTFE坩堝 cowie Crucbles, PTFE˙PTFE 材質˙可耐溫至280℃ ˙耐化學性佳貨號 容量mL ØxH(mm) 價格eaAC009-005AC009-025AC009-075AC009-10052575100 27x1644x2656x4160x45 白金坩堝 台製Platinum Crucible˙白金純度99.9%以上˙熔點1768℃˙依需求訂製貨號 容量mL 上徑x下徑x高mm 價格eaD8GR-25009D8GR-25000D8GR-25001D8GR-25002D8GR-25003","https://ec.dgs.com.tw/catalog/files/basic-html/page128.html","https://ec.dgs.com.tw/catalog/catalog.html#p=128","2026-02-24T05:56:40.562Z"
"dgs_ecatalog-p128-c3","dgs_ecatalog","A","128","3","4","9%以上˙熔點1768℃˙依需求訂製貨號 容量mL 上徑x下徑x高mm 價格eaD8GR-25009D8GR-25000D8GR-25001D8GR-25002D8GR-25003D8GR-2500451015305010020x12x2225x15x2528x17x3136x22x4044x27x4755x33x60 瓷乳缽 Mortar With Pestle˙陶瓷材質˙含研缽及杵棒˙規格為頂端外部直徑貨號 規格 價格setA72S-J439A72S-J441A72S-J443A72S-J44590mm125mm155mm200mm不鏽鋼研缽 台製Mortars With Pestles˙不鏽鋼材質˙含研缽及杵棒貨號 IDxODxH(mm) 杵長mm 價格setD8KS-98002 100x115x60 145不鏽鋼搗臼 台製S.S. Mortars With Pestles˙不鏽鋼材質˙含搗臼及杵棒貨號 IDxODxH(mm) 杵長mm 價格setD8KS-99001D8KS-99002D8KS-9900375x90x11090x105x140110x120x165170215230A基礎實驗器材A-116 以上價格與","https://ec.dgs.com.tw/catalog/files/basic-html/page128.html","https://ec.dgs.com.tw/catalog/catalog.html#p=128","2026-02-24T05:56:40.562Z"
"dgs_ecatalog-p128-c4","dgs_ecatalog","A","128","4","4","setD8KS-99001D8KS-99002D8KS-9900375x90x11090x105x140110x120x165170215230A基礎實驗器材A-116 以上價格與規格僅供參考 , 請以實際報價為主 乳缽","https://ec.dgs.com.tw/catalog/files/basic-html/page128.html","https://ec.dgs.com.tw/catalog/catalog.html#p=128","2026-02-24T05:56:40.562Z"
"dgs_ecatalog-p129-c1","dgs_ecatalog","A","129","1","4","瑪瑙乳缽 德製Agate-Mortars with pestles˙瑪瑙材質˙含研缽及杵棒貨號 容量mL ODxIDxHx深度mm 價格setACG-21025ACG-21035ACG-21040ACG-21050ACG-21060ACG-21065ACG-21070ACG-21075ACG-21080ACG-21090ACG-21100ACG-21120ACG-21125ACG-21150ACG-21175ACG-2120026810131520243040509510020035055025x20x15x6 35x30x18x8 40x35x20x1050x40x25x1260x50x25x1465x52x26x1570x58x27x1675x60x30x1880x65x35x2090x75x38x23100x80x40x25120x100x50x30125x105x50x32150x125x65x35175x145x73x45200x165x80x45瑪瑙乳缽棒 德製Pestles, for Agate-Mortars˙瑪瑙材質˙需搭配瑪瑙乳缽使用貨號 適用乳缽容量mL Ø1xØ2xH(mm) 價格eaACG-2102","https://ec.dgs.com.tw/catalog/files/basic-html/page129.html","https://ec.dgs.com.tw/catalog/catalog.html#p=129","2026-02-24T05:56:40.562Z"
"dgs_ecatalog-p129-c2","dgs_ecatalog","A","129","2","4","80x45瑪瑙乳缽棒 德製Pestles, for Agate-Mortars˙瑪瑙材質˙需搭配瑪瑙乳缽使用貨號 適用乳缽容量mL Ø1xØ2xH(mm) 價格eaACG-21025PACG-21035PACG-21040PACG-21050PACG-21060PACG-21065PACG-21070PACG-21075PACG-21080PACG-21090PACG-21100PACG-21120PACG-21125PACG-21150PACG-21175PACG-21200P2681013152024304050951002003505506.2x3.1x25 8.7x4.3x35 10x5x4012.5x6.2x5015x7.5x6016.2x8.1x6517.5x8.7x7018.7x9.3x7520x10x8022.5x11.2x9025x12.5x10030x15x12031.2x15.6x12537.5x18.7x15043.7x21.8x17550x25x200瑪瑙球 德製Agate Balls˙瑪瑙材質˙適用於球磨機貨號 Ø(mm) 重量g 價格eaACG-604002ACG-604003ACG-60400","https://ec.dgs.com.tw/catalog/files/basic-html/page129.html","https://ec.dgs.com.tw/catalog/catalog.html#p=129","2026-02-24T05:56:40.562Z"
"dgs_ecatalog-p129-c3","dgs_ecatalog","A","129","3","4",".8x17550x25x200瑪瑙球 德製Agate Balls˙瑪瑙材質˙適用於球磨機貨號 Ø(mm) 重量g 價格eaACG-604002ACG-604003ACG-604005ACG-604007ACG-604010ACG-604012ACG-604015ACG-604020ACG-604025ACG-604030ACG-604040ACG-604050ACG-604060ACG-6040702357101215202530405060700.010.030.200.502.002.505.0011.0021.0035.0080.00168.00320.00463.00球磨壺 台製Pot Mill˙陶瓷材質˙不附球貨號 容量L 尺寸mm 包裝 價格eaD77S-04015D77S-04018D77S-04024D77S-0403012510150x180180x210240x300300x3601111傾斜式操作架 PP Bel-ArtSlanter Rack, PP˙PP材質,可高溫高壓滅菌121℃˙試管架可傾斜25°,35°,45°三種角度,操作時可減少手部角度過度彎曲,可製造一個傾斜的培養基試管˙可使用小型放大鏡","https://ec.dgs.com.tw/catalog/files/basic-html/page129.html","https://ec.dgs.com.tw/catalog/catalog.html#p=129","2026-02-24T05:56:40.562Z"
"dgs_ecatalog-p129-c4","dgs_ecatalog","A","129","4","4","nter Rack, PP˙PP材質,可高溫高壓滅菌121℃˙試管架可傾斜25°,35°,45°三種角度,操作時可減少手部角度過度彎曲,可製造一個傾斜的培養基試管˙可使用小型放大鏡幫助培養皿觀察計數貨號 WxDxH(mm) 價格eaBB-188900100 293x242x83貨號 孔徑mm 孔數 價格eaC48S-OM108001C48S-OM108002C48S-OM108003191919202440 不鏽鋼試管架 日製Stainless Test Tube Rack˙不鏽鋼片沖孔架面一體成型,堅固耐用˙適用於外徑19mm以內的試管或離心管使用A基礎實驗器材以上價格與規格僅供參考 , 請以實際報價為主 A-117試管架","https://ec.dgs.com.tw/catalog/files/basic-html/page129.html","https://ec.dgs.com.tw/catalog/catalog.html#p=129","2026-02-24T05:56:40.562Z"
"dgs_ecatalog-p130-c1","dgs_ecatalog","A","130","1","5","不鏽鋼試管架台製S.S. Test Tube Rack˙不鏽鋼線點焊電鍍處理˙適用於試管,離心管使用˙總高度為含腳1cm貨號 孔徑mm 孔數 總高mm 價格 eaD84E-15406010D84E-15506010D84E-15408010D84E-15508010D84E-16503010151515151640(4x10)50(5x10)40(4x10)50(5x10)50(5x10)7070909040D84E-18208010D84E-18258010D84E-18408010D84E-18503010D84E-18508010181818181820(4x5)25(5x5)40(4x10)50(5x10)50(5x10)9090904090D84E-20258010D84E-20408010D84E-20505010D84E-205080102020202025(5x5)40(4x10)50(5x10)50(5x10)90906090D84E-22408010D84E-22505010D84E-22508010D84E-24202510D84E-24253010D84E-2450251022222224242440","https://ec.dgs.com.tw/catalog/files/basic-html/page130.html","https://ec.dgs.com.tw/catalog/catalog.html#p=130","2026-02-24T05:56:40.562Z"
"dgs_ecatalog-p130-c2","dgs_ecatalog","A","130","2","5","4E-22408010D84E-22505010D84E-22508010D84E-24202510D84E-24253010D84E-2450251022222224242440(4x10)50(5x10)50(5x10)20(5x4)25(5x5)50(5x10)906090354035D84E-26253010D84E-26258010D84E-26408010D84E-28254010D84E-28504010262626282825(5x5)25(5x5)40(4x10)25(5x5)50(5x10)4090905050D84E-30203010D84E-30254010D84E-30308010D84E-30403010D84E-30504010303030303020(5x4)25(5x5)30(5x6)40(4x10)50(5x10)4050904050D84E-32107010D84E-32108010D84E-32187010D84E-32188010D84E-32258010D84E-32408010D84E-32508010D84E-36408010323232323232323610(5x2)10(","https://ec.dgs.com.tw/catalog/files/basic-html/page130.html","https://ec.dgs.com.tw/catalog/catalog.html#p=130","2026-02-24T05:56:40.562Z"
"dgs_ecatalog-p130-c3","dgs_ecatalog","A","130","3","5","84E-32188010D84E-32258010D84E-32408010D84E-32508010D84E-36408010323232323232323610(5x2)10(5x2)18(6x3)18(6x3)25(5x5)40(4x10)50(5x10)40(4x10)8090809090909090試管架 塑鋼披覆HeathrowTest Tube Rack, epoxy-coated Stell˙環氧樹脂披覆鐵線,耐化學性高,可高溫高壓滅菌˙可適用直徑16mm試管˙藍色為72孔˙紅色為108孔貨號 孔徑mm 孔數 LxWxH(mm) 價格eaAHW-HS23072AHW-HS23108161672(6x12)108(9x12)237x127x65241x188x65 樣品瓶架 塑鋼批覆 HeathrowVial racks, Epoxy coated Stell ˙環氧樹脂披覆鐵線,耐化學性高,可高溫高壓滅菌˙依孔徑適合各類小瓶放置,如閃爍計數瓶,取樣瓶...等貨號 孔徑mm 孔數 LxWxH(mm) 價格eaAHW-HS120085AHW-HS120086AHW-HS120087AHW-HS120088AHW-","https://ec.dgs.com.tw/catalog/files/basic-html/page130.html","https://ec.dgs.com.tw/catalog/catalog.html#p=130","2026-02-24T05:56:40.562Z"
"dgs_ecatalog-p130-c4","dgs_ecatalog","A","130","4","5","閃爍計數瓶,取樣瓶...等貨號 孔徑mm 孔數 LxWxH(mm) 價格eaAHW-HS120085AHW-HS120086AHW-HS120087AHW-HS120088AHW-HS120091252533335812(2x6)50(5x10)12(2x6)50(5x10)24(6x4)164x64x32271x145x32212x80x60355x189x60393x262x50AHW-HS120085 AHW-HS120086AHW-HS120087 AHW-HS120088AHW-HS120091彩色試管架 Nylon TarsonsRack, Test Tubes, Nylon貨號 孔徑mm 孔數 LxWxH(mm) 價格eaATS-201010_ATS-201011_ATS-201012_ATS-201013_ATS-201014_ATS-202110_ATS-202111_ATS-202112_ATS-202113_ATS-202114_131620253013162025303636201697272404024102x102x56126x126x68128x103x83122x122x75287x110x8","https://ec.dgs.com.tw/catalog/files/basic-html/page130.html","https://ec.dgs.com.tw/catalog/catalog.html#p=130","2026-02-24T05:56:40.562Z"
"dgs_ecatalog-p130-c5","dgs_ecatalog","A","130","5","5","4_131620253013162025303636201697272404024102x102x56126x126x68128x103x83122x122x75287x110x85200x102x57248x127x70250x102x83300x121x92286x110x83 ˙強化尼龍材質˙可高壓滅菌˙可放進水浴器中及冰盆內˙每種規格皆有藍(B)、綠(G)、紫紅(M)、橙(O)、紅(R) 、白(W)、黃(Y)等七色選擇˙訂購時請於貨號加註顏色區別碼A基礎實驗器材A-118 以上價格與規格僅供參考 , 請以實際報價為主 試管架","https://ec.dgs.com.tw/catalog/files/basic-html/page130.html","https://ec.dgs.com.tw/catalog/catalog.html#p=130","2026-02-24T05:56:40.562Z"
"dgs_ecatalog-p131-c1","dgs_ecatalog","A","131","1","4","彩色試管架 PP TarsonsRack, Test Tubes, PP˙PP材質製成˙每種規格皆有白(W),藍(B),黃(Y) ,紅(R)等四色選擇˙訂購時請於貨號加註顏色區別碼貨號 孔徑mm 孔數 LxWxH(mm) 價格eaATS-202010_ATS-202020_ATS-202030_ATS-202040_ATS-202050_13162025323131201812272x65x110272x65x110322x69x129322x69x129278x83x126 可換網格試管架 Bel-ArtTube Rack, Switch-Grid, POM貨號 孔徑mm 孔數 顏色 價格eaBB-187450010BB-187450012BB-187450013BB-187450014BB-187451300BB-187451600BB-187452000BB-187452500BB-18745300013202530131620253084402412423020126橙色網格+管架 綠色網格+管架 紅色網格+管架 黃色網格+管架 橙色網格 藍色網格綠色網格 紅色網格 黃色網格 由下方將網格上推 取下網格 換上其他規格","https://ec.dgs.com.tw/catalog/files/basic-html/page131.html","https://ec.dgs.com.tw/catalog/catalog.html#p=131","2026-02-24T05:56:40.562Z"
"dgs_ecatalog-p131-c2","dgs_ecatalog","A","131","2","4","02412423020126橙色網格+管架 綠色網格+管架 紅色網格+管架 黃色網格+管架 橙色網格 藍色網格綠色網格 紅色網格 黃色網格 由下方將網格上推 取下網格 換上其他規格的網格˙POM材質˙可換式網格,每個試管架可放置兩種不同尺寸的網格,並可根據需要,更換所需尺寸 ˙具橡膠腳墊,防滑穩固,可疊放˙可高溫高壓滅菌121°C,或中性洗劑,乙醇,異丙醇清洗˙管架尺寸318Lx111Wx67H/mm,網格尺寸125x100mm˙管架已含4片單一規格網格,配件網格為單片購買貨號 孔徑mm 孔數 LxWxH(mm) 價格eaBK-562BK-56020202412375x65x95190x60x80PP 試管架 KartellTest Tubes Rack, PP˙PP材質˙可耐121°C之高壓滅菌˙重量輕,堅固耐用彩色試管架 PP 經濟型Test Tubes Rack, PP˙PP材質˙可耐121度C之高壓滅菌˙可使用於水槽內,且不會漂浮˙管架邊緣有浮刻之英文字母及數字,以利試管之排列與 辨識˙每種規格皆有白,藍,紅,黃等四色選擇˙此產品需為自行組裝,隨貨附上組裝說明書˙組裝後尺寸250x105x67mm貨號 孔徑mm 孔數","https://ec.dgs.com.tw/catalog/files/basic-html/page131.html","https://ec.dgs.com.tw/catalog/catalog.html#p=131","2026-02-24T05:56:40.562Z"
"dgs_ecatalog-p131-c3","dgs_ecatalog","A","131","3","4","有浮刻之英文字母及數字,以利試管之排列與 辨識˙每種規格皆有白,藍,紅,黃等四色選擇˙此產品需為自行組裝,隨貨附上組裝說明書˙組裝後尺寸250x105x67mm貨號 孔徑mm 孔數 顏色 價格eaDP-A19891000DP-A19891001DP-A19891002DP-A19891003DP-A1989100413162025309060402421白白白白白DP-A19901000DP-A19901001DP-A19901002DP-A19901003DP-A1990100413162025309060402421紅紅紅紅紅DP-A19911000DP-A19911001DP-A19911002DP-A19911003DP-A1991100413162025309060402421藍藍藍藍藍DP-A19921000DP-A19921001DP-A19921002DP-A19921003DP-A1992100413162025309060402421黃黃黃黃黃柱型試管架 PP HeathrowTest Tubes Rack, PP˙PP材質可高壓滅菌˙適用於晾乾及存放試管,離心管等管材˙可放於水槽內,且不會漂浮˙柱型設計","https://ec.dgs.com.tw/catalog/files/basic-html/page131.html","https://ec.dgs.com.tw/catalog/catalog.html#p=131","2026-02-24T05:56:40.562Z"
"dgs_ecatalog-p131-c4","dgs_ecatalog","A","131","4","4","421黃黃黃黃黃柱型試管架 PP HeathrowTest Tubes Rack, PP˙PP材質可高壓滅菌˙適用於晾乾及存放試管,離心管等管材˙可放於水槽內,且不會漂浮˙柱型設計可清晰觀察試管內之樣本˙尺寸126x82x69mm(96孔)˙尺寸188x104x69mm(50孔)貨號 孔徑mm 孔數 支柱 價格eaAHW-HS24312BAHW-HS24311B10~1314~17965011766A基礎實驗器材以上價格與規格僅供參考 , 請以實際報價為主 A-119試管架","https://ec.dgs.com.tw/catalog/files/basic-html/page131.html","https://ec.dgs.com.tw/catalog/catalog.html#p=131","2026-02-24T05:56:40.562Z"
"dgs_ecatalog-p132-c1","dgs_ecatalog","A","132","1","4","柱型試管架 PP 活動式 台製Test Tubes Rack, PP貨號 孔數 貨品規格 支柱 價格eaDP-SG5063000DP-SG50640009696白底+白棒白底+彩棒119119˙PP材質可高壓滅菌˙適用於晾乾及存放試管,離心管等管材˙可隨意變換使用間距,不再受限不同尺寸˙可利用顏色分類使用區塊(需搭配彩色支柱)˙尺寸:底座230x100x16mm, 柱高44mm貨號 孔徑mm 孔數 尺寸mm 價格eaAHW-HS23224 60 6 205x135x104離心管架 塑鋼披覆 HeathrowTube Rack, epoxy-coated˙環氧樹脂披覆鐵線˙耐化學性高,可高溫高壓 滅菌˙可適用250mL離心管離心管架 50mL用 Heathrow1-Well 50mL Tube Rack˙PS材質離心管架可與離心管接合移動時不會分開˙環氧樹脂披覆離心管架耐化學性高,可高溫高壓滅菌˙可置放容量50mL離心管或圓底試管˙尺寸92x30mm(PS材質)˙尺寸90x67x67mm(環氧樹脂材質)貨號 顏色 材質 價格eaAHW-HS23051AHW-HS23053A黃藍環氧樹脂披覆鐵線PS 離心管架 塑鋼披覆 15mL","https://ec.dgs.com.tw/catalog/files/basic-html/page132.html","https://ec.dgs.com.tw/catalog/catalog.html#p=132","2026-02-24T05:56:40.562Z"
"dgs_ecatalog-p132-c2","dgs_ecatalog","A","132","2","4","(PS材質)˙尺寸90x67x67mm(環氧樹脂材質)貨號 顏色 材質 價格eaAHW-HS23051AHW-HS23053A黃藍環氧樹脂披覆鐵線PS 離心管架 塑鋼披覆 15mL用 HeathrowTube Rack, epoxy-coated Stell˙環氧樹脂披覆鐵線˙耐化學性高,可高溫高壓 滅菌˙可適用15mL離心管或 直徑20mm試管貨號 孔徑mm 孔數 尺寸mm 價格eaAHW-HS23215 20 15(3x5) 127x76x76 離心管架 塑鋼披覆 50mL用 HeathrowTube Rack, epoxy-coated Stell˙環氧樹脂披覆鐵線˙耐化學性高,可高溫高壓 滅菌˙可適用50mL離心管或 直徑30mm試管貨號 孔徑mm 孔數 尺寸mm 價格eaAHW-HS232461 30 8(2x4) 147x80x89 貨號 孔徑mm 孔數 適用容量mL 顏色 價格pkAHW-HS24320BAHW-HS24320PAHW-HS24318AHW-HS2431917/3017/30173021/1221/12451815/5015/501550藍粉紅紫綠Pop-Up離心管架 PP HeathrowTu","https://ec.dgs.com.tw/catalog/files/basic-html/page132.html","https://ec.dgs.com.tw/catalog/catalog.html#p=132","2026-02-24T05:56:40.562Z"
"dgs_ecatalog-p132-c3","dgs_ecatalog","A","132","3","4","-HS24318AHW-HS2431917/3017/30173021/1221/12451815/5015/501550藍粉紅紫綠Pop-Up離心管架 PP HeathrowTube Rack, Pop-Up, PP˙PP材質,但不可使用於高溫高壓滅菌˙快拆式設計,不使用時可壓縮節省2/3高度的存放空間˙間隔皆有編號易於辨識˙尺寸展開時255x137x72mm ,收合時255x137x21mm˙2ea/pk貨號 尺寸mm 顏色 價格eaAHW-HS24306 207x171x61 橙 離心管架 PP HeathrowSnap-Together Conical Tube Rack, PP˙PP材質,壓扣組合,可用於水浴器˙容量與孔數為15mLx30支, 50mLx20支˙間隔皆有編號易於辨識貨號 LxWxH(mm) 價格eaAHW-HS23271A 132x132x129 離心管保存盒 PP HeathrowCentrifuge Storage Boxes, PP˙PP材質˙適用溫度:-80℃~121℃˙每盒附贈15mL離心管專用架及50mL離心管專用架各一個˙放置架孔數為:15mLx16孔或50mLx9孔A基礎實驗器材A-","https://ec.dgs.com.tw/catalog/files/basic-html/page132.html","https://ec.dgs.com.tw/catalog/catalog.html#p=132","2026-02-24T05:56:40.562Z"
"dgs_ecatalog-p132-c4","dgs_ecatalog","A","132","4","4","oxes, PP˙PP材質˙適用溫度:-80℃~121℃˙每盒附贈15mL離心管專用架及50mL離心管專用架各一個˙放置架孔數為:15mLx16孔或50mLx9孔A基礎實驗器材A-120 以上價格與規格僅供參考 , 請以實際報價為主 離心管架","https://ec.dgs.com.tw/catalog/files/basic-html/page132.html","https://ec.dgs.com.tw/catalog/catalog.html#p=132","2026-02-24T05:56:40.562Z"
"dgs_ecatalog-p133-c1","dgs_ecatalog","A","133","1","4","離心管保存盒 PP TarsonsBoxes, Centrifuge Tube˙PP材質,可高壓滅菌˙間隔皆有編號,易於辨識˙適用於15mL及50mL塑膠離心管貨號 適用容量 孔數 LxWxH(mm) 價格eaATS-202090ATS-20210015503616145x145x130145x145x130 通用型管架 PP HeathrowUniversal Tube Rack˙PP材質,不適用高壓滅菌˙適用管徑16~30mm之離心管˙尺寸194x140x51mm貨號 描述 孔數 價格eaAHW-HS24330A 適用15~50mL離心管 12 貨號 顏色 價格pkAHW-HS29050A 藍、綠、黃、橙、粉紅/pk多功能彩色離心管架 PP HeathrowMicrotubes Rack, PP˙PP材質可低溫使用及高壓滅菌˙容量與孔數為1.5mLx16支,15mLx10支,50mLx4支,試管12mLx12支˙四面皆可放置離心管,架與架間有卡榫可連接˙尺寸108x113x113mm旋轉管架 PP HeathrowRota-Rack Tubes Rack, PP貨號 描述 LxWxH(mm) 價格eaAHW-HS2904","https://ec.dgs.com.tw/catalog/files/basic-html/page133.html","https://ec.dgs.com.tw/catalog/catalog.html#p=133","2026-02-24T05:56:40.562Z"
"dgs_ecatalog-p133-c2","dgs_ecatalog","A","133","2","4","榫可連接˙尺寸108x113x113mm旋轉管架 PP HeathrowRota-Rack Tubes Rack, PP貨號 描述 LxWxH(mm) 價格eaAHW-HS29040AAHW-HS29040B大管旋轉架小管旋轉架224x110x110210x100x100˙PP材質可低溫使用及高壓滅菌˙大管旋轉架容量與孔數為OD. 10~13mmx10支,OD.20mmx6支,15mLx8支,50mLx2支˙小管旋轉架容量與孔數為0.2mL PCR管x32支,0.5/0.6mLx12支, 1.5/2.0mLx9支,15mLx6支˙可同時使用各式離心管或試管只要轉動管架至所需位置˙每組管架包含紫藍綠黃四個顏色多功能彩色離心管架 PP TarsonsRack, Test Tubes, PP˙PP材質,可高壓滅菌˙四面皆可放置離心管˙容量與孔數30mm:50mLx8孔,20mm:20孔, 17mm:15mLx24孔,12mm:40孔 ˙尺寸200x100x96mm貨號 顏色 ea/pk/cs 價格eaATS-202080NATS-202080BATS-202080GATS-202080PATS-202080YATS-202080O","https://ec.dgs.com.tw/catalog/files/basic-html/page133.html","https://ec.dgs.com.tw/catalog/catalog.html#p=133","2026-02-24T05:56:40.562Z"
"dgs_ecatalog-p133-c3","dgs_ecatalog","A","133","3","4","x96mm貨號 顏色 ea/pk/cs 價格eaATS-202080NATS-202080BATS-202080GATS-202080PATS-202080YATS-202080O白藍綠粉紅黃橙5/45/45/45/45/45/4 貨號 顏色 價格eaDP-29022ADP-29022BDP-29022CDP-29022DDP-29022EDP-29022FDP-29022G白藍綠紫黃粉紅紅多功能彩色離心管架 PP 台製Centrifuge Tubes Rack, PP˙PP材質,使用溫度-90℃~122℃˙容量與孔數:0.5mLx32支, 1.5mLx32支,15mLx12支, 50mLx4支˙四面皆可放置離心管 ˙尺寸172x90x50mm多功能管架 HeathrowMulti Tube Racks貨號 規格 價格eaAHW-120817AHW-120818藍/透明紫/透明˙PP材質,可121°C高溫高壓滅菌˙可更換式孔架,適用於10~30mm直徑的試管離心管˙孔架可180°反轉,以適應不同的管高度˙每個管架配有6個管架,分別為13mmx20孔2個, 17mmx20孔2個, 30mmx6孔2個˙尺寸:309x107x77","https://ec.dgs.com.tw/catalog/files/basic-html/page133.html","https://ec.dgs.com.tw/catalog/catalog.html#p=133","2026-02-24T05:56:40.562Z"
"dgs_ecatalog-p133-c4","dgs_ecatalog","A","133","4","4","直徑的試管離心管˙孔架可180°反轉,以適應不同的管高度˙每個管架配有6個管架,分別為13mmx20孔2個, 17mmx20孔2個, 30mmx6孔2個˙尺寸:309x107x77mmA基礎實驗器材以上價格與規格僅供參考 , 請以實際報價為主 A-121離心管架","https://ec.dgs.com.tw/catalog/files/basic-html/page133.html","https://ec.dgs.com.tw/catalog/catalog.html#p=133","2026-02-24T05:56:40.562Z"
"dgs_ecatalog-p134-c1","dgs_ecatalog","A","134","1","3","培養管管架 HeathrowClinical 4 Way Racks貨號 顏色 價格eaAHW-120684AHW-120685AHW-120686AHW-120687藍紫綠自然色˙PP材質,可121°C下高壓滅菌˙四面皆可放置試管˙適用於所有品牌的13和17mm圓形、平底和尖底採血管和培養管˙管架底部具凹槽,讓試管放置更穩固,也防止試管穿過管架˙均勻分佈的孔洞有助於消除移液誤差,從而獲得更準確的結果˙架子可用於水浴並放置在冰箱中˙六向連接,以任何方向端對端或併排連接不同或相同的孔尺寸˙容量與孔數A面13mm12孔,B面13mm18孔,C面17mm 12孔,D面17mm18孔˙尺寸232x70x95/mm貨號 顏色 價格eaBK-56303BK-56304BK-56306BK-56310白藍黃紅 彩色微量離心管架 KartellMicrotubes Rack, PP˙PP材質,可高溫高壓滅菌˙雙層式設計,可放1.5mL微量離心管100支,四種顏色可供選擇˙放置水浴器或冷凍櫃內使用 ˙尺寸263x110x45mm彩色微量離心管架 20孔架 HeathrowMicrotubes Rack, PP˙PP材質可低溫使用及高壓滅菌˙孔","https://ec.dgs.com.tw/catalog/files/basic-html/page134.html","https://ec.dgs.com.tw/catalog/catalog.html#p=134","2026-02-24T05:56:40.562Z"
"dgs_ecatalog-p134-c2","dgs_ecatalog","A","134","2","3","供選擇˙放置水浴器或冷凍櫃內使用 ˙尺寸263x110x45mm彩色微量離心管架 20孔架 HeathrowMicrotubes Rack, PP˙PP材質可低溫使用及高壓滅菌˙孔數與容量為1.5~2.0mlx20支˙架與架間有卡榫可連接,孔前皆有編號便於讀取˙尺寸213x90x50/mm貨號 顏色 ea/pk 價格eaAHW-HS4284A 藍 6 貨號 顏色 價格eaDP-29025ADP-29025BDP-29025CDP-29025DDP-29025E白藍綠橘紅黃彩色微量離心管架 PP 台製Microtubes Rack, PP˙PP材質可低溫使用及高壓滅菌˙兩面式,一面孔數與容量為1.5~2.0mLx80支,另一面為0.2mLx60支˙尺寸225x67x28mm貨號 顏色 價格eaAHW-HS2345BAHW-HS2345CAHW-HS2345DAHW-HS2345EAHW-HS2345F白藍綠粉紅黃 微量離心管架 96孔 PP Heathrow96-Well Reversible Rack, PP˙PP材質˙二面式,容量與孔數為0.5mLx96支,另一面可放1.5~2.0 mLx96支˙蓋子可拆下,換至所需蓋起的","https://ec.dgs.com.tw/catalog/files/basic-html/page134.html","https://ec.dgs.com.tw/catalog/catalog.html#p=134","2026-02-24T05:56:40.562Z"
"dgs_ecatalog-p134-c3","dgs_ecatalog","A","134","3","3","hrow96-Well Reversible Rack, PP˙PP材質˙二面式,容量與孔數為0.5mLx96支,另一面可放1.5~2.0 mLx96支˙蓋子可拆下,換至所需蓋起的離心管放置面˙尺寸246x121x50mmAHW-HS2132A貨號 顏色 孔數 LxWxH(mm) 價格eaAHW-HS2132AAHW-HS2134A白白4x420102x102x60Ø98 離心管架 PP HeathrowFloating Microtube Rack, PP˙PP材質˙可置於恆溫水槽或培養箱使用˙適用於1.5~2.0mL離心管AHW-HS2134AA基礎實驗器材A-122 以上價格與規格僅供參考 , 請以實際報價為主 離心管架","https://ec.dgs.com.tw/catalog/files/basic-html/page134.html","https://ec.dgs.com.tw/catalog/catalog.html#p=134","2026-02-24T05:56:40.562Z"
"dgs_ecatalog-p135-c1","dgs_ecatalog","A","135","1","3","微量離心管架 PP TarsonsRack, Microtube, Floating, PP˙PP材質,可高壓滅菌˙可置於恆溫水槽或培養箱使用˙適用於1.5mL微量離心管貨號 孔數 LxWxH(mm) ea/pk/cs 價格eaATS-240000ATS-24004016895x95x80Ø65x754/44/4 96孔兩用操作架 SmartGene96-Well Reversible Rack˙可放96支1.5mL&2mL微量離心管或螺蓋管˙孔跟孔間距較寬；拿取及操作方便˙附透明上蓋˙可操作實驗溫度-90℃~121℃˙依據不同用途插上活動支柱(選購),變成晾乾架或其他尺寸試管架貨號 描述 ea/cs 價格DP-VIO2500NDP-VIO2500BDP-VIO2500GDP-VIO2500RDP-VIO2500YDP-VIO251000自然色藍綠紅色黃色支柱 100ea/pk2020202020離心管漂浮墊 HeathrowRound Fleating Tube Rack˙HDPE發泡樹脂製成,可漂浮於液面,用於維持離心管之溫度˙建議使用溫度-50~80℃˙每包(pk)5個˙最小訂購量1pk貨號 孔數 容量mL 顏色 價格","https://ec.dgs.com.tw/catalog/files/basic-html/page135.html","https://ec.dgs.com.tw/catalog/catalog.html#p=135","2026-02-24T05:56:40.562Z"
"dgs_ecatalog-p135-c2","dgs_ecatalog","A","135","2","3","ing Tube Rack˙HDPE發泡樹脂製成,可漂浮於液面,用於維持離心管之溫度˙建議使用溫度-50~80℃˙每包(pk)5個˙最小訂購量1pk貨號 孔數 容量mL 顏色 價格pkAHW-HS2166AHW-HS2165AAHW-HS2165BAHW-HS2165C1848240.2~2.050151.5~2.0藍綠藍黃AHW-HS2165A AHW-HS2165BAHW-HS2166AHW-HS2165C樣品運輸箱 HeathrowSample Transport Box˙聚碳酸酯PC材質˙矽膠防水密封和三個蓋子扣確保安全閉合˙提把可折疊到身體空間中,以便運輸箱堆疊起來˙蓋子可打開180°,方便取放物品及清潔,提供隔板可變更隔間尺寸˙尺寸:380mmx196mmx160mm貨號 顏色 價格eaAHW-120052AHW-120077AHW-120078透明紅黃方型冰盆 TarsonsIce Insulated Lab Pan˙PU發泡一體成型˙質輕耐⽤,保溫效果 良好,適用於液態氮, 碎冰及丙酮貨號 容量L 顏色 LxWxH(mm) 價格eaATS-525120BATS-525120BKATS-525120GATS-5","https://ec.dgs.com.tw/catalog/files/basic-html/page135.html","https://ec.dgs.com.tw/catalog/catalog.html#p=135","2026-02-24T05:56:40.562Z"
"dgs_ecatalog-p135-c3","dgs_ecatalog","A","135","3","3","˙質輕耐⽤,保溫效果 良好,適用於液態氮, 碎冰及丙酮貨號 容量L 顏色 LxWxH(mm) 價格eaATS-525120BATS-525120BKATS-525120GATS-525120R1111藍黑綠紅175x175x100175x175x100175x175x100175x175x100圓型冰桶 台製Ice Bucket˙PVC發泡一體成型˙質輕耐⽤,保溫效果 良好,可儲放碎冰˙附蓋貨號 容量L 顏色 ØxH(mm) 價格eaDP-23001DP-23004DP-23005444黑綠黃250x170250x170250x170方型冰桶 台製Ice Bucket˙PVC 發泡一體成型˙質輕耐⽤,保溫效果 良好,可儲放碎冰貨號 容量L 顏色 頂端LxWxH(mm) 價格eaDP-240011DP-240014DP-240015DP-240021DP-240024DP-240025999444黑綠黃黑綠黃450x400x130450x400x130450x400x130310x220x130310x220x130310x220x130A基礎實驗器材以上價格與規格僅供參考 , 請以實際報價為主 A-123冰桶","https://ec.dgs.com.tw/catalog/files/basic-html/page135.html","https://ec.dgs.com.tw/catalog/catalog.html#p=135","2026-02-24T05:56:40.562Z"
"dgs_ecatalog-p136-c1","dgs_ecatalog","A","136","1","3","PCR管架 32孔 PP Heathrow32-Well PCR Rack, PP˙PP材質,可 121°C高溫高壓 滅菌˙容量與孔數為0.2mLx32支˙可放置單支0.2mL PCR管 或8連排PCR管˙可用於-80°C的冷凍儲存貨號 顏色 ea/pk 價格pkAHW-120889 藍 10PCR管架 96孔 PP Heathrow96-Well PCR Rack, PP˙PP材質˙容量與孔數為0.2mLx96支˙可放置單支0.2mL PCR管或8連排,12連排PCR管˙尺寸130x98x33mm貨號 顏色 價格eaAHW-HS23461BAHW-HS23461CAHW-HS23461D白藍綠PCR旋轉架 PP HeathrowRota-Rack PCR Rack, PP貨號 LxWxH(mm) 價格eaAHW-HS29041A 296x118x34˙PP材質,可低溫使用及高壓滅菌121℃˙適用0.2、0.5、1.5mL微量離心管˙藍色部分的容量與孔數為0.2mLx48孔&1.5mLx48孔˙紫色部分的容量與孔數為0.5mLx48孔&1.5mLx48孔PCR冷凍盒 HeathrowPCR Coller, 96 Well ˙","https://ec.dgs.com.tw/catalog/files/basic-html/page136.html","https://ec.dgs.com.tw/catalog/catalog.html#p=136","2026-02-24T05:56:40.562Z"
"dgs_ecatalog-p136-c2","dgs_ecatalog","A","136","2","3","與孔數為0.2mLx48孔&1.5mLx48孔˙紫色部分的容量與孔數為0.5mLx48孔&1.5mLx48孔PCR冷凍盒 HeathrowPCR Coller, 96 Well ˙PP材質盒體,PC透明盒蓋˙新式設計在冰箱中冷卻更快,在操作時溫度保持更長時間˙放置-20°C冰箱預冷兩小時,取出後可保持樣品溫度 0°C一小時,低於 5°C 長達三個小時(需蓋上上蓋)˙當溫度超過 6°C 時,樣品盒會變色來提醒超溫˙具格線標示,方便識別對照˙適用於各式PCR管,如單支,8連排或96孔PCR盤˙專利上蓋可以在冷凍室中更快地冷卻樣品,並可180°翻轉當作管盒放置架貨號 描述 溫度(℃) 存放溫度時間 LxWxH(mm) ea/pk 價格AHW-120727AHW-120728AHW-120729超溫為粉色,低溫為紫色超溫為淺藍,低溫為深藍粉色淺藍兩色入 2ea/pk-20-20-205°C以下3小時5°C以下3小時5°C以下3小時148x110x48148x110x48148x110x48222PCR管架 PP HeathrowReversible PCR Rack˙PP材質˙可放置單支PCR管或 8連排,12連排PCR管˙二面式,","https://ec.dgs.com.tw/catalog/files/basic-html/page136.html","https://ec.dgs.com.tw/catalog/catalog.html#p=136","2026-02-24T05:56:40.562Z"
"dgs_ecatalog-p136-c3","dgs_ecatalog","A","136","3","3","x110x48148x110x48222PCR管架 PP HeathrowReversible PCR Rack˙PP材質˙可放置單支PCR管或 8連排,12連排PCR管˙二面式,孔數與容量為 0.2mLx168支,1.5mL x12支,另一面可放0.5mLx40支,1.5mLx12支˙蓋子可拆下,換至所需蓋起的PCR管放置面˙尺寸206x131x54mm貨號 描述 價格pkAHW-HS2344A 藍、綠、粉紅、黃、橙/組低溫PCR管架 HeathrowLow Temperature Pcr Racks˙聚碳酸酯PC材質˙蓋子可以右手或左手方向使用,並可拆卸˙蓋子可180°反轉至底部,當成支架˙側面開口可以更快冷卻樣品˙可堆疊設計節省空間˙具有字母數字識別功能,可快速定位和檢索管子˙可用於-80°C的冷凍儲存˙適用於單一或條狀的0.2mL PCR管˙不可121°C高溫高壓滅菌˙尺寸:125x92x37mm貨號 規格 價格eaAHW-120539AHW-120540AHW-120541藍綠紫A基礎實驗器材A-124 以上價格與規格僅供參考 , 請以實際報價為主 PCR管架","https://ec.dgs.com.tw/catalog/files/basic-html/page136.html","https://ec.dgs.com.tw/catalog/catalog.html#p=136","2026-02-24T05:56:40.562Z"
"dgs_ecatalog-p137-c1","dgs_ecatalog","A","137","1","3","˙PP材質,分離式盒蓋,適用冷凍紙盒架˙可儲存1.5~2mL微量離心管81支˙尺寸130x130x47mm˙適用溫度:-90~122℃貨號 顏色 價格eaDP-23255ADP-23255BDP-23255CDP-23255DDP-23255E白藍綠紫黃微量離心管盒 81孔 PP 台製81-Well Microtube Storage Boxes,PP微量離心管附蓋防輻射盒台製Solid Block with Cover˙壓克力製貨號 孔數 排列 LxWxH(mm) 價格eaDV-SB01DV-SB02DV-SB03DV-SB041410241x12x22x54x640x40x7060x60x70120x60x70120x120x70選購配件塑膠冷凍盒 PC HeathrowCryoBoxe, PC ˙PC材質耐溫-196℃~+121℃,可高溫高壓滅菌,液態氮使用˙用於儲存冷凍小瓶使用˙81孔以上的冷凍盒附有冷凍盒拉取孔及冷凍盒專用夾方便從冷凍架中取出,冷凍盒專用夾為選購配件˙購買整組有附冷凍盒專用夾貨號 冷凍小瓶 孔數 顏色 LxWxH(mm) ea/pk 價格AHW-HS23325AAHW-HS23381BAHW-HS2","https://ec.dgs.com.tw/catalog/files/basic-html/page137.html","https://ec.dgs.com.tw/catalog/catalog.html#p=137","2026-02-24T05:56:40.562Z"
"dgs_ecatalog-p137-c2","dgs_ecatalog","A","137","2","3","取出,冷凍盒專用夾為選購配件˙購買整組有附冷凍盒專用夾貨號 冷凍小瓶 孔數 顏色 LxWxH(mm) ea/pk 價格AHW-HS23325AAHW-HS23381BAHW-HS23381CAHW-HS23300D1.2/2.0mL1.2/2.0mL3.0/5.0mL1.2/2.0mL258181100紅綠、藍、紫、紅/組紫藍76x76x53133x133x53133x133x96133x133x538454貨號 描述 價格eaAHW-HS15998C 冷凍盒專用夾ABS材質 L:111mm 塑膠冷凍盒 PC TarsonsCryoBoxes, PC˙PC材質,耐溫-196~121℃,可 高壓滅菌˙用於儲存冷凍小瓶使用˙每種規格皆有白(W).紅(R).黃(Y) .綠(G).藍(B).橙(O)等六色選擇˙訂購時請於貨號加註顏色區別碼貨號 孔數 LxWxH(mm) 價格eaATS-524000_ATS-524010_ATS-524020_258110076x76x51133x133x52133x133x52 塑膠冷凍盒 PP TarsonsCryoBoxes, PP˙PP材料製成，可高壓滅菌˙可在 - 90°C 的溫度下儲存˙適","https://ec.dgs.com.tw/catalog/files/basic-html/page137.html","https://ec.dgs.com.tw/catalog/catalog.html#p=137","2026-02-24T05:56:40.562Z"
"dgs_ecatalog-p137-c3","dgs_ecatalog","A","137","3","3","76x76x51133x133x52133x133x52 塑膠冷凍盒 PP TarsonsCryoBoxes, PP˙PP材料製成，可高壓滅菌˙可在 - 90°C 的溫度下儲存˙適用於1.0mL和1.8mL冷凍小瓶及1.5mL和2.0mL微量離心管˙盒子適用於各種冷凍架˙每種規格皆有半透明(N).藍(B). 黃(Y).橙(O).紫(PR).綠(G). 黑(BK)等七色選擇˙訂購時請於貨號加註顏色區別碼貨號 孔數 LxWxH(mm) 價格eaATS-202060_ATS-212060_ATS-202070_508110073x140x59129x129x57141x141x58 A基礎實驗器材以上價格與規格僅供參考 , 請以實際報價為主 A-125冷凍盒","https://ec.dgs.com.tw/catalog/files/basic-html/page137.html","https://ec.dgs.com.tw/catalog/catalog.html#p=137","2026-02-24T05:56:40.562Z"
"dgs_ecatalog-p138-c1","dgs_ecatalog","A","138","1","4","離心管冷凍盒 PPHeathrowFreezer boxes, for Centrifuge˙PP材質,不可高溫高壓滅菌,耐用防潮,耐溫-80℃˙容易組合,組合前平整包裝,節省儲存空間˙內含分隔片˙10ea/pk貨號 孔徑mm孔數 容量mLLxWxH(mm) 價格pkAHW-HS120392 19.8 36 15 藍145x147x120˙防潮紙製成,可置於冰箱,冷凍櫃使用˙可放置冷凍小瓶或取樣瓶˙接受特殊尺寸規格的訂作貨號 孔數 適用瓶徑mm LxWxH(mm) 價格eaDP-63001DP-63002DP-6300381100100121215135x135x50135x135x50180x180x55冷凍紙盒 台製Cryostore Poly-Coated Chipboard Box迷你冷凍盒 PC HeathrowMini coolers, PC貨號 容量mL 孔數 上蓋 溫度(℃) 存放溫度時間 LxWxH(mm) 顏色 價格eaAHW-HS120070AHW-HS120071AHW-HS120072AHW-HS120073AHW-HS120074AHW-HS120075AHW-HS1200760.5~20.5~2","https://ec.dgs.com.tw/catalog/files/basic-html/page138.html","https://ec.dgs.com.tw/catalog/catalog.html#p=138","2026-02-24T05:56:40.562Z"
"dgs_ecatalog-p138-c2","dgs_ecatalog","A","138","2","4","HS120070AHW-HS120071AHW-HS120072AHW-HS120073AHW-HS120074AHW-HS120075AHW-HS1200760.5~20.5~20.5~20.5~20.5~20.5~20.212(3x4)32(4x8)32(4x8)12(3x4)32(4x8)32(4x8)96(8X12)透明透明白色 填充保溫膠透明透明白色 填充保溫膠透明000-20-20-20-201℃ 以下 3小時1℃ 以下 2小時1℃ 以下 5小時-15℃ 以下 1小時-15℃ 以下 1小時-15℃ 以下 1小時-15℃ 以下 2小時145x105x100245x105x100245x105x100145x105x100245x105x100245x105x100225x165x110綠綠綠藍藍藍藍 AHW-HS120070 AHW-HS120071 AHW-HS120073 AHW-HS120075 AHW-HS120076˙PC材質盒體,底部橡皮防滑腳墊防止滑動˙盒內夾層填滿絕緣保溫膠體,使對溫度敏感的樣品於冰箱儲存或在實驗桌上操作時能有效保持溫度穩定˙上蓋具格線標示,方便識別對照˙0.5-2mL冷凍盒內附0.","https://ec.dgs.com.tw/catalog/files/basic-html/page138.html","https://ec.dgs.com.tw/catalog/catalog.html#p=138","2026-02-24T05:56:40.562Z"
"dgs_ecatalog-p138-c3","dgs_ecatalog","A","138","3","4","體,底部橡皮防滑腳墊防止滑動˙盒內夾層填滿絕緣保溫膠體,使對溫度敏感的樣品於冰箱儲存或在實驗桌上操作時能有效保持溫度穩定˙上蓋具格線標示,方便識別對照˙0.5-2mL冷凍盒內附0.5mL離心管轉換頭冷凍盒架 PC TarsonsRack, for CryoBox˙PC材質,可高壓滅菌˙用於儲存PC冷凍盒˙垂直結構可節省空間貨號 LxWxH/mm 層數 價格eaATS-524031ATS-524034140x140x300140x140x60048 冷凍紙盒架 台製Cryo Boxes Rack˙不鏽鋼製˙CBR04/09/10為大冷凍紙盒用,其餘為小紙盒用˙規格可訂做貨號 LxWxH(ｍm) WxH(層) 價格eaD82V-CBR01D82V-CBR02D82V-CBR03D82V-CBR04D82V-CBR05D82V-CBR06D82V-CBR07D82V-CBR08D82V-CBR09D82V-CBR10145x145x425145x145x550145x145x670190x190x600140x440x235140x440x280140x560x235140x560x280190x380x250190x570x18","https://ec.dgs.com.tw/catalog/files/basic-html/page138.html","https://ec.dgs.com.tw/catalog/catalog.html#p=138","2026-02-24T05:56:40.562Z"
"dgs_ecatalog-p138-c4","dgs_ecatalog","A","138","4","4","550145x145x670190x190x600140x440x235140x440x280140x560x235140x560x280190x380x250190x570x1857層直式9層直式11層直式10層直式3x4卧式3x5卧式4x4卧式4x5卧式2x4卧式3x3卧式A基礎實驗器材A-126 以上價格與規格僅供參考 , 請以實際報價為主 冷凍盒","https://ec.dgs.com.tw/catalog/files/basic-html/page138.html","https://ec.dgs.com.tw/catalog/catalog.html#p=138","2026-02-24T05:56:40.562Z"
"dgs_ecatalog-p139-c1","dgs_ecatalog","A","139","1","3","貨號 容量mL 孔數 LxWxH/mm 價格eaATS-525030ATS-526030ATS-526040ATS-525060ATS-5251101.51.51.51.50.21232203296151x108x125243x157x146151x108x125243x157x146151x108x125 ˙PC及無毒凝膠製成˙使樣品不受溫度波動˙使用前需先在-20°C至-25°C下冷凍24小時˙ATS-525060上蓋填充保溫凝膠,ATS-525110適用於0.2mL PCR管迷你冷凍盒 PC TarsonsMini Cooler, PC冷凍盒 PC TarsonsCryo 1° Freezing Container, PC˙PC瓶身,PE上蓋 ˙使用100%純度的異丙醇放入冷凍櫃中可以每分鐘下降1℃的溫度來穩定降溫˙內部有固定架,防止丙醇污染冷凍瓶˙應用於細胞快速冷凍保存和回復˙使用冷凍小瓶規格1mL,1.8mL貨號 孔數 ØxH(mm) 價格eaATS-525000 18 86x117 冷凍小瓶/血清瓶夾 PP HeathrowVial Grippers貨號 規格 尺寸mm 價格bxAHW-120908AHW-120","https://ec.dgs.com.tw/catalog/files/basic-html/page139.html","https://ec.dgs.com.tw/catalog/catalog.html#p=139","2026-02-24T05:56:40.562Z"
"dgs_ecatalog-p139-c2","dgs_ecatalog","A","139","2","3","格eaATS-525000 18 86x117 冷凍小瓶/血清瓶夾 PP HeathrowVial Grippers貨號 規格 尺寸mm 價格bxAHW-120908AHW-120909冷凍小瓶用疫苗瓶用15.2x22.8x14220.3x35.6x152˙PP材質,可121°C高溫高壓滅菌˙專門設計用於透過瓶蓋夾取冷凍小瓶和血清瓶˙每盒5支, 紅、藍、綠、紫、黃 每色各一支冷凍小瓶架 PC HeathrowCryogenic Vials Holders, PC˙PC材質˙耐溫121℃可高溫高壓滅菌及冷凍使用˙孔內有卡榫可固定冷凍小瓶貨號 顏色 孔數 價格eaAHW-HS23229B 藍 50 器材滅菌罐 PP SmartGeneEquipment sterilization tank˙PP材質 ˙適合放置各式實驗器材滅菌儲存用,如微量離心管,吸管尖˙容量約930mL˙滅菌時,請勿蓋上上蓋,避免變形貨號 容量mL ea/cs 價格eaDP-SG5080000 930 30不鏽鋼培養皿消毒罐 台製Petri Dishes Sterilizing Box˙SUS304不鏽鋼製˙可放10只貨號 規格 價格eaD8AA-60002","https://ec.dgs.com.tw/catalog/files/basic-html/page139.html","https://ec.dgs.com.tw/catalog/catalog.html#p=139","2026-02-24T05:56:40.562Z"
"dgs_ecatalog-p139-c3","dgs_ecatalog","A","139","3","3","80000 930 30不鏽鋼培養皿消毒罐 台製Petri Dishes Sterilizing Box˙SUS304不鏽鋼製˙可放10只貨號 規格 價格eaD8AA-60002 10cm 用 不鏽鋼培養皿架 台製Petri Dish Rack˙不鏽鋼線電鍍製成˙可高壓滅菌˙每孔可放10只10cm培養皿貨號 規格 價格eaD8AE-62001D8AE-62002D8AE-62003D8AE-62004D8AE-62006單孔雙孔3孔4孔6孔A基礎實驗器材以上價格與規格僅供參考 , 請以實際報價為主 A-127冷凍小瓶架","https://ec.dgs.com.tw/catalog/files/basic-html/page139.html","https://ec.dgs.com.tw/catalog/catalog.html#p=139","2026-02-24T05:56:40.562Z"
"dgs_ecatalog-p140-c1","dgs_ecatalog","A","140","1","3","不鏽鋼線網籃台製S.S. Autoclave Basket, Cylinder˙不鏽鋼線電鍍防鏽˙可依需求訂製貨號 ØxH(mm) 價格eaD85E-58001D85E-58002D85E-58003D85E-58004D85E-58005D85E-58006200x150200x200250x150250x200300x150300x200 不鏽鋼線網籃 台製S.S. Autoclave Basket, Cube˙不鏽鋼線電鍍防鏽˙可依需求訂製貨號 LxWxH(mm) 價格eaD85E-59001D85E-59002D85E-59003D85E-59004D85E-59005D85E-59006200x200x150200x200x200300x200x150300x200x200300x300x150300x300x200萬用間隔盤 PVC KartellCompartment Tray, PVC˙PVC材質˙有九槽可置放直徑小於22mm的小Vial或吸管 貨號 規格 LxWxH(mm) 價格eaBK-952 9槽 355x300x42 萬用分隔盤 PS HeathrowDrawer Organizerseep Tray","https://ec.dgs.com.tw/catalog/files/basic-html/page140.html","https://ec.dgs.com.tw/catalog/catalog.html#p=140","2026-02-24T05:56:40.562Z"
"dgs_ecatalog-p140-c2","dgs_ecatalog","A","140","2","3","ial或吸管 貨號 規格 LxWxH(mm) 價格eaBK-952 9槽 355x300x42 萬用分隔盤 PS HeathrowDrawer Organizerseep Tray ˙PS材質˙可放置各式微小的實驗耗材˙可放至於抽屜內使用˙尺寸430x80mm二格+430x110mm一格貨號 規格 LxWxH(mm) 價格eaAHW-HS2538A 3槽 460x307x63 實驗耗材存放盒 HeathrowWorkstation Storage Bin˙壓克力材質˙可放置微量離心管等耗材˙底部有防滑墊貨號 規格 LxWxH(mm) 價格eaAHW-HS23411AHW-HS23412綠色 雙槽藍色 單槽180x155x165155x155x170實驗耗材存放盒 PP Heathrow Workstation Dispensing Bins貨號 規格 LxWxH(mm) 價格eaAHW-HS23401AHW-HS23402AHW-HS23403AHW-HS23404單槽雙槽三槽四槽180x175x235139x160x368210x155x212278x158x217˙PP壓克力材質 ˙可放置各式微小的耗材˙底部有防滑墊 ˙","https://ec.dgs.com.tw/catalog/files/basic-html/page140.html","https://ec.dgs.com.tw/catalog/catalog.html#p=140","2026-02-24T05:56:40.562Z"
"dgs_ecatalog-p140-c3","dgs_ecatalog","A","140","3","3","W-HS23404單槽雙槽三槽四槽180x175x235139x160x368210x155x212278x158x217˙PP壓克力材質 ˙可放置各式微小的耗材˙底部有防滑墊 ˙皆有上蓋貨號 描述 價格eaBK-569BK-8569BK-8570BK-570本體330x175x180(mm)安全扣安全膠墊不銹鋼支架145x322x60(mm)˙PC材質,可高壓滅菌˙為試管,樣品袋,痰盒等樣品運送之安全盒˙高透明度可直視盒內樣品是否有洩漏情形˙蓋子上印製生物危害性標誌˙安全扣可防止箱子掉落時意外開箱˙不銹鋼支架可放置150mL樣品瓶10個及Φ25xh90/mm 取樣瓶4個(選購)˙蓋子附安全膠墊達到密封效果生物安全盒 PC Kartell Safety BoxA基礎實驗器材A-128 以上價格與規格僅供參考 , 請以實際報價為主 不鏽鋼線網籃","https://ec.dgs.com.tw/catalog/files/basic-html/page140.html","https://ec.dgs.com.tw/catalog/catalog.html#p=140","2026-02-24T05:56:40.562Z"
"dgs_ecatalog-p141-c1","dgs_ecatalog","A","141","1","3","實驗器具提籃 PP TarsonsUtility Carrier, PP˙PP材質可高壓滅菌˙適用於盛裝玻璃器皿.樣品或工具˙帶有分隔及手柄貨號 LxWxH(mm) ea/cs 價格eaATS-240080 380x240x115 6滅菌盆 PP TarsonsTray, Sterilizing, PP˙PP材質,可高壓滅菌˙適用於盛裝物件乾燥或滅菌貨號 LxWxH(mm) ea/cs 價格eaATS-242000ATS-242010ATS-240070ATS-240090320x260x70320x260x100360x310x130540x435x1306666坩堝夾 台製Crucible Tong ˙不鏽鋼製˙可夾各尺寸之坩堝貨號 L(mm) 價格eaD86A-40020D86A-40030D86A-40040D86A-40050D86A-40060200300400500600 坩堝夾 經濟型Crucible Tong ˙鐵電鍍˙可夾各尺寸之坩堝貨號 L(mm) 價格eaD86-40020D86-40030D86-40040D86-40050D86-40060200300400500600 三角燒瓶夾 台製Flask","https://ec.dgs.com.tw/catalog/files/basic-html/page141.html","https://ec.dgs.com.tw/catalog/catalog.html#p=141","2026-02-24T05:56:40.562Z"
"dgs_ecatalog-p141-c2","dgs_ecatalog","A","141","2","3","之坩堝貨號 L(mm) 價格eaD86-40020D86-40030D86-40040D86-40050D86-40060200300400500600 三角燒瓶夾 台製Flask Tong ˙不鏽鋼製˙可夾各式燒瓶貨號 L(mm) 價格eaD86A-41000 340 燒杯夾 台製Beaker Tong ˙不鏽鋼製˙可夾1000mL以下之燒杯貨號 L(mm) 價格eaD86A-10000 340 彈簧線試管夾 台製Test Tube Gripper ˙金屬彈簧線材質,彈性佳˙最大可夾直徑40mm之試管貨號 夾幅mm L(mm) 價格eaD86A-46000 40 145 金屬製試管夾 經濟型Test Tube Gripper ˙金屬材質,彈性佳˙最大可夾直徑40mm之試管貨號 夾幅mm L(mm) 價格eaD86-46000 40 145 木製試管夾 台製Test Tube Gripper ˙木製,輕巧方便使用˙可夾直徑13~18/mm試管貨號 夾幅mm L(mm) 價格eaD86C-47000 13~18 180反應槽夾 台製Clamp Jaw for Reaction Flask ˙不鏽鋼線製貨號 規格 價格eaD86","https://ec.dgs.com.tw/catalog/files/basic-html/page141.html","https://ec.dgs.com.tw/catalog/catalog.html#p=141","2026-02-24T05:56:40.562Z"
"dgs_ecatalog-p141-c3","dgs_ecatalog","A","141","3","3","夾幅mm L(mm) 價格eaD86C-47000 13~18 180反應槽夾 台製Clamp Jaw for Reaction Flask ˙不鏽鋼線製貨號 規格 價格eaD86S-45003 小, 500mL反應槽用 反應槽夾 台製Clamp Jaw for Reaction Flask ˙不鏽鋼製˙夾端有橡膠防滑墊貨號 規格 價格eaD86A-45000 螺旋夾式A基礎實驗器材以上價格與規格僅供參考 , 請以實際報價為主 A-129坩堝夾","https://ec.dgs.com.tw/catalog/files/basic-html/page141.html","https://ec.dgs.com.tw/catalog/catalog.html#p=141","2026-02-24T05:56:40.562Z"
"dgs_ecatalog-p142-c1","dgs_ecatalog","A","142","1","3","橡皮管夾 大管徑用 台製Rubber Tubing Clamp˙銅製電鍍˙調整螺帽來控制橡皮管流量˙可夾外徑24mm以下的橡皮管貨號 夾幅mm WxH(mm) 價格eaD86A-37000 0~24 37x33橡皮管夾 台製Rubber Tubing Clamp˙銅製電鍍˙調整螺帽來控制橡皮管流量˙可夾外徑14mm以下的橡皮管貨號 夾幅mm WxH(mm) 價格eaD86A-39000 0~12 16x21 貨號 適用最大管徑mm 價格eaAU-86190105AU-86190155AU-86190205101520 管路夾 burkleHose clamp stop-it˙易扣式管卡設計˙可快速打開或關閉管路夾,不須再重複調整螺栓˙藍色管卡PVDF材質,可耐溫140℃˙管夾為鐵鍍鋅材質,螺栓為鋁材質˙調整範圍為0~10mm,15mm,20mm三種規格使用方式1 23 4塑膠螺旋管路夾 Bel-ArtClamp, Tubing, Nylon˙Nylon塑膠材質製成˙耐化性良好,壽命長˙最大夾幅6.4mm貨號 夾幅mm 價格eaBB-182250000 6.4塑膠螺旋強力管路夾 Bel-ArtClamp, Tubing, AC","https://ec.dgs.com.tw/catalog/files/basic-html/page142.html","https://ec.dgs.com.tw/catalog/catalog.html#p=142","2026-02-24T05:56:40.562Z"
"dgs_ecatalog-p142-c2","dgs_ecatalog","A","142","2","3","on塑膠材質製成˙耐化性良好,壽命長˙最大夾幅6.4mm貨號 夾幅mm 價格eaBB-182250000 6.4塑膠螺旋強力管路夾 Bel-ArtClamp, Tubing, ACETAL˙ACETAL乙縮醛塑膠材質製成˙耐化性良好,壽命長˙最大夾幅14mm˙可高壓滅菌121℃貨號 夾幅mm 價格eaBB-182120000 14流量控制管路夾 Dynalon/Bel-ArtClamp with Flow Control˙ACETAL塑膠製˙迷你型為單一控制位,只控 制管路開與關貨號 規格 廠牌 價格eaBC-670715BC-670755BB-182290000迷你型/6 mm以下用12個控制位/3.2~11mm12個控制位/19mmDynalonDynalonBel-Art橡皮管夾 彈簧式 台製Rubber Tubing Clamp˙鐵製電鍍,彈性佳˙彈簧式設計,單手即可操作貨號 價格eaD86A-48000橡皮管夾 彈簧式 經濟型Rubber Tubing Clamp˙金屬材質,彈性佳˙彈簧式設計,單手即可操作貨號 價格eaD86-48000 管路夾 塑膠彈簧式 Bel-ArtClamp, Tubing, Spring","https://ec.dgs.com.tw/catalog/files/basic-html/page142.html","https://ec.dgs.com.tw/catalog/catalog.html#p=142","2026-02-24T05:56:40.562Z"
"dgs_ecatalog-p142-c3","dgs_ecatalog","A","142","3","3","Tubing Clamp˙金屬材質,彈性佳˙彈簧式設計,單手即可操作貨號 價格eaD86-48000 管路夾 塑膠彈簧式 Bel-ArtClamp, Tubing, Spring Style, ACETAL˙ACETAL乙縮醛塑膠搭配不鏽鋼材質製成˙耐化性良好,壽命長˙適合各式軟管貨號 夾幅mm 價格eaBB-182130000BB-182140000812A基礎實驗器材A-130 以上價格與規格僅供參考 , 請以實際報價為主 管路夾","https://ec.dgs.com.tw/catalog/files/basic-html/page142.html","https://ec.dgs.com.tw/catalog/catalog.html#p=142","2026-02-24T05:56:40.562Z"
"dgs_ecatalog-p143-c1","dgs_ecatalog","A","143","1","3","薄管用管路夾 Bel-ArtClamp, Tubing, Acetal˙ACETAL塑膠材質製成˙使用方便,單手即可操作˙可夾厚度1/32\,外徑13mm以下的軟管˙可高溫高壓121℃滅菌貨號 夾幅mm 長度mm 價格eaBB-182180000 13 59管路固定夾 PP Bel-ArtTubing Holder for Beakers, PP˙PP材質˙使用燒杯或容器上,可安全穩固的支撐住管路˙適用外徑9.5mm以內之管路˙適用容器厚度以1/4\˙可高溫高壓滅菌121°C貨號 描述 價格eaBB-182350000 管路用 L:51mm 孔徑9.5mm 微量離心管防爆夾 PP 台製Clamp, holder Microtube 貨號 描述 價格pkDP-SG5111810 適用於1.5mL微量離心管˙PP材質˙扣於微量離心管上,可防止離心管離心時管蓋爆開˙上端手柄方便離心管於離心機中放置或取出˙圖中離心管架及離心管為選購品˙每包100個磨砂接頭夾SYNTHWAREClips, Standard Joint˙適用於直型磨砂接頭˙裝卸方便,不傷玻璃表面˙塑料材質有不同規格顏色,利於辨識使用貨號 材質 規格 價格eaASG-C","https://ec.dgs.com.tw/catalog/files/basic-html/page143.html","https://ec.dgs.com.tw/catalog/catalog.html#p=143","2026-02-24T05:56:40.562Z"
"dgs_ecatalog-p143-c2","dgs_ecatalog","A","143","2","3","夾SYNTHWAREClips, Standard Joint˙適用於直型磨砂接頭˙裝卸方便,不傷玻璃表面˙塑料材質有不同規格顏色,利於辨識使用貨號 材質 規格 價格eaASG-CS001420ASG-CS001922ASG-CS002440ASG-CS002942ASG-CS003445ASG-CS004050ASG-CS004550ASG-CS111420ASG-CS111922ASG-CS112440ASG-CS112942塑膠 黃色塑膠 藍色塑膠 綠色塑膠 紅色塑膠 橙色塑膠 黃色/橙色塑膠 茶色金屬金屬金屬金屬14/2019/2224/4029/4234/4540/5045/5014/2019/2224/4029/42磨砂接頭夾 不鏽鋼24/40 台製Stainless Steel Clip˙SUS304不鏽鋼製˙適用於24/40磨砂接頭貨號 規格 價格eaD86M-43000 24/40 磨砂接頭夾 不鏽鋼球型 台製Stainless Stell Pinch Clamp˙SUS304不鏽鋼製˙球型磨砂接頭用貨號 規格 價格eaD88M-420121D88M-420122D88M-420181D88M-420183","https://ec.dgs.com.tw/catalog/files/basic-html/page143.html","https://ec.dgs.com.tw/catalog/catalog.html#p=143","2026-02-24T05:56:40.562Z"
"dgs_ecatalog-p143-c3","dgs_ecatalog","A","143","3","3","Stell Pinch Clamp˙SUS304不鏽鋼製˙球型磨砂接頭用貨號 規格 價格eaD88M-420121D88M-420122D88M-420181D88M-420183D88M-42028D88M-42035D88M-42040D88M-42050D88M-42065D88M-4207512 WOSF 平 無螺絲12WS 有唇 有螺絲18 WOSF 平 無螺絲18 WS 有唇有螺絲28 WS35 WS40 WS50 WS65 WS75 WS 溫度計固定夾 PP Bel-ArtThermometer Holder for Beakers, PP˙PP材質˙使用燒杯或容器上,可安全穩固的支撐住管路˙適用外徑3.2-11mm以內之溫度計˙適用容器厚度以1/4\˙可高溫高壓滅菌121°C貨號 描述 價格eaBB-182410000 溫度計用溫度計夾 不鏽鋼製 台製Thermometer Holder for Beaker, S.S˙SUS304不鏽鋼製˙可將一般溫度計掛於燒杯上貨號 描述 價格eaD86A-122000 溫度計用A基礎實驗器材以上價格與規格僅供參考 , 請以實際報價為主 A-131磨砂接頭夾","https://ec.dgs.com.tw/catalog/files/basic-html/page143.html","https://ec.dgs.com.tw/catalog/catalog.html#p=143","2026-02-24T05:56:40.562Z"
"dgs_ecatalog-p144-c1","dgs_ecatalog","A","144","1","3","透析袋固定夾 PP Bel-ArtDialysis Bag Clip Holder for Beakers, PP˙PP材質˙使用燒杯或容器上, 可安全穩固的支撐住透析袋˙適用容器厚度以1/4\˙可高溫高壓滅菌121°C貨號 描述 價格eaBB-182370000 透析袋用三叉夾 台製Universal Clamp˙鋅合金材質,耐化學性優˙夾端附防滑塑膠˙可搭配固定夾及鐵台使用貨號 夾幅xL(mm) 價格eaD86A-06001D86A-06002D86A-06003大 95x270中 65x220小 27x160三叉夾 經濟型Universal Clamp˙鋅合金材質,耐化學性優˙夾端附防滑塑膠˙可搭配固定夾及鐵台使用貨號 夾幅xL(mm) 價格eaD86-06001D86-06002D86-06003大 85x260中 50x230小 40x200 三叉夾附活動頭 台製Universal Clamp with Holder˙鋅合金材質,耐化學性優˙夾端附防滑塑膠˙末端附活動接頭夾,可搭配鐵台使用貨號 夾幅mm 價格eaD86A-07001D86A-07002大 95中 65三叉夾附活動頭 經濟型Universal Cla","https://ec.dgs.com.tw/catalog/files/basic-html/page144.html","https://ec.dgs.com.tw/catalog/catalog.html#p=144","2026-02-24T05:56:40.562Z"
"dgs_ecatalog-p144-c2","dgs_ecatalog","A","144","2","3","優˙夾端附防滑塑膠˙末端附活動接頭夾,可搭配鐵台使用貨號 夾幅mm 價格eaD86A-07001D86A-07002大 95中 65三叉夾附活動頭 經濟型Universal Clamp with Holder˙材質:鋅合金電鍍˙夾端附防滑塑膠˙末端附活動接頭夾,可搭配鐵台使用貨號 夾幅mm 價格eaD86-07001D86-07002大 0~85 中 0~60 不鏽鋼圓夾 附活動頭 台製S.S. Clamp with Holder˙SUS304不鏽鋼製,活動頭為鋅鋁材質˙夾端附防滑塑膠˙末端附活動接頭可搭配鐵台使用貨號 夾幅mm L(mm) 價格eaD86A-05000 15~30 120~140不鏽鋼圓夾 台製S.S Clamp˙不鏽鋼材質,夾端披附防滑塑膠˙夾幅15~30mm貨號 夾幅mm 價格eaD86A-53000 15~30鏈夾 台製Chain Clamp˙鋅合金材質,鏈條不鏽鋼˙可用於固定燒杯或直筒 型反應槽˙鏈長可加購貨號 待夾物直徑mm 鏈長mm 價格eaD86A-08000 50~150 450束夾 台製Power Grip Clamp˙SUS304不鏽鋼製˙可用於固定玻璃管或直筒反應槽貨號 ID(mm)","https://ec.dgs.com.tw/catalog/files/basic-html/page144.html","https://ec.dgs.com.tw/catalog/catalog.html#p=144","2026-02-24T05:56:40.562Z"
"dgs_ecatalog-p144-c3","dgs_ecatalog","A","144","3","3","mm 鏈長mm 價格eaD86A-08000 50~150 450束夾 台製Power Grip Clamp˙SUS304不鏽鋼製˙可用於固定玻璃管或直筒反應槽貨號 ID(mm) 價格eaD86A-08002D86A-08003D86A-08004D86A-0800595~115105~125130~152145~165廣用角夾 台製Universal Clamp˙鐵製,夾端附橡皮防滑墊˙夾幅20~40mm貨號 夾幅mm 價格eaD86A-11000 20~40 A基礎實驗器材A-132 以上價格與規格僅供參考 , 請以實際報價為主 三叉夾","https://ec.dgs.com.tw/catalog/files/basic-html/page144.html","https://ec.dgs.com.tw/catalog/catalog.html#p=144","2026-02-24T05:56:40.562Z"
"dgs_ecatalog-p145-c1","dgs_ecatalog","A","145","1","3","三腳架Tripods for Burner˙鐵製電鍍製成˙適用於酒精燈或本生燈˙可搭配陶瓷纖維網或泥三角使用貨號 描述 價格eaD8DA-97000D8DA-97001酒精燈用 H:120mm本生燈用 H:195mmLl貨號 L(mm) I(mm) 價格eaD8D-95000D8D-95001D8D-95002130150160556575˙由三根鐵絲彎成,套有三根耐熱陶瓷管˙用來支撐坩堝以利加熱,防止炸裂泥三角 經濟型Iron Wire, Triangle陶土纖維網 經濟型Ceramic Net Mesh˙鐵網披覆陶土纖維塗層˙搭配三腳架放置於本生 燈或酒精 燈上方讓加熱均溫使用貨號 描述 ea/pk 價格eaD8D-94001D8D-94002D8D-94003小150x150mm中200x200mm大300x300mm201010燃燒匙Combustion Spoon˙鐵絲和小匙接合而成˙在燃燒實驗中,用於盛放 可燃性固體物質貨號 L(mm) W(mm) 價格eaD8DA-96000 300 20不鏽鋼漏斗架 台製S.S. Funnel Support˙SUS304不鏽鋼製˙放漏斗用,非分液漏斗用貨號 孔徑mm 價格e","https://ec.dgs.com.tw/catalog/files/basic-html/page145.html","https://ec.dgs.com.tw/catalog/catalog.html#p=145","2026-02-24T05:56:40.562Z"
"dgs_ecatalog-p145-c2","dgs_ecatalog","A","145","2","3","W(mm) 價格eaD8DA-96000 300 20不鏽鋼漏斗架 台製S.S. Funnel Support˙SUS304不鏽鋼製˙放漏斗用,非分液漏斗用貨號 孔徑mm 價格eaD8FA-22001D8FA-22002D8FA-22003D8FA-22004D8FA-22005507090110140漏斗架 PP KartellFunnel Holder, PP˙PP材質˙附兩種規格錐形墊片,可用於不同規格之滴定管台棒(8~14mm)˙適用於漏斗直徑25~170mm,及腳徑35mm以下的粉體漏斗˙不附台與棒需另購貨號 規格 孔徑mm 價格eaBK-268BK-269單孔雙孔3535漏斗架 PP TarsonsHolder, Funnel, PP ˙用於盛放漏斗˙PP支架可耐腐蝕˙附兩種規格錐形墊片,可用於不 同規格之滴定管台棒(8~14mm)˙適用於漏斗直徑25~170mm,及 腳徑35mm以下的粉體漏斗˙不附台與棒需另購貨號 規格 ea/cs 價格eaATS-122100ATS-122200單孔雙孔66漏斗架 PVC 日製Holder for Funnels, PVC˙PVC材質架子˙ABS材質底座˙良好的耐化學性及溶","https://ec.dgs.com.tw/catalog/files/basic-html/page145.html","https://ec.dgs.com.tw/catalog/catalog.html#p=145","2026-02-24T05:56:40.562Z"
"dgs_ecatalog-p145-c3","dgs_ecatalog","A","145","3","3","價格eaATS-122100ATS-122200單孔雙孔66漏斗架 PVC 日製Holder for Funnels, PVC˙PVC材質架子˙ABS材質底座˙良好的耐化學性及溶劑˙適用直徑90mm以上漏斗貨號 WxH(mm) 孔徑mm 價格eaCN3053-01 237x520 36A基礎實驗器材以上價格與規格僅供參考 , 請以實際報價為主 A-133漏斗架","https://ec.dgs.com.tw/catalog/files/basic-html/page145.html","https://ec.dgs.com.tw/catalog/catalog.html#p=145","2026-02-24T05:56:40.562Z"
"dgs_ecatalog-p146-c1","dgs_ecatalog","A","146","1","3","分液漏斗架 台製S.S. Separatory Funnel Support˙SUS304不鏽鋼製˙尺寸220x430x600/mm貨號 孔數 孔徑mm 價格setD8FA-29000D8FA-29001D8FA-29002D8FA-290036支6支6支4支50mm環70mm環90mm環110mm環分液漏斗架 PP KartellHolder for Separatory Funnels, PP˙PP材質˙附兩種規格之錐形墊片,可用於不同規格之滴定管台棒(8~14mm)˙適用於125~1000mL之分液漏斗,及75mm以上漏斗˙不附台與棒,需另購貨號 規格 價格eaBK-970 單支用分液漏斗架 PVC 日製Rotary Separatory Funnels Rack, PVC˙PVC材質架子˙MA(Melamine Form Aldehyde)材質底座˙良好的耐化學性及溶劑˙圓形旋轉式,適用於分液 漏斗貨號 適用漏斗mL 孔數 孔徑mm 價格eaCS-1125CS-1123CS-1121500-1000200-300100666856045實驗室組合架 桌上型 台製Laboratory Stands貨號 規格 價格eaD","https://ec.dgs.com.tw/catalog/files/basic-html/page146.html","https://ec.dgs.com.tw/catalog/catalog.html#p=146","2026-02-24T05:56:40.562Z"
"dgs_ecatalog-p146-c2","dgs_ecatalog","A","146","2","3","aCS-1125CS-1123CS-1121500-1000200-300100666856045實驗室組合架 桌上型 台製Laboratory Stands貨號 規格 價格eaD8CA-36000 依所需尺寸訂做˙SUS304不鏽鋼材質˙勾型固定夾組合實驗室組合架 壁掛式 台製Laboratory Stands貨號 規格 價格eaD8CA-37000 依所需尺寸訂做˙SUS304不鏽鋼材質˙勾型固定夾組合四角鐵台 台製Rectangular Cast-Iron Support˙鐵質烤漆基座˙皆附鐵棒貨號 LxW(mm) 棒ØxL(mm) 台重kg 價格setD8CA-13000D8CA-14000小 185x135大 285x1709.5x6009.5x75012四角鐵台 經濟型Rectangular Cast-Iron Support˙鐵質烤漆基座˙皆附鐵棒貨號 LxW(mm) 棒ØxL(mm) 台重kg 價格setD8C-13000D8C-14000小 200x140大 300x18010x60012x60012.3不鏽鋼鐵台 台製Rectangular Cast-Iron Support˙SUS304不鏽鋼製˙皆附不","https://ec.dgs.com.tw/catalog/files/basic-html/page146.html","https://ec.dgs.com.tw/catalog/catalog.html#p=146","2026-02-24T05:56:40.562Z"
"dgs_ecatalog-p146-c3","dgs_ecatalog","A","146","3","3","4000小 200x140大 300x18010x60012x60012.3不鏽鋼鐵台 台製Rectangular Cast-Iron Support˙SUS304不鏽鋼製˙皆附不鏽鋼棒˙電木球型腳可調整高度及水平貨號 LxW(mm) 棒ØxL(mm) 台重kg 價格setD8CA-13001D8CA-14001小 185x135大 305x1759.5x6009.5x75012.1A基礎實驗器材A-134 以上價格與規格僅供參考 , 請以實際報價為主 鐵台","https://ec.dgs.com.tw/catalog/files/basic-html/page146.html","https://ec.dgs.com.tw/catalog/catalog.html#p=146","2026-02-24T05:56:40.562Z"
"dgs_ecatalog-p147-c1","dgs_ecatalog","A","147","1","3","不鏽鋼棒 (一邊車牙) 台製S.S. Support Rod˙SUS304不鏽鋼製˙棒徑為9.5mm及12.7mm兩種貨號 ØxL(mm) 價格eaD8CA-26001D8CA-26002D8CA-26003D8CA-260049.5x6009.5x75012.7x90012.7x1000不鏽鋼環 有缺口台製S.S. Cut Ring˙SUS304不鏽鋼製˙有缺口,適合分液漏斗使用貨號 內徑mm 價格eaD8EA-18001D8EA-18002D8EA-18003D8EA-18004D8EA-18005507090110140不鏽鋼環 台製S.S. Ring˙SUS304不鏽鋼製˙無缺口,適合漏斗架使用貨號 內徑mm 價格eaD8EA-17001D8EA-17002D8EA-17003D8EA-17004D8EA-17005507090110140鐵環 經濟型Cast-Iron Rings˙鐵製˙無缺口貨號 內徑mm 價格eaD8E-28001D8E-28002D8E-28003506585固定夾 菱形 台製Clamp Holder˙鋅合金材質,耐化學性佳˙最大可夾棒徑15mm貨號 夾幅mm 價格eaD86A-49000 1","https://ec.dgs.com.tw/catalog/files/basic-html/page147.html","https://ec.dgs.com.tw/catalog/catalog.html#p=147","2026-02-24T05:56:40.562Z"
"dgs_ecatalog-p147-c2","dgs_ecatalog","A","147","2","3","E-28002D8E-28003506585固定夾 菱形 台製Clamp Holder˙鋅合金材質,耐化學性佳˙最大可夾棒徑15mm貨號 夾幅mm 價格eaD86A-49000 15四角塑膠台 PE TarsonsSupport, Rectangular, PE˙底座為PP材質,支柱為SS材質、PE披覆˙用於連接固定夾固定試管或是其他設備進行滴定、蒸餾及樣本過濾˙支柱有鎖於中央或側邊兩種規格貨號 Lxw(mm) 支柱位置 ea/cs 價格eaATS-141010ATS-141020ATS-142010ATS-142020220x150300x200220x150300x200中央中央側邊側邊6666三腳鐵台 台製Triagonal Cast-Iron Base Support˙鑄鐵烤漆基座˙附不鏽鋼棒貨號 台徑mm 棒ØxL(mm) 台重kg 價格eaD8CA-16003D8CA-16004大 300特大 42012.7x90012.7x9002.54.5三腳鐵台 經濟型Triagonal Cast-Iron Base Support˙鑄鐵烤漆基座用˙1.2kg及2kg鐵棒尺寸為10x600mm貨號 台徑mm 棒ØxL(mm","https://ec.dgs.com.tw/catalog/files/basic-html/page147.html","https://ec.dgs.com.tw/catalog/catalog.html#p=147","2026-02-24T05:56:40.562Z"
"dgs_ecatalog-p147-c3","dgs_ecatalog","A","147","3","3","54.5三腳鐵台 經濟型Triagonal Cast-Iron Base Support˙鑄鐵烤漆基座用˙1.2kg及2kg鐵棒尺寸為10x600mm貨號 台徑mm 棒ØxL(mm) 台重kg 價格eaD8C-16002D8C-1600311013510x60010x6001.22瓷滴定管台 台製Ceramic Stand˙陶瓷台座,附鐵棒˙陶瓷表面耐腐蝕,適合滴定管使用貨號 尺寸mm 棒ØxL(mm) 價格setD8CS-07000 195x300 9.5x600A基礎實驗器材以上價格與規格僅供參考 , 請以實際報價為主 A-135固定夾","https://ec.dgs.com.tw/catalog/files/basic-html/page147.html","https://ec.dgs.com.tw/catalog/catalog.html#p=147","2026-02-24T05:56:40.562Z"
"dgs_ecatalog-p148-c1","dgs_ecatalog","A","148","1","3","固定夾 菱形 經濟型Clamp Holder˙鋅合金電鍍材質˙最大可夾棒徑16mm貨號 夾幅mm 價格eaD86-49000 4~16固定夾 大型 台製Clamp Holder˙鋅合金材質˙最大可夾棒徑21mm貨號 夾幅mm 價格eaD86A-50000 21銅製支柱固定座 台製Foot Plate˙銅製電鍍材質,耐化學性佳˙最大可夾棒徑12.7mm貨號 適用鐵棒直徑mm 價格eaD86A-51000 12.7雙頭活動夾 台製Universal Holder˙鋅合金材質,耐化學性佳˙最大可夾棒徑21mm貨號 夾幅mm 價格eaD86A-52000 21 固定夾 勾型 台製Clamp Holder˙SUS304不鏽鋼製˙最大可夾棒徑12mm貨號 夾幅mm 價格eaD86A-55000 12固定夾 球型 台製Clamp Holder˙鋁合金材質,耐化學性佳˙最大可夾棒徑12mm貨號 夾幅mm 價格eaD86A-56000 12固定夾 四角型 台製Clamp Holder˙鋅合金材質,耐化學性佳˙最大可夾15mm棒徑貨號 夾幅mm 價格eaD86A-57000 15 鑽孔器 經濟型Brass Cork Borer˙不鏽鋼製˙有六支","https://ec.dgs.com.tw/catalog/files/basic-html/page148.html","https://ec.dgs.com.tw/catalog/catalog.html#p=148","2026-02-24T05:56:40.562Z"
"dgs_ecatalog-p148-c2","dgs_ecatalog","A","148","2","3","mp Holder˙鋅合金材質,耐化學性佳˙最大可夾15mm棒徑貨號 夾幅mm 價格eaD86A-57000 15 鑽孔器 經濟型Brass Cork Borer˙不鏽鋼製˙有六支組包裝˙適用於橡皮塞或 矽膠塞鑽孔用貨號 規格 價格setD89-44001 6支組 5~14mm貨號 LxW(mm) 升降範圍mm 價格eaD8CA-35001D8CA-35002D8CA-35003150x150200x200300x30075~26590~28090~280 升降台 台製Support Jack˙SUS304不鏽鋼台面˙旋轉開關可調台面高低˙負重7kg貨號 LxW(mm) 升降範圍mm 價格eaD8C-35101D8C-35102D8C-35103150x150200x200250x20080~25080~300100~300氧化鋁升降台Support Jack˙氧化鋁台面˙旋轉開關可調台面高低˙負重10kg晾乾架 PS KartellDrying Rack˙本體為硬質PS塑膠一體成型製成堅固耐用˙本體上有72個樁孔,附有支柱 Ø15x95L/mmx72支及 Ø6x95L/mmx11支,可隨意變化使用˙附有排水孔,可接軟管排水","https://ec.dgs.com.tw/catalog/files/basic-html/page148.html","https://ec.dgs.com.tw/catalog/catalog.html#p=148","2026-02-24T05:56:40.562Z"
"dgs_ecatalog-p148-c3","dgs_ecatalog","A","148","3","3","Rack˙本體為硬質PS塑膠一體成型製成堅固耐用˙本體上有72個樁孔,附有支柱 Ø15x95L/mmx72支及 Ø6x95L/mmx11支,可隨意變化使用˙附有排水孔,可接軟管排水˙可多組並接使用˙不含安裝,須自行鑽孔組裝貨號 WxDxH(mm) 支柱ØxL(mm) 價格BK-213BK-121372支組450x110x630小支柱11支/包15x956x95A基礎實驗器材A-136 以上價格與規格僅供參考 , 請以實際報價為主 晾乾架","https://ec.dgs.com.tw/catalog/files/basic-html/page148.html","https://ec.dgs.com.tw/catalog/catalog.html#p=148","2026-02-24T05:56:40.562Z"
"dgs_ecatalog-p149-c1","dgs_ecatalog","A","149","1","3","晾乾架 20支組 ABS TarsonsRack, Drying, ABS ˙ABS/PC材質製成˙需自行鑽孔組裝貨號 支柱數 價格eaATS-240050 20晾乾架 30支組 PSTarsonsRack, Drying, PS ˙ABS材質製成˙可壁掛式˙可乾燥較大的實驗室器皿˙設有可拆卸的排水槽,易於排水清潔˙附13cm支柱x20支及9cm支柱x10支貨號 WxDxH(mm) 支柱數 價格eaATS-241100 360x300x30 30晾乾架 ABS Bel-ArtDrying Rack, ABS˙ABS材質,堅固耐用˙集水槽設計可擺放刻度吸管晾乾˙具三種大小支柱,可隨意變化使用˙單面晾乾架可壁掛或靠於牆上,雙面晾乾架容量加倍,但更省空間˙不含安裝,須自行鑽孔組裝貨號 型式 層數 WxDxH(mm) 支柱總數 支柱明細 價格eaBB-189330011BB-189330014BB-189330013BB-189330012BB-189330015BB-189330021BB-189330022BB-189330023壁掛/桌上型 單面壁掛型 單面壁掛型 單面桌上型 單面桌上型 單面桌上型 雙面桌上型 雙面桌上型 雙","https://ec.dgs.com.tw/catalog/files/basic-html/page149.html","https://ec.dgs.com.tw/catalog/catalog.html#p=149","2026-02-24T05:56:40.562Z"
"dgs_ecatalog-p149-c2","dgs_ecatalog","A","149","2","3","0015BB-189330021BB-189330022BB-189330023壁掛/桌上型 單面壁掛型 單面壁掛型 單面桌上型 單面桌上型 單面桌上型 雙面桌上型 雙面桌上型 雙面單層雙層三層雙層三層單層雙層三層375x127x240375x127x417375x127x594375x178x390375x178x570375x254x213375x254x390375x254x57019385738573876114S-6支, M-7支, L-6 支S-12支, M-14支, L-12 支S-18支, M-21支, L-18 支S-12支, M-14支, L-12 支S-18支, M-21支, L-18 支S-12支, M-14支, L-12 支S-24支, M-28支, L-24 支S-36支, M-42支, L-36 支貨號 描述 價格pkBB-189310001BB-189310002BB-189310003Ｓ-小支柱 L:76mm,19ea/pkＭ-中支柱 L:102mm,19ea/pkＬ-大支柱 L:127mm,19ea/pk手套架示意圖 大中小支柱選購配件BB-189330011 BB-189330014 B","https://ec.dgs.com.tw/catalog/files/basic-html/page149.html","https://ec.dgs.com.tw/catalog/catalog.html#p=149","2026-02-24T05:56:40.562Z"
"dgs_ecatalog-p149-c3","dgs_ecatalog","A","149","3","3","ea/pkＭ-中支柱 L:102mm,19ea/pkＬ-大支柱 L:127mm,19ea/pk手套架示意圖 大中小支柱選購配件BB-189330011 BB-189330014 BB-189330015 BB-189330023晾乾架 PS HeathrowDrying Rack, PS˙本體為PS製成,堅固耐用˙附有72支活動支柱,36支藍色大支柱,36支綠色小支柱,可以需求任意安裝˙附有2個小型乾燥籃,適合跨放清洗過的吸管及小的實驗室耗材,如攪拌子,玻片...˙附有集水槽,及排水管,便於排放積水˙可壁掛或站立於實驗桌上使用˙整體可承重34.9kg˙不含安裝,壁掛時需自行鑽孔組裝貨號 WxDxH(mm) 支柱總數 價格setAHW-120791 441x139x660 72支柱選購配件貨號 描述 價格AHW-120792AHW-120793AHW-120813小型乾燥籃 2ea/pk支柱補充包,大小支柱各5支排水套件,含排水管及接頭A基礎實驗器材以上價格與規格僅供參考 , 請以實際報價為主 A-137晾乾架","https://ec.dgs.com.tw/catalog/files/basic-html/page149.html","https://ec.dgs.com.tw/catalog/catalog.html#p=149","2026-02-24T05:56:40.562Z"
"dgs_ecatalog-p150-c1","dgs_ecatalog","A","150","1","3","貨號 WxDxH(mm) 價格setAHW-HS23243A 462x182x525金屬晾乾架 HeathrowDrying Rack˙本體為Vinyl披覆鐵線製成,堅固耐用˙本體上有90支支柱,上部18支支柱,長度127mm,下部72支支柱,長度76mm˙附有活動式集水槽,便於傾倒積水與清洗晾乾架 PVC burkleDrying Rack˙PVC材質製成,符合實驗室需求˙每組均附60,100,150mm支柱,適合不同實驗器皿使用,且支柱可依需求調整位置˙AU-96402040支柱組合:60mmx5支+100mmx26支+150mmx2支˙AU-96402050支柱組合:60mmx10支+100mmx39支+150mmx4支˙AU-96402060支柱組合: 60mmx15支+100mmx56支+150mmx6支˙支柱最小訂購量1pk貨號 WxH(mm) 支柱總數 價格eaAU-96402040AU-96402050AU-96402060400x400500x500600x60033支柱53支柱77支柱 貨號 描述 ea/pk 價格pkAU-96400421AU-96400410AU-9640041560mm支柱100mm","https://ec.dgs.com.tw/catalog/files/basic-html/page150.html","https://ec.dgs.com.tw/catalog/catalog.html#p=150","2026-02-24T05:56:40.562Z"
"dgs_ecatalog-p150-c2","dgs_ecatalog","A","150","2","3","400500x500600x60033支柱53支柱77支柱 貨號 描述 ea/pk 價格pkAU-96400421AU-96400410AU-9640041560mm支柱100mm支柱150mm支柱505650 選購配件橡膠燒瓶墊 台製Flask Support, Rubber˙橡膠材質˙適用於圓底燒瓶,可放置最小規格之燒瓶,最大可放置10公升之燒瓶˙可耐燒瓶溫度至100°C(可短時間承受120°C)貨號 OD(mm) 價格eaD34S-10001D34S-10002橡膠 小 100橡膠 大 120 軟木燒瓶墊 台製Flask Support, Cork˙軟木材質˙適用於圓底燒瓶,可放置最小規格之燒瓶,最大可放置10公升之燒瓶貨號 IDxOD(mm) 價格eaD34C-10003D34C-1000466x 80 87x110 燒瓶座 KartellFlask Support, PP˙PP材質,可高壓滅菌˙可耐燒瓶溫度至100°C(可短時間承受120°C)˙適用於圓底燒瓶,可放置最小規格之燒瓶,最大可放置10公升之燒瓶貨號 ODxH(mm) 價格eaBK-271 160x49鉛環 HeathrowFlask Weight˙鉛環","https://ec.dgs.com.tw/catalog/files/basic-html/page150.html","https://ec.dgs.com.tw/catalog/catalog.html#p=150","2026-02-24T05:56:40.562Z"
"dgs_ecatalog-p150-c3","dgs_ecatalog","A","150","3","3","°C)˙適用於圓底燒瓶,可放置最小規格之燒瓶,最大可放置10公升之燒瓶貨號 ODxH(mm) 價格eaBK-271 160x49鉛環 HeathrowFlask Weight˙鉛環外層包附VINYL合成塑膠˙將鉛環套於玻璃或塑膠器皿上,可加強其穩定度,或放於水浴器使用貨號 適用燒瓶mL ID(mm) 價格eaAHW-HS8882AAHW-HS8882BAHW-HS8882CAHW-HS8882D125~500250~1000500~20001000~400048515770塑膠藥匙 PAKartellLaboratory Spatulas, PA˙PA玻璃纖維與尼龍混合材質˙耐化學藥劑之侵蝕,使用範圍廣泛貨號 容量mL L(mm) 規格 價格eaBK-594BK-595BK-596BK-5931.51.8150180180210兩端扁平兩端扁平一匙一平一匙一平 A基礎實驗器材A-138 以上價格與規格僅供參考 , 請以實際報價為主 燒瓶墊","https://ec.dgs.com.tw/catalog/files/basic-html/page150.html","https://ec.dgs.com.tw/catalog/catalog.html#p=150","2026-02-24T05:56:40.562Z"
"dgs_ecatalog-p151-c1","dgs_ecatalog","A","151","1","4","塑膠藥匙 拋棄式 HeathrowLaboratory Spatulas,Disposable˙適合用於分配粉狀樣品收集或軟性物質˙可使用於液態氮環境˙抗靜電,耐酸鹼及耐溫˙無菌包裝(HS12007)˙可高壓滅菌,符合FDA食品接觸標準˙最小訂量MOQ:1pk貨號 適用離心管mL LxW(mm) 匙面尺寸mm 尾端尺寸LxH(mm) 描述 ea/pk 價格pkAHW-HS120005AHW-HS120008AHW-HS120003AHW-HS120004AHW-HS120007AHW-HS1200060.2/0.515/1.515/1.515/1.515/1.550140x3.5140x7210x7210x7210x7310x10n/a25x1425x1425x1425x1442x23.511 斜角15°30x330x330x330x330 斜角35°微量 防靜電經濟型 白色標準型 藍色標準型 白色標準型 已滅菌 白色大取樣量 綠色300300300300100150AHW-HS120008AHW-HS120004AHW-HS120003AHW-HS120006AHW-HS120005塑膠藥匙 PP/PS Bel-ArtSa","https://ec.dgs.com.tw/catalog/files/basic-html/page151.html","https://ec.dgs.com.tw/catalog/catalog.html#p=151","2026-02-24T05:56:40.562Z"
"dgs_ecatalog-p151-c2","dgs_ecatalog","A","151","2","4","0300100150AHW-HS120008AHW-HS120004AHW-HS120003AHW-HS120006AHW-HS120005塑膠藥匙 PP/PS Bel-ArtSampling Spoons, PP/PS貨號 容量mL W(mm) 描述 價格BB-367230000BB-367240000BB-367250000BB-367260000BB-369400000BB-369420000BB-369440000BB-3694600001251512515202530392025303912ea/pk12ea/pk12ea/pk12ea/pk 單支滅菌包裝單支滅菌包裝單支滅菌包裝單支滅菌包裝˙無滅菌包為PP材質,單一滅菌包為PS材質˙總長178mm,細長手柄可輕鬆地伸入瓶罐或狹窄的區域˙符合FDA,可與食品藥品化妝品接觸˙單一滅菌包為伽瑪射線消毒˙無滅菌PP藥匙可高溫高壓滅菌121℃滅菌塑膠藥匙 TarsonsSampling Spoons, HIPS˙HIPS材質,耐溫範圍-40~80°C˙長型手柄更容易伸入瓶罐或狹窄的區域取樣,以避免汙染到樣品˙符合USP Class VI及FDA 21 CFR,可用於食品、藥","https://ec.dgs.com.tw/catalog/files/basic-html/page151.html","https://ec.dgs.com.tw/catalog/catalog.html#p=151","2026-02-24T05:56:40.562Z"
"dgs_ecatalog-p151-c3","dgs_ecatalog","A","151","3","4","s, HIPS˙HIPS材質,耐溫範圍-40~80°C˙長型手柄更容易伸入瓶罐或狹窄的區域取樣,以避免汙染到樣品˙符合USP Class VI及FDA 21 CFR,可用於食品、藥品和化妝品˙輻射滅菌,無細胞毒性,獨立包裝,一次性使用貨號 容量mL 手柄長mm ea/cs 價格eaATS-922121ATS-922122ATS-922123ATS-9221241.252.5515155.4149.5143.5129.5200200200200塑膠藥匙 台製Pharmaceutical Spoon˙ABS材質˙大中小三支一組貨號 規格 價格setD8BC-33000 3 支/組CTFE藥匙一匙一平 日製CTFE Spatulas˙CTFE樹脂製˙良好的耐化學性和溫度˙耐溫250℃貨號 L(mm) 價格eaAS-10150AS-10180AS-10210AS-10240150180210240不鏽鋼藥匙 Pharmaceutical Spoon˙SUS430不鏽鋼製貨號 規格 匙寬 頭/尾mm 價格D8BI-30001D8BI-30002D8BI-30003D8BI-30004D8BS-30005D8BS-30006D8BS-3","https://ec.dgs.com.tw/catalog/files/basic-html/page151.html","https://ec.dgs.com.tw/catalog/catalog.html#p=151","2026-02-24T05:56:40.562Z"
"dgs_ecatalog-p151-c4","dgs_ecatalog","A","151","4","4","430不鏽鋼製貨號 規格 匙寬 頭/尾mm 價格D8BI-30001D8BI-30002D8BI-30003D8BI-30004D8BS-30005D8BS-30006D8BS-30007大中小3支組 台製大 190mm 台製中 175mm 台製小 165mm 台製210mm 日製240mm 日製300mm 日製26/1024/1023/828/1035/1235/12A基礎實驗器材以上價格與規格僅供參考 , 請以實際報價為主 A-139藥匙","https://ec.dgs.com.tw/catalog/files/basic-html/page151.html","https://ec.dgs.com.tw/catalog/catalog.html#p=151","2026-02-24T05:56:40.562Z"
"dgs_ecatalog-p152-c1","dgs_ecatalog","A","152","1","3","不鏽鋼藥匙Pharmaceutical Spoon貨號 規格 L(mm) 價格eaD8BA-31001D8BA-31002D8BA-31003D8BA-31004D8BA-31006D8BF-31007D8BA-31009一端匙型 一端扁平一端尖細 一端扁平二端扁平一端半管 一端扁平 一端匙型 一端扁平 TF 披覆一端尖細 一端扁平 TF 披覆一端半球型 一端扁平235210210200230210200˙SUS304不鏽鋼製牛角匙 台製Pharmaceutical Spoon˙大中小三支一組貨號 規格 價格setD8BB-32000 3 支組振動藥匙 Bel-ArtSpatula, Vibrating, SS貨號 描述 價格eaBB-367140000BB-367150000BB-367180000BB-367190000平頭型 長180mm平頭型 FEP 披覆 長180mm尖頭型 長210mm 尖頭型 FEP 披覆 長210mm˙握柄為塑膠,藥匙部分為不鏽鋼˙旋轉藥匙旁的齒輪,會帶動藥匙讓其產生些微震動,而將粉末微量倒出˙FEP塗層適用弱酸鹼,符合FDA,可直接接觸食品塑膠藥鏟 PP VITLABMeasuring Sc","https://ec.dgs.com.tw/catalog/files/basic-html/page152.html","https://ec.dgs.com.tw/catalog/catalog.html#p=152","2026-02-24T05:56:40.562Z"
"dgs_ecatalog-p152-c2","dgs_ecatalog","A","152","2","3","匙部分為不鏽鋼˙旋轉藥匙旁的齒輪,會帶動藥匙讓其產生些微震動,而將粉末微量倒出˙FEP塗層適用弱酸鹼,符合FDA,可直接接觸食品塑膠藥鏟 PP VITLABMeasuring Scoop, PP˙PP材質˙底部扁平,適用於液態或粉狀之物質˙規格內標示容量為大約值,僅供參考貨號 容量mL LxWxH(mm) 價格eaBV-39194BV-39294BV-39394BV-39494BV-39594BV-39694BV-39794BV-39894BV-3999425102550100250500100060x20x10 82x27x13 100x32x16135x44x21160x55x26200x67x34260x94x44315x112x55385x141x69˙PP材質˙底部扁平, 放立平穩, 適用於液態或粉狀物質˙符合FDA, 可直接接觸食品˙可高溫高壓滅菌121℃˙規格內標示容量為大約值, 僅供參考貨號 容量mL LxWxH(ｍm) 價格eaBB-367470000BB-367480000BB-367490000BB-367500000BB-367530000BB-367560000226075125250110094x","https://ec.dgs.com.tw/catalog/files/basic-html/page152.html","https://ec.dgs.com.tw/catalog/catalog.html#p=152","2026-02-24T05:56:40.562Z"
"dgs_ecatalog-p152-c3","dgs_ecatalog","A","152","3","3","B-367470000BB-367480000BB-367490000BB-367500000BB-367530000BB-367560000226075125250110094x32x22205x41x29141x44x27221x51x33191x54x49327x125x94 塑膠藥鏟 PP Bel-ArtMeasuring Scoop, PP不鏽鋼藥鏟 日製Stainless Scoop˙SUS304不鏽鋼製貨號 規格 LxW(mm) 價格eaC8BS-OM107401C8BS-OM107402C8BS-OM107403C8BS-OM107404C8BS-OM107501C8BS-OM107502粉體用粉體用粉體用粉體用四角型四角型特大 275x103大 235x80中 210x67小 175x60大 300x130小 290x100A基礎實驗器材A-140 以上價格與規格僅供參考 , 請以實際報價為主 藥鏟","https://ec.dgs.com.tw/catalog/files/basic-html/page152.html","https://ec.dgs.com.tw/catalog/catalog.html#p=152","2026-02-24T05:56:40.562Z"
"dgs_ecatalog-p153-c1","dgs_ecatalog","A","153","1","4","不鏽鋼披覆FEP鑷子 Bel-ArtForceps, SS/FEP貨號 全長mmFEP披覆長mm尖端 價格eaBB-379350000BB-379360000BB-379370000BB-379400000BB-379420000BB-3794300009898989810211438199898102114直形 尖頭直形 尖頭直形 尖頭彎尖方形 適夾蓋玻片直形 平頭 ˙不鏽鋼材質˙前端塗布FEP,不會劃傷物品表面˙符合FDA標準,可與食品接觸˙請勿使用於酸鹼性液體使用,以避免腐蝕不鏽鋼鑷子 披覆FEP SIPELS.S. Forcep貨號 總長mm尖端寬度mm適用晶圓in尖端描述 價格eaD8MI-2ASATED8MI-3CSATED8MI-7ASATED8MI-37SSA1TED8MI-300WSATED8MI-400WSATED8MI-500WSATED8MI-600WSATE1201101201251251251251252.000.250.407.009.0012.5016.0019.503456鈍頭尖細彎尖2齒3齒4齒5齒6齒 鈍頭尖細彎尖2齒3齒4齒5齒6齒˙抗磁抗酸不鏽鋼製˙適用於電子組裝,製錶或醫療設備工業","https://ec.dgs.com.tw/catalog/files/basic-html/page153.html","https://ec.dgs.com.tw/catalog/catalog.html#p=153","2026-02-24T05:56:40.562Z"
"dgs_ecatalog-p153-c2","dgs_ecatalog","A","153","2","4",".407.009.0012.5016.0019.503456鈍頭尖細彎尖2齒3齒4齒5齒6齒 鈍頭尖細彎尖2齒3齒4齒5齒6齒˙抗磁抗酸不鏽鋼製˙適用於電子組裝,製錶或醫療設備工業˙請勿使用於酸鹼性或化學性液體使用,避免腐蝕不鏽鋼晶圓鑷子 SIPELS.S. Forcep˙抗磁抗酸不鏽鋼製˙適用於電子組裝,製錶或醫療設備工業˙請勿使用於酸鹼性或化學性液體使用,避免腐蝕貨號 總長mm尖端寬度mm適用晶圓in尖端描述 價格eaD8MI-200ASAD8MI-200WSAD8MI-300ASAD8MI-300WSAD8MI-400ASAD8MI-400WSAD8MI-500ASAD8MI-500WSAD8MI-600ASAD8MI-600WSAD8MI-800ASAD8MI-800WSA1201201251251251251251251251251501505.506.509.509.5012.5012.5016.0016.0019.5019.5027.0027.002233445566882齒3齒4齒5齒6齒8齒D8MI-200ASAD8MI-200WSAD8MI-300ASAD8MI-300WSAD8MI-400ASAD8MI","https://ec.dgs.com.tw/catalog/files/basic-html/page153.html","https://ec.dgs.com.tw/catalog/catalog.html#p=153","2026-02-24T05:56:40.562Z"
"dgs_ecatalog-p153-c3","dgs_ecatalog","A","153","3","4","0027.002233445566882齒3齒4齒5齒6齒8齒D8MI-200ASAD8MI-200WSAD8MI-300ASAD8MI-300WSAD8MI-400ASAD8MI-400WSAD8MI-500ASAD8MI-500WSAD8MI-600ASAD8MI-600WSAD8MI-800ASAD8MI-800WSA不鏽鋼鑷子 SIPELS.S. Forcep˙抗磁抗酸不鏽鋼製 ˙適用於電子組裝,製錶或醫療設備工業˙請勿使用於酸鹼性或化學性液體使用,避免腐蝕貨號 總長mm 尖端寬度mm 尖端描述 價格eaD8MI-1SAD8MI-2SAD8MI-3CSAD8MI-4ASAD8MI-5SAD8MI-20ASAD8MI-38SAD8MI-218SAD8MI-220SA1151151101101101151101601400.300.500.250.400.201.801.000.500.50直尖直尖直尖直尖直尖直尖直尖直尖直尖 D8MI-5BSAD8MI-7ASAD8MI-7SAD8MI-26SAD8MI-34ASAD8MI-35ASA1101201151151201200.400.300.206.006.006.00彎","https://ec.dgs.com.tw/catalog/files/basic-html/page153.html","https://ec.dgs.com.tw/catalog/catalog.html#p=153","2026-02-24T05:56:40.562Z"
"dgs_ecatalog-p153-c4","dgs_ecatalog","A","153","4","4","AD8MI-7ASAD8MI-7SAD8MI-26SAD8MI-34ASAD8MI-35ASA1101201151151201200.400.300.206.006.006.00彎尖彎尖彎尖圓型方型方型A基礎實驗器材以上價格與規格僅供參考 , 請以實際報價為主 A-141鑷子","https://ec.dgs.com.tw/catalog/files/basic-html/page153.html","https://ec.dgs.com.tw/catalog/catalog.html#p=153","2026-02-24T05:56:40.562Z"
"dgs_ecatalog-p154-c1","dgs_ecatalog","A","154","1","3","不鏽鋼鑷子 台製S.S. Forcep˙不鏽鋼材質D8MI-70001~70004 D8MI-71001~71002D8MI-73000/D8MI-73002D8MI-74001~74003D8MI-72001~72004貨號 總長mm 形式 價格eaD8MI-70001D8MI-70002D8MI-70003D8MI-70004140180240300棉花/棉片棉花/棉片棉花/棉片棉花/棉片D8MI-71001D8MI-71002110160眼科 直尖眼科 彎尖D8MI-72001D8MI-72002D8MI-72003D8MI-72004140110110130#1 印刷 #2 技工型 #3 3C#4 AAD8MI-73000D8MI-73002D8MI-74001D8MI-74002D8MI-74003160175120110120牙科 彎尖耳鼻喉科 直尖郵票/濾膜 方型郵票/濾膜 圓型晶片用塑膠鑷子 TPX VITLAB Forceps, TPX˙TPX材質˙尖頭,白色貨號 L(mm) ea/pk 價格eaBV-67895BV-679951151451010 塑膠鑷子 POM VITLABForcep, POM˙材質","https://ec.dgs.com.tw/catalog/files/basic-html/page154.html","https://ec.dgs.com.tw/catalog/catalog.html#p=154","2026-02-24T05:56:40.562Z"
"dgs_ecatalog-p154-c2","dgs_ecatalog","A","154","2","3","TPX˙TPX材質˙尖頭,白色貨號 L(mm) ea/pk 價格eaBV-67895BV-679951151451010 塑膠鑷子 POM VITLABForcep, POM˙材質POM˙圓頭,橘黃色貨號 L(mm) ea/pk 價格eaBV-68099BV-68199BV-68299BV-6839911514518025050502525 PTFE鑷子 cowiePTFE Forceps˙PTFE材質耐溫-200~250℃˙良好的耐化學性和溫度貨號 型式 L(mm) 價格eaAC027-100AC027-150AC027-200AC027-101AC027-151AC027-201平頭平頭平頭尖頭尖頭尖頭100150200100150200 ETFE鑷子 日製ETFE Forceps˙ETFE樹脂製˙良好的耐化學性和溫度˙耐溫250℃貨號 型式 L(mm) 價格eaAS-12120AS-12150AS-12000直型直型彎尖120150150 不鏽鋼剪刀S.S. Scissors貨號 規格 ea/bx 價格eaD8NH-76000D8NH-77000D8NH-78000D8NH-79000直雙尖彎雙尖直片尖片圓直雙圓101","https://ec.dgs.com.tw/catalog/files/basic-html/page154.html","https://ec.dgs.com.tw/catalog/catalog.html#p=154","2026-02-24T05:56:40.562Z"
"dgs_ecatalog-p154-c3","dgs_ecatalog","A","154","3","3","鏽鋼剪刀S.S. Scissors貨號 規格 ea/bx 價格eaD8NH-76000D8NH-77000D8NH-78000D8NH-79000直雙尖彎雙尖直片尖片圓直雙圓10101010˙不鏽鋼製˙長度14cm˙衛署醫器輸壹字第004061號直雙尖 彎雙尖直片尖片圓 直雙圓A基礎實驗器材A-142 以上價格與規格僅供參考 , 請以實際報價為主 剪刀","https://ec.dgs.com.tw/catalog/files/basic-html/page154.html","https://ec.dgs.com.tw/catalog/catalog.html#p=154","2026-02-24T05:56:40.562Z"
"dgs_ecatalog-p155-c1","dgs_ecatalog","A","155","1","3","不鏽鋼剪刀 台製Scissors, S.S ˙不鏽鋼材質˙總長11cm貨號 規格 價格eaD8MI-713D8MI-714直雙尖彎雙尖不鏽鋼止血鉗S.S. Hemostat˙不鏽鋼製˙衛署醫器輸壹字第004061號貨號 規格 ea/bx 價格eaD8MS-82001D8MS-82002D8MS-82003D8MS-83001D8MS-83002直型 14cm直型 16cm直型 18cm彎型 14cm彎型 16cm1010101010解剖針 台製Needle with Handle˙不鏽鋼製˙用於解剖實驗固定樣品用貨號 針長mm 全長mm 價格eaD8NA-86000 50 130解剖刀片Scalpel Blade˙碳鋼材質(#25為不鏽鋼材質)˙一次性使用產品不可重覆使用及2次滅菌˙依型號可搭配3號或四號解剖刀柄使用˙每盒100片˙衛署醫器輸壹字第001215號貨號 規格 價格bxC8NF-85010C8NF-85011C8NF-85012C8NF-85015C8NF-85020C8NF-85021C8NF-85022C8NF-85023C8NF-85025NO.10 3號刀柄用NO.11 3號刀柄用NO.12 3號刀柄用N","https://ec.dgs.com.tw/catalog/files/basic-html/page155.html","https://ec.dgs.com.tw/catalog/catalog.html#p=155","2026-02-24T05:56:40.562Z"
"dgs_ecatalog-p155-c2","dgs_ecatalog","A","155","2","3","-85015C8NF-85020C8NF-85021C8NF-85022C8NF-85023C8NF-85025NO.10 3號刀柄用NO.11 3號刀柄用NO.12 3號刀柄用NO.15 3號刀柄用NO.20 4號刀柄用NO.21 4號刀柄用NO.22 4號刀柄用NO.23 4號刀柄用NO.25 4號刀柄用不鏽鋼解剖刀柄Scalpel Blades Holder貨號 規格 產地 價格eaD8NS-84001D8NH-84002D8NS-84003D8NH-84004NO.3NO.3NO.4NO.4PK日製PK日製NO.3 PKNO.3 日製NO.4 PKNO.4 日製˙不鏽鋼製˙需搭配解剖刀片使用˙衛部醫器輸壹字第022876號˙衛署醫器輸壹字第009682號不鏽鋼棉花罐 台製S.S. Cotton Jar˙SUS304不鏽鋼製貨號 規格 價格eaD8LI-100002 中 9.5cmx9.5cm 手燈 台製Chemical Dispenser˙輕壓不鏽鋼壓頭,即可將瓶中液體吸出至頂端小槽貨號 材質 容量mL 價格eaD8LS-111000D8LS-112000玻璃塑膠100180 毛刷 台製Brush, for Bott","https://ec.dgs.com.tw/catalog/files/basic-html/page155.html","https://ec.dgs.com.tw/catalog/catalog.html#p=155","2026-02-24T05:56:40.562Z"
"dgs_ecatalog-p155-c3","dgs_ecatalog","A","155","3","3","輕壓不鏽鋼壓頭,即可將瓶中液體吸出至頂端小槽貨號 材質 容量mL 價格eaD8LS-111000D8LS-112000玻璃塑膠100180 毛刷 台製Brush, for Bottle˙適於清洗各式容器貨號 毛徑x毛長x毛尖x全長mm 價格eaD8TU-101001D8TU-101002D8TU-101003D8TU-101004特大 57x 140x50x 500大 54x110x38x370中 40x85x34x320小 35x65x30x270 A基礎實驗器材以上價格與規格僅供參考 , 請以實際報價為主 A-143毛刷","https://ec.dgs.com.tw/catalog/files/basic-html/page155.html","https://ec.dgs.com.tw/catalog/catalog.html#p=155","2026-02-24T05:56:40.562Z"
"dgs_ecatalog-p156-c1","dgs_ecatalog","A","156","1","3","貨號 毛徑x毛長x全長mm 材質 價格eaD8TU-102001D8TU-102002D8TU-102003D8TU-10200420mL 30x125x28010mL 25x 110x2305mL 20x90x2102mL 12x70x140馬毛馬毛羊毛羊毛 注射筒刷 台製Brush, for Syringe˙適用於清洗注射筒或試管貨號 毛徑x毛長x全長mm 價格eaD8TU-103000 25x150x900 滴定管刷 台製Brush, for Buret˙用於清洗滴定管使用不鏽鋼吸管刷 台製Brush, for Pipet˙尼龍毛搭配不鏽鋼線編製而成貨號 毛徑x毛長x全長mm 價格eaD8TU-104001D8TU-104002D8TU-104005D8TU-104010D8TU-1040203x120x4205x120x4208x120x42010x120x42019x120x420貨號 毛徑x毛長x全長mm 價格eaD8TU-105000 80x140x300 燒杯刷 木柄 台製Brush, for Beaker˙豬鬃毛刷,木柄˙適合用於清洗燒杯等大口容器貨號 毛徑x毛長x全長mm 適用容量 價格eaD8TU-10","https://ec.dgs.com.tw/catalog/files/basic-html/page156.html","https://ec.dgs.com.tw/catalog/catalog.html#p=156","2026-02-24T05:56:40.562Z"
"dgs_ecatalog-p156-c2","dgs_ecatalog","A","156","2","3","80x140x300 燒杯刷 木柄 台製Brush, for Beaker˙豬鬃毛刷,木柄˙適合用於清洗燒杯等大口容器貨號 毛徑x毛長x全長mm 適用容量 價格eaD8TU-107001D8TU-10700280x160x300100x200x300250mL燒瓶500mL燒瓶三角燒瓶刷 台製Brush, for Flask˙適用於清洗三角燒瓶, 圓底平底燒瓶天秤刷 台製Brush, for Balance ˙木柄馬毛材質貨號 描述 價格eaD8TU-108001 握柄13cm, 毛長約6cm, 全長27公分不鏽鋼推車 台製Cart˙整體為不鏽鋼材質˙長60x寬45x高80cm˙上下層平面置物板採用0.8mm不鏽鋼板˙腳管採用Φ1\.2mm不鏽鋼圓管˙上層三面護欄採用Φ6.3mm不鏽鋼圓條,欄高5cm˙下層三面護欄採用不鏽鋼5分扁鐵,欄高5cm˙下層平面置物板可使用高度約40cm˙附四個4\貨號 LxWxH(mm) 價格eaD8US-YH044 兩層 600x450x800 不鏽鋼推車 台製Cart˙整體為不鏽鋼材質˙三層平面置物板採用0.8mm不鏽鋼板˙腳管採用Φ1\.2mm不鏽鋼圓管˙四面護欄採用Φ6.3 mm不鏽鋼圓","https://ec.dgs.com.tw/catalog/files/basic-html/page156.html","https://ec.dgs.com.tw/catalog/catalog.html#p=156","2026-02-24T05:56:40.562Z"
"dgs_ecatalog-p156-c3","dgs_ecatalog","A","156","3","3","兩層 600x450x800 不鏽鋼推車 台製Cart˙整體為不鏽鋼材質˙三層平面置物板採用0.8mm不鏽鋼板˙腳管採用Φ1\.2mm不鏽鋼圓管˙四面護欄採用Φ6.3 mm不鏽鋼圓條,欄高5cm˙第二.三層平面置物板可使用高度約30cm˙附\貨號 LxWxH(mm) 價格eaD8US-YH045 三層 700x450x850不鏽鋼推車 台製Cart˙整體為不鏽鋼材質˙上下層凹面置物板採用1.0mm 不鏽鋼板(護欄高5cm)˙腳架採用1-1/2\.5mm不鏽鋼角鐵˙第二層可使用高度約50cm ˙附\貨號 LxWxH(mm) 價格eaD8US-YH046 兩層 700x450x850 A基礎實驗器材A-144 以上價格與規格僅供參考 , 請以實際報價為主 推車","https://ec.dgs.com.tw/catalog/files/basic-html/page156.html","https://ec.dgs.com.tw/catalog/catalog.html#p=156","2026-02-24T05:56:40.562Z"
"dgs_ecatalog-p157-c1","dgs_ecatalog","A","157","1","4","不鏽鋼推車 台製Cart˙整體為不鏽鋼材質˙上下三層凹面置物板採用1.0mm不鏽鋼板(護欄高5cm)˙腳架採用1-1/2\.5mm不鏽鋼角鐵˙第二層及第三層可使用高度約30cm˙附\貨號 LxWxH(mm) 價格eaD8US-YH047 三層 700x450x850 塑鋼推車 台製Cart˙整體ABS塑鋼材質製成˙主架55.3cm˙層板長68x寬45cm˙重量11kg˙附\貨號 LxWxH(mm) 價格eaD8US-YH501 二層 850x480x950 塑鋼推車 台製Cart˙整體ABS塑鋼材質製成˙主架27.5cm˙層板長68x寬45cm˙重量14.2kg˙附\貨號 LxWxH(mm) 價格eaD8US-YH502 三層 850x480x1000量瓶塞 PE KIMBLEStopper, Linear High-Density PE ˙PE材質˙能符合多數美規量瓶貨號 磨砂 價格eaAK28160R-00008AK28160R-00009AK28160R-00013AK28160R-00016AK28160R-00019AK28160R-00022AK28160R-00027AK28160R-0003289131619","https://ec.dgs.com.tw/catalog/files/basic-html/page157.html","https://ec.dgs.com.tw/catalog/catalog.html#p=157","2026-02-24T05:56:40.562Z"
"dgs_ecatalog-p157-c2","dgs_ecatalog","A","157","2","4","28160R-00013AK28160R-00016AK28160R-00019AK28160R-00022AK28160R-00027AK28160R-0003289131619222732 量瓶塞 PTFEKIMBLEStopper, Solid, PTFE, Color-Coded˙PTFE材質,耐化學性優˙適用於量瓶,有栓量筒,分液漏斗等等...˙8-22號磨砂塞為實心PTFE製成,27-38號磨砂塞則為空心貨號 磨砂塞 上徑mm H(mm) 價格eaAK41901R-00008AK41901R-00009AK41901R-00013AK41901R-00016AK41901R-00019AK41901R-00022AK41901R-00027AK41901R-00032AK41901R-000388913161922273238 8.25 9.4013.4016.5019.7022.0527.1532.1538.0010.014.014.015.017.020.521.521.230.0 磨砂塞 PTFE KIMBLEStopper, Solid, PTFE, Color-Coded˙PTFE材質,耐化學性優˙適用","https://ec.dgs.com.tw/catalog/files/basic-html/page157.html","https://ec.dgs.com.tw/catalog/catalog.html#p=157","2026-02-24T05:56:40.562Z"
"dgs_ecatalog-p157-c3","dgs_ecatalog","A","157","3","4","015.017.020.521.521.230.0 磨砂塞 PTFE KIMBLEStopper, Solid, PTFE, Color-Coded˙PTFE材質,耐化學性優˙適用於磨口燒瓶等磨砂口的玻璃儀器˙彩色的頂部色片利於辨識˙磨口符合國際規範貨號 磨砂塞 上徑mm H(mm) 價格eaAK41941R-00019AK41941R-00024AK41941R-00029AK41941R-0003419/2224/4029/4234/4518.824.029.234.522303540磨砂塞 PE witegStopper, PE˙PE材質˙適於歐規量瓶,或標準磨口的設備貨號 磨砂 價格eaAG-0306007AG-0306010AG-0306012AG-0306014AG-0306019AG-0306024AG-0306029AG-0306034AG-03060457/1610/1912/2114/2319/2624/2929/3234/3545/40磨砂塞 PE ISOLABStopper, PE˙PE材質˙適於歐規量瓶,或標準磨口的設備貨號 磨砂 ea/bx 價格eaAIL-05108010AIL-05108012","https://ec.dgs.com.tw/catalog/files/basic-html/page157.html","https://ec.dgs.com.tw/catalog/catalog.html#p=157","2026-02-24T05:56:40.562Z"
"dgs_ecatalog-p157-c4","dgs_ecatalog","A","157","4","4","45/40磨砂塞 PE ISOLABStopper, PE˙PE材質˙適於歐規量瓶,或標準磨口的設備貨號 磨砂 ea/bx 價格eaAIL-05108010AIL-05108012AIL-05108014AIL-05108019AIL-05108024AIL-0510802910/1912/2114/2319/2624/2929/32101010101010A基礎實驗器材以上價格與規格僅供參考 , 請以實際報價為主 A-145磨砂塞","https://ec.dgs.com.tw/catalog/files/basic-html/page157.html","https://ec.dgs.com.tw/catalog/catalog.html#p=157","2026-02-24T05:56:40.562Z"
"dgs_ecatalog-p158-c1","dgs_ecatalog","A","158","1","3","磨砂塞 PP VITLABStopper, PP˙PP材質˙29/32以下規格為四方形紅色蓋˙34/45以上為八邊形黑色蓋˙用於歐規量瓶,PP過濾吸引瓶貨號 磨砂 價格eaBV-90694BV-90794BV-90894BV-90994BV-91094BV-91194BV-91294BV-91394BV-9149410/1912/2114.5/2319/2624/2929/3234/3545/4060/46空心玻璃磨砂塞witegStopper, Hollow, Glass˙DURAN硼矽酸玻璃製成˙適於歐規量瓶,或標準磨口的設備貨號 磨砂 價格eaAG-0302007AG-0302010AG-0302012AG-0302014AG-0302019AG-0302024AG-0302029AG-0302034AG-03020457/1610/1912/2114/2319/2624/2929/3234/3545/40空心玻璃磨砂塞 茶色 witegStopper, Hollow, Glass, Amber˙DURAN硼矽酸玻璃製成˙適於歐規量瓶,或標準磨口的設備貨號 磨砂 價格eaAG-0303007AG-0303010AG-0","https://ec.dgs.com.tw/catalog/files/basic-html/page158.html","https://ec.dgs.com.tw/catalog/catalog.html#p=158","2026-02-24T05:56:40.562Z"
"dgs_ecatalog-p158-c2","dgs_ecatalog","A","158","2","3","opper, Hollow, Glass, Amber˙DURAN硼矽酸玻璃製成˙適於歐規量瓶,或標準磨口的設備貨號 磨砂 價格eaAG-0303007AG-0303010AG-0303012AG-0303014AG-0303019AG-0303024AG-03030297/1610/1912/2114/2319/2624/2929/32空心玻璃磨砂塞 ISOLABStopper, Hollow, Glass˙硼矽酸玻璃製成˙適於歐規量瓶或標準磨口的設備貨號 磨砂 ea/bx 價格eaAIL-05103001AIL-05103002AIL-05103003AIL-05103004AIL-05103005AIL-05103006AIL-0510300710/1912/2114/2319/2624/2929/3234/3510101010101010空心玻璃磨砂塞 台製Stopper, Hollow, Glass˙硼矽酸玻璃製成˙加工製品貨號 磨砂 價格eaDG41890R-01030DG41890R-01420DG41890R-01423DG41890R-01938DG41890R-02440DG41890R-02932DG4","https://ec.dgs.com.tw/catalog/files/basic-html/page158.html","https://ec.dgs.com.tw/catalog/catalog.html#p=158","2026-02-24T05:56:40.562Z"
"dgs_ecatalog-p158-c3","dgs_ecatalog","A","158","3","3","格eaDG41890R-01030DG41890R-01420DG41890R-01423DG41890R-01938DG41890R-02440DG41890R-02932DG41890R-02942DG41890R-0344510/3014/2014/2319/3824/4029/3229/4234/40實心玻璃磨砂塞 台製Stopper, Solid, Glass˙硼矽酸玻璃製成˙加工製品貨號 磨砂 價格eaDG850100-00013DG850100-00016DG850100-00019DG850100-00022DG850100-00027DG850100-01423DG850100-02440DG850100-0293213 1619222714/2324/4029/32A基礎實驗器材A-146 以上價格與規格僅供參考 , 請以實際報價為主 磨砂塞","https://ec.dgs.com.tw/catalog/files/basic-html/page158.html","https://ec.dgs.com.tw/catalog/catalog.html#p=158","2026-02-24T05:56:40.562Z"
"dgs_ecatalog-p159-c1","dgs_ecatalog","A","159","1","4","血清塞 台製Rubber Stopper for Tubes˙白色橡膠材質製成˙底端塞入試管後,上緣可外翻包住試管口增加密封性貨號 OD(mm) ea/pk 價格eaD33G-19006D33G-19011D33G-19013D33G-19014D33G-19016D33G-19018D33G-19024611131416182450505050505050矽膠塞 台製Silicone Stopper˙矽膠製貨號 型號 上徑x下徑xHmm ea/pk 價格eaD33G-21000D33G-21001D33G-21002D33G-21003D33G-21004D33G-21005D33G-21006D33G-21007D33G-21008D33G-21009D33G-21010D33G-21011#0#1#2#3#4#5#6#7#8#9#10#1112.5x10x16.515x12x1616x13.5x1718x15x1919x15.5x18.519.5x16x2123x17x2326x20.5x2527x22x2829x24x2933x27x3034x30x31100100100505050501010101010D33G-","https://ec.dgs.com.tw/catalog/files/basic-html/page159.html","https://ec.dgs.com.tw/catalog/catalog.html#p=159","2026-02-24T05:56:40.562Z"
"dgs_ecatalog-p159-c2","dgs_ecatalog","A","159","2","4",".5x16x2123x17x2326x20.5x2527x22x2829x24x2933x27x3034x30x31100100100505050501010101010D33G-21012D33G-21013D33G-21014D33G-21015D33G-21016D33G-21017D33G-21018#12#13#14#15#16#17#1836x31x3139x34x3141x36x3143x37x3247x39x3648x42x3851x45x405555555D33G-21019D33G-21020D33G-21021D33G-21022D33G-21023D33G-21024D33G-21025D33G-21026D33G-21027D33G-21028D33G-21029D33G-21030#19#20#21#22#23#24#25#26#27#28#29#3055x49x5159x50x4162x53x4165x57x4167x60x4170x61x4174x66x4779x69x4783x73x4787x77x4793x83x47101x94x60222222222222橡皮塞 台製Rubber Sto","https://ec.dgs.com.tw/catalog/files/basic-html/page159.html","https://ec.dgs.com.tw/catalog/catalog.html#p=159","2026-02-24T05:56:40.562Z"
"dgs_ecatalog-p159-c3","dgs_ecatalog","A","159","3","4","60x4170x61x4174x66x4779x69x4783x73x4787x77x4793x83x47101x94x60222222222222橡皮塞 台製Rubber Stopper˙橡膠製貨號 型號 上徑x下徑xHmm ea/pk 價格eaD33G-22000D33G-22001D33G-22002D33G-22003D33G-22004D33G-22005D33G-22006D33G-22007D33G-22008D33G-22009D33G-22010D33G-22011#0#1#2#3#4#5#6#7#8#9#10#1112.5x10x16.515x12x1616x13.5x1718x15x1919x15.5x18.519.5x16x2123x17x2326x20.5x2527x22x2829x24x2933x27x3034x30x31100100100505050501010101010D33G-22012D33G-22013D33G-22014D33G-22015D33G-22016D33G-22017D33G-22018#12#13#14#15#16#17#1836x31x3139x34x3141x36x","https://ec.dgs.com.tw/catalog/files/basic-html/page159.html","https://ec.dgs.com.tw/catalog/catalog.html#p=159","2026-02-24T05:56:40.562Z"
"dgs_ecatalog-p159-c4","dgs_ecatalog","A","159","4","4","G-22014D33G-22015D33G-22016D33G-22017D33G-22018#12#13#14#15#16#17#1836x31x3139x34x3141x36x3143x37x3247x39x3648x42x3851x45x405555555D33G-22019D33G-22020D33G-22021D33G-22022D33G-22023D33G-22024D33G-22025D33G-22026D33G-22027D33G-22028D33G-22029D33G-22030#19#20#21#22#23#24#25#26#27#28#29#3055x49x5159x50x4162x53x4165x57x4167x60x4170x61x4174x66x4779x69x4783x73x4787x77x4793x83x47101x94x60222222222222A基礎實驗器材以上價格與規格僅供參考 , 請以實際報價為主 A-147矽/橡膠塞","https://ec.dgs.com.tw/catalog/files/basic-html/page159.html","https://ec.dgs.com.tw/catalog/catalog.html#p=159","2026-02-24T05:56:40.562Z"
"dgs_ecatalog-p160-c1","dgs_ecatalog","A","160","1","4","軟木塞 台製Cork Stopper˙軟木材質貨號 型號 上底x下底xHmm 價格eaD33C-23000D33C-23001D33C-23002D33C-23003D33C-23004D33C-23005D33C-23007D33C-23009D33C-23010#0#1#2#3#4#5#7#9#107.5x5x108x6x1210x7x1511x8x1513x9x1614x10x1816x12x2018x14x2219x15x25D33C-23011D33C-23012D33C-23013D33C-23014D33C-2301P#11#12#13#14#1P21x17x2822x18x2823x19x3025x20x3028x23x30D33C-2302PD33C-23025PD33C-2303PD33C-2304P#2P#2.5P#3P#4P30x25x3032x28x3235x30x3537x32x35型號上徑x下徑x高mmD33G-090006個1組台製D33G-00027個1組台製D33G-090018個1組德製#1 21x13x15 27x17x20 22x11x18#2 29x19x19 33x21x25 2","https://ec.dgs.com.tw/catalog/files/basic-html/page160.html","https://ec.dgs.com.tw/catalog/catalog.html#p=160","2026-02-24T05:56:40.562Z"
"dgs_ecatalog-p160-c2","dgs_ecatalog","A","160","2","4","006個1組台製D33G-00027個1組台製D33G-090018個1組德製#1 21x13x15 27x17x20 22x11x18#2 29x19x19 33x21x25 28x16x23#3 37x24x24 41x27x27 35x20x25#4 45x29x30 52x32x33 42x25x30#5 52x34x32 68x47x35 50x30x35#6 62x42x35 78x57x35 63x43x35#7 90x67x40 76x56x37#8 89x65x40過濾漏斗用橡膠塞Stoppers for Funnels貨號 規格 價格setD33G-09000D33G-09002D33G-090016個一組台製7個一組台製8個一組德製˙適用於布氏漏斗或坩堝型漏斗使用D33G-09000 D33G-09002˙耐化學性:以下列藥品(室溫23℃)浸漬,放置一週時間表二分類 藥品名 Chemicals SILICONSEN酸類Acids鹽酸(3%) Hydrochloric acid ○硫酸(10%) Sulfuric acid ◎硝酸(7%) Nitric acid △醋酸(5%) Acetic acid ○","https://ec.dgs.com.tw/catalog/files/basic-html/page160.html","https://ec.dgs.com.tw/catalog/catalog.html#p=160","2026-02-24T05:56:40.562Z"
"dgs_ecatalog-p160-c3","dgs_ecatalog","A","160","3","4","s鹽酸(3%) Hydrochloric acid ○硫酸(10%) Sulfuric acid ◎硝酸(7%) Nitric acid △醋酸(5%) Acetic acid ○鹽基BasesSaltsOthers氫氧化鈉(20%) NaOH ○碳酸鈉(20%) Sodium carbonate ○氯化鈉(10%) Sodium chloride ◎氨水(10%) Aqueous ammonia ○雙氧水(3%) Hydrogen peroxide ◎水(23℃) Water ◎沸騰水(100℃) Water ○油 Oils植物油 vegetable oil ○機油 JIS# Oil ○矽油 Silicone Oil ○有機化合物Solvents乙醇 Ethyl alcohol △丙酮 Acetone △Carbon tetrachloride X甲苯 Toluene X中性清洗劑 Neutral detergent ◎圖例說明:◎: 75%˙耐熱性:可乾熱滅菌方式(180℃ 15~30 min),高壓蒸氣滅菌方式(120℃ 20~30min),可重覆使用˙水分蒸發量: 水份蒸發速度較綿栓少1/2(指T-Type系列) 試","https://ec.dgs.com.tw/catalog/files/basic-html/page160.html","https://ec.dgs.com.tw/catalog/catalog.html#p=160","2026-02-24T05:56:40.562Z"
"dgs_ecatalog-p160-c4","dgs_ecatalog","A","160","4","4","熱性:可乾熱滅菌方式(180℃ 15~30 min),高壓蒸氣滅菌方式(120℃ 20~30min),可重覆使用˙水分蒸發量: 水份蒸發速度較綿栓少1/2(指T-Type系列) 試驗方法:以中試管注入5mL水放置Shin-EtsuSILICOSEN 透氣塞特性˙通氣性:試驗方法:26mm水柱的流量以浮遊式流量計測定 (使用容器:500mL三角瓶)表一Type 通氣量(cc/min) 型號T-Type 30~120 T-42C-Type 2000~4500 C-55S-Type 2500~4500 S-40BIO-SCILION 3800~4500 N-42A基礎實驗器材A-148 以上價格與規格僅供參考 , 請以實際報價為主 透氣塞","https://ec.dgs.com.tw/catalog/files/basic-html/page160.html","https://ec.dgs.com.tw/catalog/catalog.html#p=160","2026-02-24T05:56:40.562Z"
"dgs_ecatalog-p161-c1","dgs_ecatalog","A","161","1","5","透氣塞 高透氣 低蒸發量型Shin-EtsuStopper, for Test Tubes, Center Sponge, Silicone˙發泡大小均一,可提供安定的高透氣性˙適合振盪培養、耐久性和操作性都很優秀˙沒有表層,具有優異的可清洗性和器皿匹配性˙僅可121℃高溫高壓滅菌貨號 型號 上徑x下徑x高mm ea/pk 價格eaC33C-04012C33C-04015C33C-04017C33C-04019C33C-04022C33C-04024C33C-04028N-12N-15N-17N-19N-22N-24N-2813x9x3016x11x3619x13x4021x15x4424x18x4826x20x5230x21x54100100100100100100100C33C-04032C33C-04038C33C-04042C33C-04052N-32N-38N-42N-5234x22x6040x26x7444x30x7854x40x8650502520矽膠封口蓋 KIMBLESilcone lids貨號 描述 價格eaAK29111-01111AK29111-01128AK29111-01136AK29111-02","https://ec.dgs.com.tw/catalog/files/basic-html/page161.html","https://ec.dgs.com.tw/catalog/catalog.html#p=161","2026-02-24T05:56:40.562Z"
"dgs_ecatalog-p161-c2","dgs_ecatalog","A","161","2","5","0502520矽膠封口蓋 KIMBLESilcone lids貨號 描述 價格eaAK29111-01111AK29111-01128AK29111-01136AK29111-02116AK29111-02124AK29111-02132AK29111-03112AK29111-03129AK29111-03137S,粉紅色,適用瓶口Ø43~61mmS,藍色,適用瓶口Ø43~61mmS,綠色,適用瓶口Ø43~61mmM,粉紅色,適用瓶口Ø64~76mmM,藍色,適用瓶口Ø64~76mmM,綠色,適用瓶口Ø64~76mmL,粉紅色,適用瓶口Ø84~116mmL,藍色,適用瓶口Ø84~116mmL,綠色,適用瓶口Ø84~116mm˙矽膠材質,可高溫高壓滅菌˙適用於燒杯、燒瓶、瓶子、量筒、等塑膠和玻璃製品˙密封性佳,防止液體溢出洩漏與蒸發˙多種顏色,方便快速識別,益於實驗室標示管理橡膠簡易吸球 台製Rubber Bulb for Pipets and Syringes˙橡膠製成彈性佳˙可搭配吸管使用貨號 規格 ea/pk 價格eaD32G-05000 5~35mL用 10透氣塞 內塞型 Shin-EtsuStopper, for","https://ec.dgs.com.tw/catalog/files/basic-html/page161.html","https://ec.dgs.com.tw/catalog/catalog.html#p=161","2026-02-24T05:56:40.562Z"
"dgs_ecatalog-p161-c3","dgs_ecatalog","A","161","3","5","yringes˙橡膠製成彈性佳˙可搭配吸管使用貨號 規格 ea/pk 價格eaD32G-05000 5~35mL用 10透氣塞 內塞型 Shin-EtsuStopper, for Test Tubes, Center Sponge, Silicone˙多孔性矽膠可透氣,並防止異物進入培養試管中˙水份蒸發量低,減少培養液揮發˙矽膠製成可高壓滅菌˙適用於微生物培養用貨號 型號 上徑x下徑x高mm ea/pk 價格eaC33C-01010C33C-01012C33C-01015C33C-01017C33C-01019C33C-01022C33C-01024C33C-01028T-10T-12T-15T-17T-19T-22T-24T-2810x6x3012x9x3115x11x3517x13x4019x15x4222x18x4524x20x5228x20x55100100100100100100100100C33C-01032C33C-01038C33C-01042C33C-01052C33C-01066C33C-01076T-32T-38T-42T-52T-66T-7632x22x5538x26x7542x32x8552x42x","https://ec.dgs.com.tw/catalog/files/basic-html/page161.html","https://ec.dgs.com.tw/catalog/catalog.html#p=161","2026-02-24T05:56:40.562Z"
"dgs_ecatalog-p161-c4","dgs_ecatalog","A","161","4","5","-01042C33C-01052C33C-01066C33C-01076T-32T-38T-42T-52T-66T-7632x22x5538x26x7542x32x8552x42x10066x54x10076x64x100505025201010透氣塞 蓋型Shin-EtsuStopper, for Test Tubes, Center Sponge, Silicone˙多孔性矽膠可透氣,並防止異物掉入˙矽膠製成可高壓滅菌 ˙緊密佳˙蓋型設計,可用於培養瓶使用,高度為28mm˙適用於微生物振盪培養用貨號 型號 ID(mm) 適用燒瓶mL ea/pk 價格eaC33C-02020C33C-02030C33C-02040C33C-02055C33C-02065C-20C-30C-40C-55C-65121827344250100300~500100030001005025242透氣塞 高透氣內塞型Shin-EtsuStopper, for Test Tubes, Center Sponge, Silicone˙多孔性矽膠可透氣,並防止異物進入培養試管中˙高透氣性˙矽膠製成可高壓滅菌˙適用嗜氣性菌振盪培養貨號 型號 上徑x下徑x高","https://ec.dgs.com.tw/catalog/files/basic-html/page161.html","https://ec.dgs.com.tw/catalog/catalog.html#p=161","2026-02-24T05:56:40.562Z"
"dgs_ecatalog-p161-c5","dgs_ecatalog","A","161","5","5","ubes, Center Sponge, Silicone˙多孔性矽膠可透氣,並防止異物進入培養試管中˙高透氣性˙矽膠製成可高壓滅菌˙適用嗜氣性菌振盪培養貨號 型號 上徑x下徑x高mm ea/pk 價格eaC33C-03028C33C-03035C33C-03040S-28S-35S-4028x17x4535x24x5039x28x50101010A基礎實驗器材以上價格與規格僅供參考 , 請以實際報價為主 A-149矽膠封口蓋","https://ec.dgs.com.tw/catalog/files/basic-html/page161.html","https://ec.dgs.com.tw/catalog/catalog.html#p=161","2026-02-24T05:56:40.562Z"
"dgs_ecatalog-p162-c1","dgs_ecatalog","A","162","1","3","橡膠帽 台製Rubber Bulb˙橡膠製成彈性佳˙可搭配滴管使用貨號 容量mL ea/pk 價格eaD32G-07101D32G-07102D32G-071051 2 5 10010050 矽膠帽 台製Silicone Rubber Bulb˙矽膠製成抗化學性佳˙可搭配滴管使用貨號 容量mL ea/pk 價格eaD32G-08001D32G-08002D32G-080051 2 5 505050 矽膠帽 日製Silicone Rubber Bulb˙矽膠製成抗化學性佳˙可搭配滴管使用貨號 容量mL ea/pk 價格eaAS-08002AS-08005AS-080102510505030洗滌球 台製Rubber Bulb˙橡膠製˙可吸入清洗液來洗滌窄口之容器貨號 規格 ea/bx 價格eaD32G-20003D32G-20005D32G-20008#3 60mL#5 100mL#8 150mL666玻璃注射筒 玻璃頭 經濟型Syringe˙玻璃材質製成,可重複使用˙注射穩定,氣密性高˙適用於動物檢驗或實驗,不可用於人體注射貨號 容量mL ea/bx 價格eaC57G-49002C57G-49005C57G-49010C57G","https://ec.dgs.com.tw/catalog/files/basic-html/page162.html","https://ec.dgs.com.tw/catalog/catalog.html#p=162","2026-02-24T05:56:40.562Z"
"dgs_ecatalog-p162-c2","dgs_ecatalog","A","162","2","3","製成,可重複使用˙注射穩定,氣密性高˙適用於動物檢驗或實驗,不可用於人體注射貨號 容量mL ea/bx 價格eaC57G-49002C57G-49005C57G-49010C57G-49020C57G-49030C57G-49050C57G-49100251020305010012121212121212玻璃注射筒 玻璃頭 TOPSyringe˙玻璃材質製成,可重複使用˙注射穩定,氣密性高˙適用於動物檢驗或實驗,不可用於人體注射貨號 容量mL ea/bx 價格eaC57T-49005C57T-49010C57T-49020C57T-49050C57T-4910051020501001212121212玻璃注射筒 鐵頭 經濟型Syringe˙玻璃材質製成,可重複使用˙注射穩定,氣密性高˙前端附有不鏽鋼製成之luer lock,可防止針頭鬆脫˙適用於動物檢驗或實驗,不可用於人體注射貨號 容量mL ea/bx 價格eaC57G-50002C57G-50005C57G-50010C57G-50020C57G-50030C57G-50050C57G-50100251020305010012121212121212玻璃注射筒 鐵頭 TO","https://ec.dgs.com.tw/catalog/files/basic-html/page162.html","https://ec.dgs.com.tw/catalog/catalog.html#p=162","2026-02-24T05:56:40.562Z"
"dgs_ecatalog-p162-c3","dgs_ecatalog","A","162","3","3","05C57G-50010C57G-50020C57G-50030C57G-50050C57G-50100251020305010012121212121212玻璃注射筒 鐵頭 TOPSyringe˙玻璃材質製成,可重複使用˙注射穩定,氣密性高˙前端附有不鏽鋼製成之luer lock,可防止針頭鬆脫˙適用於動物檢驗或實驗,不可用於人體注射貨號 容量mL ea/bx 價格eaC57T-50002C57T-50005C57T-50010C57T-50020C57T-50050251020501212121212A基礎實驗器材A-150 以上價格與規格僅供參考 , 請以實際報價為主 矽/橡膠帽","https://ec.dgs.com.tw/catalog/files/basic-html/page162.html","https://ec.dgs.com.tw/catalog/catalog.html#p=162","2026-02-24T05:56:40.562Z"
"dgs_ecatalog-p163-c1","dgs_ecatalog","A","163","1","3","塑膠注射筒 TERUMOSyringe˙單支拋棄式無菌包裝˙最小訂購量1bx˙衛署醫器輸字第009886號˙衛部醫器陸輸字第000774號˙衛署醫器輸字第007518號貨號 規格 ea/bx 價格bxC57T-48010000SC57T-48012516S1mL直插不附針1mL直插附針 25G*5/8\100100C57T-48030000LC57T-48030000SC57T-48032425LC57T-48032425S3mL螺旋不附針3mL直插不附針3mL螺旋附針 24G*1\3mL直插附針 24G*1\100100100100C57T-48050000LC57T-48050000SC57T-48052332SC57T-48052332LC57T-48052325S5mL螺旋不附針5mL直插不附針5mL直插附針23G*1-1/4\5mL螺旋附針23G*1-1/4\5mL直插附針23G*1\100100100100100C57T-48100000LC57T-48100000SC57T-48102138SC57T-48102138LC57T-48102238L10mL螺旋不附針10mL直插不附針10mL直插附針21G*1-","https://ec.dgs.com.tw/catalog/files/basic-html/page163.html","https://ec.dgs.com.tw/catalog/catalog.html#p=163","2026-02-24T05:56:40.562Z"
"dgs_ecatalog-p163-c2","dgs_ecatalog","A","163","2","3","0LC57T-48100000SC57T-48102138SC57T-48102138LC57T-48102238L10mL螺旋不附針10mL直插不附針10mL直插附針21G*1-1/2\10mL螺旋附針21G*1-1/2\10mL螺旋附針22G*1-1/2\100100100100100C57T-48200000LC57T-48200000SC57T-48300000LC57T-48300000SC57T-48600000SC57T-48600000L20mL螺旋不附針20mL直插偏心不附針30mL螺旋不附針30mL直插不附針60mL直插不附針60mL螺旋不附針505025255025塑膠注射筒 TOPSyringe˙單支拋棄式無菌包裝˙適用於動物檢驗或實驗,不可用於人體注射˙最小訂購量1bx˙衛署醫器製字第000297號˙衛署醫器製字第000298號貨號 容量mL ea/bx 價格bxC57T-47012516SC57T-47032425SC57T-47030000SC57T-47050000SC57T-47052325SC57T-47100000SC57T-47102332SC57T-47200000SC57T-472","https://ec.dgs.com.tw/catalog/files/basic-html/page163.html","https://ec.dgs.com.tw/catalog/catalog.html#p=163","2026-02-24T05:56:40.562Z"
"dgs_ecatalog-p163-c3","dgs_ecatalog","A","163","3","3","7T-47030000SC57T-47050000SC57T-47052325SC57T-47100000SC57T-47102332SC57T-47200000SC57T-47202325SC57T-47300000SC57T-47500000S1 附針25G x 5/8\2.5 附針24G x 1\2.5 不附針5 不附針5 附針23G x 1\10 不附針10 附針23G x 1-1/4\20 不附針20 附針23G x 1\30 不附針50 不附針10010010010010010010050505025連續注射器SOCOREXSelf-Refilling Syringe,SOCOREX˙將矽膠軟管或吸取針頭插入藥瓶中即可抽取注射˙適用於小量多次注射使用 ˙可整支121度高溫高壓滅菌貨號 容量mL 最小刻度mL 誤差% 價格eaCSO-56001CSO-56002CSO-56005CSO-560100.１~10.3~20.5~51~100.050.10.51","https://ec.dgs.com.tw/catalog/files/basic-html/page163.html","https://ec.dgs.com.tw/catalog/catalog.html#p=163","2026-02-24T05:56:40.562Z"
"dgs_ecatalog-p164-c1","dgs_ecatalog","A","164","1","5","加長型 不鏽鋼注射針頭 台製Syringe Needle˙NO.18=外徑1.26x內徑0.96/mm˙NO.20=外徑0.96x內徑0.60/mm˙NO.22=外徑0.70x內徑0.40/mm貨號 針頭型式 長度cm 價格eaC57T-5101805C57T-5101810C57T-5101815C57T-5101820C57T-5101825C57T-5101830#18#18#18#18#18#1851015202530C57T-5102005C57T-5102010C57T-5102015C57T-5102020C57T-5102025C57T-5102030#20#20#20#20#20#2051015202530C57T-5102205C57T-5102210C57T-5102215C57T-5102220C57T-5102225C57T-5102230#22#22#22#22#22#2251015202530C57T-5201860C57T-5202050C57T-5202060#18 雙頭斜口針#20 雙頭斜口針#20 雙頭斜口針605060貨號 規格 ea/pk 價格pkG23101-00001G23101","https://ec.dgs.com.tw/catalog/files/basic-html/page164.html","https://ec.dgs.com.tw/catalog/catalog.html#p=164","2026-02-24T05:56:40.562Z"
"dgs_ecatalog-p164-c2","dgs_ecatalog","A","164","2","5","57T-5202050C57T-5202060#18 雙頭斜口針#20 雙頭斜口針#20 雙頭斜口針605060貨號 規格 ea/pk 價格pkG23101-00001G23101-00003G23101-00005G23101-00010G23101-000201mL 直插不附針3mL 直插不附針5mL 直插不附針10mL 直插不附針20mL 直插不附針100 100100 100100 塑膠注射器 HSWPlastic Luer-Slip Syringes˙注射筒及推桿為PP/PE塑膠材質,耐化學性佳˙推桿與活塞一體成型,氣密性高˙兩件式不含橡膠墊、矽油的推桿設計,減少與化學品及試劑的反應˙DEHP及DNA free,適用於多數的色層分析應用及特殊實驗微量注射器 700系列 標準型 HAMILTONSyringes, microliter˙適用於手動和自動GC或HPLC進樣˙標準針頭長度為51mm˙精確測量和分配液體的日常應用˙針筒與推進器無法互換˙N型為固定式針頭,RN為可換式針頭˙CHA-80366為多量包裝,6支/bx貨號 容量μl 型式 針頭型式 價格CHA-87900CHA-87930CHA-80300CHA-","https://ec.dgs.com.tw/catalog/files/basic-html/page164.html","https://ec.dgs.com.tw/catalog/catalog.html#p=164","2026-02-24T05:56:40.562Z"
"dgs_ecatalog-p164-c3","dgs_ecatalog","A","164","3","5","互換˙N型為固定式針頭,RN為可換式針頭˙CHA-80366為多量包裝,6支/bx貨號 容量μl 型式 針頭型式 價格CHA-87900CHA-87930CHA-80300CHA-80366CHA-80365CHA-80330CHA-80400CHA-80465CHA-80430551010101025252575N75RN701N701N701N701RN702N702N702RN尖頭 #26s尖頭 #26s尖頭 #26s尖頭 #26s平頭 #22s尖頭 #26s尖頭 #22s平頭 #22s尖頭 #22sCHA-80500CHA-80565CHA-80530CHA-80600CHA-80665CHA-80630CHA-80765505050100100100250705N705N705RN710N710N710RN725N尖頭 #22s平頭 #22s尖頭 #22s尖頭 #22s平頭 #22s尖頭 #22s平頭 #22s微量注射器 1000系列 大容量氣密型 HAMILTONSyringes, Gas tight˙1000系列注射器為1700系列注射器的大容量版本˙標準針頭長度為51mm˙適用於手動和自動GC或HPLC進樣˙","https://ec.dgs.com.tw/catalog/files/basic-html/page164.html","https://ec.dgs.com.tw/catalog/catalog.html#p=164","2026-02-24T05:56:40.562Z"
"dgs_ecatalog-p164-c4","dgs_ecatalog","A","164","4","5","容量氣密型 HAMILTONSyringes, Gas tight˙1000系列注射器為1700系列注射器的大容量版本˙標準針頭長度為51mm˙適用於手動和自動GC或HPLC進樣˙精確測量和分配液體的日常應用˙容量1mL至100mL˙針筒與推進器無法互換˙LTN型為固定式針頭,RN為可換式針頭,LT型為直插式不附針,TLL為螺旋式不附針貨號 容量mL 型式 針頭型式 價格eaCHA-81317CHA-81316CHA-81330CHA-81365CHA-81301CHA-81320CHA-81417CHA-81416CHA-81430CHA-814201111112.52.52.52.51001LTN1001LTN1001RN1001RN1001LT1001TLL1002LTN1002LTN1002RN1002TLL尖頭 #22平頭#22尖頭#22平頭#22無針無針尖頭 #22平頭#22尖頭#22無針CHA-81517CHA-81520CHA-81620CHA-82520CHA-85020CHA-86020551025501001005LTN1005TLL1010TLL1025TLL1050TLL1100TLL尖頭 #22無","https://ec.dgs.com.tw/catalog/files/basic-html/page164.html","https://ec.dgs.com.tw/catalog/catalog.html#p=164","2026-02-24T05:56:40.562Z"
"dgs_ecatalog-p164-c5","dgs_ecatalog","A","164","5","5","620CHA-82520CHA-85020CHA-86020551025501001005LTN1005TLL1010TLL1025TLL1050TLL1100TLL尖頭 #22無針無針無針無針無針A基礎實驗器材A-152 以上價格與規格僅供參考 , 請以實際報價為主 微量注射器","https://ec.dgs.com.tw/catalog/files/basic-html/page164.html","https://ec.dgs.com.tw/catalog/catalog.html#p=164","2026-02-24T05:56:40.562Z"
"dgs_ecatalog-p165-c1","dgs_ecatalog","A","165","1","5","微量注射器 1700系列 氣密型 HAMILTONSyringes, microliter, Gas tight˙1700系列注射器為700系列注射器的氣密版本˙標準針頭長度為51mm˙適用於手動和自動GC或HPLC進樣˙精確測量和分配液體的日常應用˙容量1μl至500μl˙針筒與推進器無法互換˙N/LTN型為固定式針頭,RN為可換式針頭,LT型為直插式不附針,TLL為螺旋式不附針貨號 容量μl 型式 針頭型式 價格eaCHA-80000CHA-80075CHA-80030CHA-80065CHA-8000110101010101701N1701N1701RN1701RN1701LT尖頭 #26s平頭 #26s尖頭 #26s平頭 #22s無針CHA-80200CHA-80275CHA-80230CHA-80265CHA-8020125252525251702N1702N1702RN1702RN1702LT尖頭 #22s平頭 #22s尖頭 #22s平頭 #22s無針CHA-80900CHA-80975CHA-80930CHA-80965CHA-80901CHA-809205050505050501705N1705N1705RN","https://ec.dgs.com.tw/catalog/files/basic-html/page165.html","https://ec.dgs.com.tw/catalog/catalog.html#p=165","2026-02-24T05:56:40.562Z"
"dgs_ecatalog-p165-c2","dgs_ecatalog","A","165","2","5","頭 #22s無針CHA-80900CHA-80975CHA-80930CHA-80965CHA-80901CHA-809205050505050501705N1705N1705RN1705RN1705LT1705TLL尖頭 #22s平頭 #22s尖頭 #22s平頭 #22s無針無針CHA-81000CHA-81075CHA-81030CHA-81065CHA-81001CHA-810201001001001001001001710N1710N1710RN1710RN1710LT1710TLL尖頭 #22s平頭 #22s尖頭 #22s平頭 #22s無針無針CHA-81100CHA-81175CHA-81130CHA-81165CHA-81101CHA-811202502502502502502501725LTN1725LTN1725RN1725RN1725LT1725TLL尖頭 #22s平頭 #22s尖頭 #22s平頭 #22s無針無針CHA-81217CHA-81216CHA-81230CHA-812015005005005001750LTN1750LTN1750RN 1750LT尖頭 #22平頭 #22尖頭 #22無針微量","https://ec.dgs.com.tw/catalog/files/basic-html/page165.html","https://ec.dgs.com.tw/catalog/catalog.html#p=165","2026-02-24T05:56:40.562Z"
"dgs_ecatalog-p165-c3","dgs_ecatalog","A","165","3","5","17CHA-81216CHA-81230CHA-812015005005005001750LTN1750LTN1750RN 1750LT尖頭 #22平頭 #22尖頭 #22無針微量注射器 7000系列 超微量型 HAMILTONSyringes, microliter˙適用於手動和自動GC或HPLC進樣˙標準針頭長度為70mm˙改良型設計,可使樣品完全排出不殘留˙針筒與推進器無法互換˙為固定式針頭貨號 容量μl 型式 針頭型式 價格eaCHA-86259CHA-86250CHA-80135CHA-80100CHA-88411CHA-88400CHA-88511CHA-88500CHA-88011CHA-880000.50.5112222557000.5KH7000.5KH7001KH7001KH7002KH7002KH7102KH7102KH7105KH7105KH尖頭 #25平頭 #25尖頭 #25平頭 #25尖頭 #25平頭 #25尖頭 #23平頭 #23尖頭 #24平頭 #24微量注射器針頭HAMILTONNeedles, microliter˙與可拆卸針頭注射器配合使用˙標準針頭長度為51mm˙針頭有尖頭與平頭兩種形","https://ec.dgs.com.tw/catalog/files/basic-html/page165.html","https://ec.dgs.com.tw/catalog/catalog.html#p=165","2026-02-24T05:56:40.562Z"
"dgs_ecatalog-p165-c4","dgs_ecatalog","A","165","4","5","平頭 #23尖頭 #24平頭 #24微量注射器針頭HAMILTONNeedles, microliter˙與可拆卸針頭注射器配合使用˙標準針頭長度為51mm˙針頭有尖頭與平頭兩種形式˙RN為可換式針頭注射器使用˙LT/TLL為直插式或螺旋式注射器使用˙包裝6ea/bx貨號 描述 針頭型式 價格bxCHA-775802CHA-776801CHA-775803CHA-777001CHA-777903CHA-778003CHA-777901CHA-778004CHA-90022CHA-91022RN 2.5μl-100μl 注射筒用RN 2.5μl-100μl 注射筒用RN 2.5μl-100μl 注射筒用RN 2.5μl-100μl 注射筒用RN 250μl-10mL 注射筒用RN 250μl-10mL 注射筒用RN 250μl-10mL 注射筒用RN 250μl-10mL 注射筒用LT及TLL注射筒用LT及TLL注射筒用尖頭#26s平頭#26s尖頭#22s平頭#22s尖頭#22s平頭#22s尖頭#22平頭#22尖頭#22平頭#22針頭銷毀器 台製Needle Terminator˙溫度800~1000°C˙18G-27G針頭用","https://ec.dgs.com.tw/catalog/files/basic-html/page165.html","https://ec.dgs.com.tw/catalog/catalog.html#p=165","2026-02-24T05:56:40.562Z"
"dgs_ecatalog-p165-c5","dgs_ecatalog","A","165","5","5","22s平頭#22s尖頭#22s平頭#22s尖頭#22平頭#22尖頭#22平頭#22針頭銷毀器 台製Needle Terminator˙溫度800~1000°C˙18G-27G針頭用貨號 WxDxH(mm) 規格 價格eaD94H-00001 130x130x110 電壓:110VA基礎實驗器材以上價格與規格僅供參考 , 請以實際報價為主 A-153微量注射器","https://ec.dgs.com.tw/catalog/files/basic-html/page165.html","https://ec.dgs.com.tw/catalog/catalog.html#p=165","2026-02-24T05:56:40.562Z"
"dgs_ecatalog-p166-c1","dgs_ecatalog","A","166","1","4","矽膠封口帶 Bel-ArtLoop, Silicone Rubber˙矽膠材質˙使用方式如同橡皮筋,可綑綁於袋口、瓶口等˙使用溫度-46~121℃,可於冷凍櫃使用及高溫高壓滅菌˙可綑綁直徑5~100mm貨號 描述 價格pkBB-203080000 紅黃藍三色, 每色10ea, 30ea/pk封口蠟膜 M PARAFILMParafilm˙厚度0.05英吋˙透明度佳˙具彈性˙防水度高˙無臭˙不規則表面,亦容易 附著包覆貨號 WxL(inxfeet) bx/cs 價格bxAM-PM992AM-PM9962x2504x1252412 AM-PM992 AM-PM996封口蠟膜切割器 HeathrowParafilm Dispensers˙ABS材質 ˙適用於封口蠟膜˙特殊保護裝置不割手˙尺寸120x171x156/mm ˙可放置4\˙切割器刀片每包(pk)5片貨號 描述 價格AHW-HS234525BAHW-HS234525CAHW-HS234525DAHW-HS234525R藍色綠色紅色切割器用刀片 5ea/pk 半罩式封口蠟膜切割器 HeathrowParafilm Dispensers˙ABS材質˙適用於封口蠟膜˙特殊保護裝","https://ec.dgs.com.tw/catalog/files/basic-html/page166.html","https://ec.dgs.com.tw/catalog/catalog.html#p=166","2026-02-24T05:56:40.562Z"
"dgs_ecatalog-p166-c2","dgs_ecatalog","A","166","2","4","HW-HS234525R藍色綠色紅色切割器用刀片 5ea/pk 半罩式封口蠟膜切割器 HeathrowParafilm Dispensers˙ABS材質˙適用於封口蠟膜˙特殊保護裝置不割手˙尺寸123x172x99/mm˙可放置4\˙附贈兩個安全刀片貨號 描述 價格AHW-HS120667AHW-HS120668AHW-HS120758AHW-HS120722藍色紫色原色切割器用刀片 3ea/pk 彩色標籤膠帶 小卷 LaboAdhesive Tape˙可貼在任何清潔的表面,如玻璃,金屬,陶瓷,塑膠等材質容器,撕下後不留殘膠˙可耐溫-23°C~121°C˙具有防水,耐油,耐酸˙可用符號筆,抗凍筆,鉛筆書寫˙尺寸寬3/4\,長500\˙顏色種類齊全,方便且完整標示樣品貨號 顏色 價格eaG23301-00001G23301-00002G23301-00003G23301-00004G23301-00005G23301-00006G23301-00007G23301-00008G23301-00009G23301-00010G23301-00011G23301-00012G23301-00013G23301-00014G2330","https://ec.dgs.com.tw/catalog/files/basic-html/page166.html","https://ec.dgs.com.tw/catalog/catalog.html#p=166","2026-02-24T05:56:40.562Z"
"dgs_ecatalog-p166-c3","dgs_ecatalog","A","166","3","4","7G23301-00008G23301-00009G23301-00010G23301-00011G23301-00012G23301-00013G23301-00014G23301-00015G23301-00016白黃綠紅橙藍粉紅銀紫紅淡紫水綠青綠鮭魚粉棕色玫瑰粉灰色彩色標籤膠帶大卷 LaboAdhesive Tape˙可貼在任何清潔的表面,如玻璃,金屬,陶瓷,塑膠,PTFE等材質容器,撕下後不留殘膠˙可耐溫-23°C~121°C˙具有防水,耐油,耐酸˙可用符號筆,抗凍筆,鉛筆書寫˙尺寸寬3/4\,長2160\˙顏色種類齊全,方便且完整標示樣品貨號 顏色 價格eaG23301-10001G23301-10002G23301-10003G23301-10004G23301-10005G23301-10006G23301-10007G23301-10008G23301-10009G23301-10010G23301-10011G23301-10012G23301-10013G23301-10014G23301-10015G23301-10016白黃綠紅橙藍粉紅銀紫紅淡紫水綠青綠鮭魚粉棕色玫瑰粉灰色A基礎實驗器材A-154 以","https://ec.dgs.com.tw/catalog/files/basic-html/page166.html","https://ec.dgs.com.tw/catalog/catalog.html#p=166","2026-02-24T05:56:40.562Z"
"dgs_ecatalog-p166-c4","dgs_ecatalog","A","166","4","4","2G23301-10013G23301-10014G23301-10015G23301-10016白黃綠紅橙藍粉紅銀紫紅淡紫水綠青綠鮭魚粉棕色玫瑰粉灰色A基礎實驗器材A-154 以上價格與規格僅供參考 , 請以實際報價為主 封口蠟膜","https://ec.dgs.com.tw/catalog/files/basic-html/page166.html","https://ec.dgs.com.tw/catalog/catalog.html#p=166","2026-02-24T05:56:40.562Z"
"dgs_ecatalog-p167-c1","dgs_ecatalog","A","167","1","4","彩色膠帶座 大卷用 台製Tape Rack˙大卷膠帶用˙可放6卷貨號 規格 價格eaDP-22004 大卷用 可放6卷彩色膠帶座 大卷用 台製Tape Rack˙大卷膠帶用˙可放10卷貨號 規格 價格eaDP-22005 大卷用 可放10卷冷凍標籤 書寫式 LaboCryogenic Storage Labels˙耐溫-196~150℃˙防水,耐液態氮,高溫高壓滅菌,可置於水浴器˙標籤表面適合各式符號筆書寫˙貨號尾數為顏色代號,W(白),R(紅),O(橙),Y(黃),G(綠),B(藍),P(粉紅),L(薰衣草紫)˙可直接黏貼於冷凍,潮濕或乾燥表面,多種尺寸可供冷凍管、載玻片、96孔盤、培養皿、儲存盒,及一般標示用途使用貨號+顏色 適用於 LxW(mm) 排列方式 ea/pk 價格bx貨號 白 紅 橙 黃 綠 藍 粉 紫G23303-0009G23303-0013G23303-0019G23303-0025G23303-2413G23303-3313G23303-3819WWWWWWWRR---RROO---OOYY---YYGG---GGBB---BBPP-----LL-----0.5~2mL離心管蓋1.5~2mL離心管蓋1","https://ec.dgs.com.tw/catalog/files/basic-html/page167.html","https://ec.dgs.com.tw/catalog/catalog.html#p=167","2026-02-24T05:56:40.562Z"
"dgs_ecatalog-p167-c2","dgs_ecatalog","A","167","2","4","G23303-3819WWWWWWWRR---RROO---OOYY---YYGG---GGBB---BBPP-----LL-----0.5~2mL離心管蓋1.5~2mL離心管蓋15~50mL離心管蓋50mL離心管蓋0.5~2mL離心管身 1.5~2mL離心管身一般使用9.513192524x1333x1338x19卷裝1張一排卷裝1張一排卷裝1張一排卷裝1張一排卷裝1張一排卷裝1張一排卷裝1張一排1000100010001000100010001000冷凍標籤 列印式 LaboCryogenic Storage Labels˙耐溫-196~150℃˙防水,耐液態氮,高溫高壓滅菌,可置於水浴器˙標籤表面適合雷射印表機印出,或各式符號筆書寫˙貨號尾數為顏色代號,W(白),R(紅),O(橙),Y(黃),G(綠),B(藍),A(混色)˙可直接黏貼於冷凍,潮濕或乾燥表面,多種尺寸可供冷凍管、載玻片、96孔盤、培養皿、儲存盒,及一般標示用途使用貨號+顏色 適用於 LxW(mm) 排列方式 ea/pk 價格bx單色價格bx貨號 白 紅 橙 黃 綠 藍 混色 混色G23304-0009G23304-0013G23304-2413G2330","https://ec.dgs.com.tw/catalog/files/basic-html/page167.html","https://ec.dgs.com.tw/catalog/catalog.html#p=167","2026-02-24T05:56:40.562Z"
"dgs_ecatalog-p167-c3","dgs_ecatalog","A","167","3","4","用於 LxW(mm) 排列方式 ea/pk 價格bx單色價格bx貨號 白 紅 橙 黃 綠 藍 混色 混色G23304-0009G23304-0013G23304-2413G23304-3313G23304-3806G23304-3819G23304-4319G23304-6725G23304-7651G23304-2525WWWWWWWWWWRRRRRRRR--OOOOOOOO--YYYYYYYY--GGGGGGGG--BBBBBBBB--AAAAAAAA--0.5~2mL離心管蓋1.5~2mL離心管蓋0.5~2mL離心管身 1.5~2mL離心管身微量盤一般使用冷凍小瓶冷凍架冷凍盒冷凍架冷凍盒載玻片9.51324x1333x1338x638x1943x1967x2576x5125x2512x1612x167x175x174x39 5x124x133x102x68x1038403840238017003120120010406002401600彩色標籤膠帶座 小卷用LaboTape Rack˙適用於小捲彩色膠帶˙材質:PS+ABS˙尺寸:103x91x71/mm˙可堆疊節省空間˙根據需求有兩種鋸齒條切換˙約可放小捲3/4\貨號","https://ec.dgs.com.tw/catalog/files/basic-html/page167.html","https://ec.dgs.com.tw/catalog/catalog.html#p=167","2026-02-24T05:56:40.562Z"
"dgs_ecatalog-p167-c4","dgs_ecatalog","A","167","4","4","籤膠帶座 小卷用LaboTape Rack˙適用於小捲彩色膠帶˙材質:PS+ABS˙尺寸:103x91x71/mm˙可堆疊節省空間˙根據需求有兩種鋸齒條切換˙約可放小捲3/4\貨號 描述 價格eaG23301-90001 小卷用 A基礎實驗器材以上價格與規格僅供參考 , 請以實際報價為主 A-155彩色標籤膠帶","https://ec.dgs.com.tw/catalog/files/basic-html/page167.html","https://ec.dgs.com.tw/catalog/catalog.html#p=167","2026-02-24T05:56:40.562Z"
"dgs_ecatalog-p168-c1","dgs_ecatalog","A","168","1","2","鑽石直切刀Carbide Glass Cutter Pen˙刀頭為鑽石製˙可用於直線切割厚度2~3mm玻璃片貨號 規格 價格eaD8WS-CD12J 鑽石刀頭 鎢鋼刻筆 美製Carbide Glass Cutter Pen˙筆尖為鎢鋼製˙可書寫玻片,燒杯,試管等玻璃器具上˙非鑽石切割刀,請勿用於切割玻璃貨號 規格 價格eaD8WS-HBI010 鎢鋼筆頭電動鎢鋼刻筆 Bel-ArtBattery Powered Engraving Tool貨號 描述 價格eaBB-441500005 電動鎢鋼刻筆˙用於書寫在試管,瓶子,設備...等物品上˙電池供電,可於室內外使用˙電池:1.5V AAx2(不含,需自備)˙用於微量秤藥用˙每支75英尺長貨號 WxL(F.T) ea/cs 價格eaDP-26000 1x75 24鋁箔紙Aluminum Foil抗酒精符號筆 LaboLaboratory Marking Pens貨號 描述 顏色 價格G23302-11100G23302-11200G23302-11300G23302-12100G23302-12200G23302-12300G23302-136002mm2mm2mm0.5mm","https://ec.dgs.com.tw/catalog/files/basic-html/page168.html","https://ec.dgs.com.tw/catalog/catalog.html#p=168","2026-02-24T05:56:40.562Z"
"dgs_ecatalog-p168-c2","dgs_ecatalog","A","168","2","2","100G23302-11200G23302-11300G23302-12100G23302-12200G23302-12300G23302-136002mm2mm2mm0.5mm 0.5mm 0.5mm12支組黑藍紅黑藍紅 ˙可書寫於塑膠包埋盒、磨砂載玻片上、彩色標籤帶、冷凍標籤、陶瓷等不同材質的實驗室器具上˙可耐75%以下的酒精˙線條寬度0.5mm及2mm可供選擇˙顏色有黑色、藍色、紅色三色˙12支組為2mm黑、藍、紅色及0.5mm黑、藍、紅色各二支貨號 描述 顏色 廠牌 價格eaA8WS-1401A8WS-1403A8WS-1405A8WS-1406AD-6130603 1mm 1mm 1mm 1mm 0.6mm黑藍綠紅黑SecurlineSecurlineSecurlineSecurlineMARIENFELD ˙適用於磨砂載玻片、塑料、彩色標籤、金屬、陶瓷等不同材質的實驗室器具標識˙可書寫於潮濕的表面符號筆 Securline/MARIENFELDLaboratory Marking PensA基礎實驗器材A-156 以上價格與規格僅供參考 , 請以實際報價為主 符號筆","https://ec.dgs.com.tw/catalog/files/basic-html/page168.html","https://ec.dgs.com.tw/catalog/catalog.html#p=168","2026-02-24T05:56:40.562Z"
"dgs_ecatalog-p169-c1","dgs_ecatalog","A","169","1","4","厚壁玻璃盤 PYREXTray, Drying, PYREX˙Pyrex硼矽酸玻璃製成˙可高壓滅菌或用在微波爐中˙適用於乾燥粉末和晶體、染色和顯影、凝膠電泳和濾紙層析、解剖工作貨號 容量mL LxWxH(mm) 價格eaAS1490-00004AS1490-00006AS1490-00008150035004500228x215x60312x232x55366x266x55厚壁玻璃盤 PYREXPYREX Developing Tray˙硼矽酸玻璃製成貨號 容量mL LxWxH(mm) 價格eaBP3175-00007BP3175-00008BP3175-00010175019953500272x180x50200x200x55349x249x60不鏽鋼圓盤 日製Stainless Dish˙不鏽鋼材質SUS-430˙用於盛裝樣品秤重貨號 Ø(mm) 價格eaC8JS-OM105908C8JS-OM105910C8JS-OM10591280100120 不鏽鋼方形盤 日製Stainless Trays˙不鏽鋼材質SUS-430˙用於盛裝樣品,器械貨號 長(吋) LxWxH(ｍm) 價格eaC8JS-OM104508C8JS-","https://ec.dgs.com.tw/catalog/files/basic-html/page169.html","https://ec.dgs.com.tw/catalog/catalog.html#p=169","2026-02-24T05:56:40.562Z"
"dgs_ecatalog-p169-c2","dgs_ecatalog","A","169","2","4","20 不鏽鋼方形盤 日製Stainless Trays˙不鏽鋼材質SUS-430˙用於盛裝樣品,器械貨號 長(吋) LxWxH(ｍm) 價格eaC8JS-OM104508C8JS-OM104509C8JS-OM104510C8JS-OM104511C8JS-OM104512C8JS-OM104514C8JS-OM104515C8JS-OM104516C8JS-OM104517C8JS-OM104518891011121415161718198x137x17216x152x18256x176x16287x200x17316x226x20345x245x20382x281x21412x302x22435x320x23460x340x25鋁製秤量皿 LaboWeight Dishes, Aluminum˙鋁材質˙器皿附柄底部扁平,不易打翻,表面平滑,不殘留樣本˙適用於懸浮固體(S.S)檢測用˙每盒100個貨號 D(mm) bx/cs 價格bxG28001-10050G28001-10060G28001-10070506070101010鋁製秤量皿 美製Weight Dishes, Aluminum˙鋁材質˙器皿附柄底部扁平,不易打","https://ec.dgs.com.tw/catalog/files/basic-html/page169.html","https://ec.dgs.com.tw/catalog/catalog.html#p=169","2026-02-24T05:56:40.562Z"
"dgs_ecatalog-p169-c3","dgs_ecatalog","A","169","3","4","-10050G28001-10060G28001-10070506070101010鋁製秤量皿 美製Weight Dishes, Aluminum˙鋁材質˙器皿附柄底部扁平,不易打翻,表面平滑,不殘留樣本˙適用於懸浮固體(S.S)檢測用˙每盒100個貨號 D(mm) bx/cs 價格bxBC-18044BC-18060BC-18070435770101010鋁製秤量皿 微量型 美製Weight Dishes, Aluminum, Micro ˙鋁材質˙微量設計,適合微量天平,有機微量元素和熱分析以及製藥用途貨號 LxWxH(mm) 容量mL ea/bx 價格BC-MAWD0035BC-MAWD0040BC-MAWD0110BC-MAWD0120BC-MAWD0121BC-MAWD0350BC-MAWD1120Ø6x2.56.5x3.5x2.510x4x4.512x4x2.712x2x4.5Ø13x3.525x7x70.0350.040 .110.120.120.351.1225025025025025010050鋁製秤量皿 光滑型 美製Weight Dishes, Aluminum, Smooth-Walled ˙鋁材質˙側","https://ec.dgs.com.tw/catalog/files/basic-html/page169.html","https://ec.dgs.com.tw/catalog/catalog.html#p=169","2026-02-24T05:56:40.562Z"
"dgs_ecatalog-p169-c4","dgs_ecatalog","A","169","4","4","20.120.351.1225025025025025010050鋁製秤量皿 光滑型 美製Weight Dishes, Aluminum, Smooth-Walled ˙鋁材質˙側面光滑、底部平坦˙適合儲存、分配、通用取樣和測試˙每包100個貨號 DxH(mm) 容量mL bx/cs 價格bxBC-D057S100BC-D070S100BC-D140S10057x15.973x17.5103x195080140101010A基礎實驗器材以上價格與規格僅供參考 , 請以實際報價為主 A-157秤量皿","https://ec.dgs.com.tw/catalog/files/basic-html/page169.html","https://ec.dgs.com.tw/catalog/catalog.html#p=169","2026-02-24T05:56:40.562Z"
"dgs_ecatalog-p170-c1","dgs_ecatalog","A","170","1","5","鋁製秤量乾燥盤 美製Weight Dishes, Aluminum, Drying Pans ˙鋁材質˙D123050 70mm適合稱重、分配,適用於較小秤盤的微量天平使用˙D126050 102mm適合通用稱重、分配、儲存和乾燥,適用於Mettler、Sartorius、AND、Denver Inst.等水分天平使用˙D125100 127mm適用於奧豪斯天平和水分天平使用貨號 IDxIH(mm) 重量g bx/cs 價格bxBC-D123050BC-D126050BC-D12510070 x6.35102x7.9127x4.761.22.53.35050100秤藥紙 台製Weight Paper˙用於微量秤藥用˙每包(pk)500張貨號 WxL(mm) 價格pkDP-17060DP-17100DP-1712060x60100x100120x120秤量皿 紙質 HeathrowWeight Boat, proof Paper˙使用FSC(森林管理委員會)所認證的紙張製成,使用於廢棄物處理流程中,可讓生物分解˙使用方式與傳統的PS塑膠秤量皿相同,且更容易操作使用˙防水防油,符合美國FDA 21 CFR 176.170/180","https://ec.dgs.com.tw/catalog/files/basic-html/page170.html","https://ec.dgs.com.tw/catalog/catalog.html#p=170","2026-02-24T05:56:40.562Z"
"dgs_ecatalog-p170-c2","dgs_ecatalog","A","170","2","5","委員會)所認證的紙張製成,使用於廢棄物處理流程中,可讓生物分解˙使用方式與傳統的PS塑膠秤量皿相同,且更容易操作使用˙防水防油,符合美國FDA 21 CFR 176.170/180認證˙可耐高溫210℃˙棕色紙質秤量皿適合用於白色或亮色粉末,白色秤量皿則適合用於黑色或暗色粉末˙最小訂量MOQ:1pk貨號 LxWxD(mm) ea/pk 價格pkAHW-HS120312AHW-HS120313AHW-HS120195AHW-HS120314AHW-HS120315AHW-HS120626小 棕色35x35x15.8 中 棕色47.6x47.6x14.2大 棕色95x95x25小 白色35x35x15.8中 白色47.6x47.6x14.2大 白色95x95x25500500250500500250 秤量皿 船形 PS HeathrowWeight Boat, Pour-Boat, PS˙PS材質製成,耐稀釋和弱酸 ,水溶液,醇和鹼˙表面光滑不易殘留˙耐溫-10~70℃(14~158℉)˙適用於微波水份分析儀˙符合FDA食品級標準˙標準型每包(pk)100個˙防靜電型每包(pk)500個貨號 LxWxH(mm) 容量mL pk/","https://ec.dgs.com.tw/catalog/files/basic-html/page170.html","https://ec.dgs.com.tw/catalog/catalog.html#p=170","2026-02-24T05:56:40.562Z"
"dgs_ecatalog-p170-c3","dgs_ecatalog","A","170","3","5","耐溫-10~70℃(14~158℉)˙適用於微波水份分析儀˙符合FDA食品級標準˙標準型每包(pk)100個˙防靜電型每包(pk)500個貨號 LxWxH(mm) 容量mL pk/cs 價格pk標準型AHW-HS1419AAHW-HS1419BAHW-HS1419C小 白色43x58x13中 白色83x132x26大 白色108x183x2614137259555防靜電型AHW-HS120225AHW-HS120226AHW-HS120227小 白色43x58x13中 白色83x132x26大 白色108x183x2614137259111秤量皿 方形 PS HeathrowWeight Boat, Standard, PS˙PS材質製成,耐稀釋和弱酸 ,水溶液,醇和鹼˙表面光滑不易殘留˙耐溫-10~70℃(14~158℉)˙適用於微波水份分析儀˙符合FDA食品級標準˙標準型每包(pk)100個˙防靜電型每包(pk)500個貨號 LxWxH(mm) 容量mL pk/cs 價格pk標準型AHW-HS1420AAHW-HS1420BAHW-HS1420CAHW-HS1421AAHW-HS1421BAHW-HS1421CAHW-H","https://ec.dgs.com.tw/catalog/files/basic-html/page170.html","https://ec.dgs.com.tw/catalog/catalog.html#p=170","2026-02-24T05:56:40.562Z"
"dgs_ecatalog-p170-c4","dgs_ecatalog","A","170","4","5","容量mL pk/cs 價格pk標準型AHW-HS1420AAHW-HS1420BAHW-HS1420CAHW-HS1421AAHW-HS1421BAHW-HS1421CAHW-HS1423AAHW-HS1423BAHW-HS1423C小.白色46x46x8中.白色85x85x24大.白色140x140x22小.藍色46x46x8中.藍色85x85x24大.藍色140x140x22小.黑色46x46x8中.黑色85x85x24大.黑色140x140x22108528010852801085280555555555防靜電型AHW-HS1420AAAHW-HS1420BBAHW-HS1420CCAHW-HS120222AHW-HS120223AHW-HS120224AHW-HS1423AAAHW-HS1423BBAHW-HS1423CC小.白色46x46x8中.白色85x85x24大.白色140x140x22小.藍色46x46x8中.藍色85x85x24大.藍色140x140x22小.黑色46x46x8中.黑色85x85x24大.黑色140x140x22108528010852801085280111111111A基礎實驗器材A","https://ec.dgs.com.tw/catalog/files/basic-html/page170.html","https://ec.dgs.com.tw/catalog/catalog.html#p=170","2026-02-24T05:56:40.562Z"
"dgs_ecatalog-p170-c5","dgs_ecatalog","A","170","5","5","4大.藍色140x140x22小.黑色46x46x8中.黑色85x85x24大.黑色140x140x22108528010852801085280111111111A基礎實驗器材A-158 以上價格與規格僅供參考 , 請以實際報價為主 秤量皿","https://ec.dgs.com.tw/catalog/files/basic-html/page170.html","https://ec.dgs.com.tw/catalog/catalog.html#p=170","2026-02-24T05:56:40.562Z"
"dgs_ecatalog-p171-c1","dgs_ecatalog","A","171","1","4","秤量皿 六角形 PS HeathrowWeight Boat, Hexagonal, PS˙PS材質製成,耐稀釋和弱酸 ,水溶液,醇和鹼˙表面光滑不易殘留˙耐溫-10~70℃(14~158℉)˙適用於微波水份分析儀˙符合FDA食品級標準˙標準型每包(pk)100個˙防靜電型每包(pk)500個貨號 LxWxH(mm) 容量mL pk/cs 價格pk標準型AHW-HS14250AAHW-HS14250BAHW-HS14250CAHW-HS14250D小.白色38x25x9中.白色64x51x19大.白色102x76x22特大.白127x89x316461943645555防靜電型AHW-HS14251AAHW-HS14251BAHW-HS14251CAHW-HS14251D小.白色38x25x9中.白色64x51x19大.白色102x76x22特大.白127x89x316461943641111秤量皿 菱形 PS HeathrowWeight Boat, Diamond, PS˙PS材質製成,耐稀釋和弱酸,水溶液,醇和鹼˙表面光滑不易殘留˙耐溫-10~70℃(14~158℉)˙適用於微波水份分析儀˙符合FDA食品級標準˙標準型","https://ec.dgs.com.tw/catalog/files/basic-html/page171.html","https://ec.dgs.com.tw/catalog/catalog.html#p=171","2026-02-24T05:56:40.562Z"
"dgs_ecatalog-p171-c2","dgs_ecatalog","A","171","2","4","t, Diamond, PS˙PS材質製成,耐稀釋和弱酸,水溶液,醇和鹼˙表面光滑不易殘留˙耐溫-10~70℃(14~158℉)˙適用於微波水份分析儀˙符合FDA食品級標準˙標準型每包(pk)100個˙防靜電型每包(pk)500個貨號 LxWxH(mm) 容量mL pk/cs 價格pk標準型AHW-HS1424AAAHW-HS1424AAHW-HS1424BAHW-HS1424CAHW-HS1427AAAHW-HS1427AAHW-HS1427BAHW-HS1427C小,白色53x33x6中,白色67x47x14大,白色78x56x14特大,白119x90x19小,黑色53x33x6中,黑色67x47x14大,黑色78x56x14特大,黑119x90x19525301005253010055555555防靜電型AHW-HS1425AAAHW-HS1425AAHW-HS1425BAHW-HS1425CAHW-HS1426AAAHW-HS1426AAHW-HS1426BAHW-HS1426C小,白色53x33x6中,白色67x47x14大,白色78x56x14特大,白119x90x19小,黑色53x33x6中,黑色67x47x1","https://ec.dgs.com.tw/catalog/files/basic-html/page171.html","https://ec.dgs.com.tw/catalog/catalog.html#p=171","2026-02-24T05:56:40.562Z"
"dgs_ecatalog-p171-c3","dgs_ecatalog","A","171","3","4","W-HS1426BAHW-HS1426C小,白色53x33x6中,白色67x47x14大,白色78x56x14特大,白119x90x19小,黑色53x33x6中,黑色67x47x14大,黑色78x56x14特大,黑119x90x19525301005253010011111111秤量皿 微量 PS HeathrowWeight Boat , Micro, PS˙PS防靜電材質製成,耐稀釋的弱酸,水溶液,醇和鹼˙抗靜電特性可防止樣品因靜電而滯留˙耐溫-10~70℃(14~158℉)˙非常適合微量天平稱量,或分配極少量的樣品材料˙較小的表面積蒸發率,適合校正微量吸管時使用˙符合FDA食品級標準˙內部尺寸15.4Lx6.9Wx7.5H/mm˙每包(pk)250個貨號 容量mL LxWxH(mm) 價格pkAHW-120836 0.5 25x8.9x7.5無菌秤量皿 HeathrowWeighing Boat, Sterile貨號 規格LxWxH(mm) 容量mL ea/bx 價格bxAHW-120880AHW-120882AHW-120710方型 46x46x8六角型 64x51x20方型 84x84x24104685200200","https://ec.dgs.com.tw/catalog/files/basic-html/page171.html","https://ec.dgs.com.tw/catalog/catalog.html#p=171","2026-02-24T05:56:40.562Z"
"dgs_ecatalog-p171-c4","dgs_ecatalog","A","171","4","4","容量mL ea/bx 價格bxAHW-120880AHW-120882AHW-120710方型 46x46x8六角型 64x51x20方型 84x84x24104685200200200˙抗靜電˙PS材質,具生物惰性,耐稀酸、弱酸、水溶液、醇和鹼˙表面光滑,不易殘留˙在無塵室內製造和包裝,電子束滅菌˙溫度範圍-10至70°C(14至158°F)˙可與微波水分測定儀搭配使用液體秤量皿 HeathrowWeighing Boat, Liquid貨號 規格LxWxH(mm) 容量mL ea/bx 價格bxAHW-120890AHW-120891AHW-12089292x76x43107x91x47148x117x5150100200200200200˙PS材質,具生物惰性,耐稀酸、弱酸、水溶液、醇和鹼˙表面光滑,不易殘留˙具有傾倒嘴和手柄,方便拿取和傾倒˙符合FDA食品級標準A基礎實驗器材以上價格與規格僅供參考 , 請以實際報價為主 A-159秤量皿","https://ec.dgs.com.tw/catalog/files/basic-html/page171.html","https://ec.dgs.com.tw/catalog/catalog.html#p=171","2026-02-24T05:56:40.562Z"
"dgs_ecatalog-p172-c1","dgs_ecatalog","A","172","1","4","貨號 容量mL材質 內部LxWxH(mm)ea/pk 價格AHW-HS120637AHW-HS120638AHW-HS120639AHW-HS120641AHW-HS120642AHW-HS12065251010252525PS滅菌PS未滅菌PS滅菌PS滅菌PS未滅菌PS滅菌72x21x1872x21x1872x21x18102x25x21102x25x21102x25x211100111001AHW-HS120644AHW-HS120645AHW-HS120690AHW-HS120648AHW-HS120649AHW-HS120650505050100100100PS滅菌PS未滅菌PVC未滅菌PS滅菌PS未滅菌PVC未滅菌102x28x30102x28x30102x28x30109x48x32109x48x32109x48x3211001001100100PS材質 PVC材質雙槽HS120652˙\,有效利用更多的試劑˙易於讀取的刻度標記位於頂部邊緣˙四個角落都有傾倒口,傾倒方便不滴漏˙無菌款式經認證為RNase/DNase且無熱原,具批號˙PVC為透明材質,可清楚觀察試劑量˙適用於單爪,八爪及十二爪微量吸管使用˙HS12","https://ec.dgs.com.tw/catalog/files/basic-html/page172.html","https://ec.dgs.com.tw/catalog/catalog.html#p=172","2026-02-24T05:56:40.562Z"
"dgs_ecatalog-p172-c2","dgs_ecatalog","A","172","2","4","邊緣˙四個角落都有傾倒口,傾倒方便不滴漏˙無菌款式經認證為RNase/DNase且無熱原,具批號˙PVC為透明材質,可清楚觀察試劑量˙適用於單爪,八爪及十二爪微量吸管使用˙HS120652為雙槽設計,10及15mL各一槽,可同時使用兩種試劑吸管試劑槽 HeathrowMulti-Channel Solution Basins吸管試劑槽 雙面式 PP HeathrowDual Solution Reservoir, PP貨號 孔 ea/pk 價格eaAHW-HS20821A 12 25 ˙PP材質,兩面皆可使用˙一面為12槽,每槽容量5mL,另一面為單槽,容量50mL˙槽內為斜角尖底,可導引吸管尖至底部中點˙適用於單爪,八爪及十二爪微量吸管使用˙具盒蓋,可防止試劑揮發 ˙每包(pk)25個,整包訂購另有折扣吸管試劑槽冷卻器 HeathrowReagent Reservoir Chiller貨號 規格 價格AHW-120730AHW-120731AHW-120732AHW-120733AHW-120734AHW-12073550mL 紫50mL 藍50mL 紫/藍100mL 紫100mL 藍100mL 紫/藍˙PP材質,可重複使","https://ec.dgs.com.tw/catalog/files/basic-html/page172.html","https://ec.dgs.com.tw/catalog/catalog.html#p=172","2026-02-24T05:56:40.562Z"
"dgs_ecatalog-p172-c3","dgs_ecatalog","A","172","3","4","-120732AHW-120733AHW-120734AHW-12073550mL 紫50mL 藍50mL 紫/藍100mL 紫100mL 藍100mL 紫/藍˙PP材質,可重複使用˙用於置放在吸管試劑槽下方保持試劑槽內試劑的溫度˙使試劑在低於5°C(41°F)的溫度下保存約1小時˙延長對溫度敏感的試劑的工作時間˙與Heatheow吸管試劑槽50/55mL及100mL可完全貼合,以確保最大程度的接觸,從而實現更長的均勻冷卻˙可堆疊,節省儲存空間和工作空間˙由水和抑菌劑組成的無毒混合物,可快速冷卻和凍結˙不可放於液態氮內雙用途實驗室勺 HeathrowDual Purpose Lab Scoops˙PS材質˙具藥匙與秤量皿與小型漏斗功能˙平放時是秤量皿,兩端鎖定片互扣則變為藥匙與漏斗˙寬尖端設計使藥匙在秤上能保持穩定,並使材料能輕鬆勺取和分配貨號 規格 價格bxAHW-120656AHW-120657小 127x63/mm大 127x90/mm二方TF活栓 SYNTHWAREStopcock, Straight Bore, PTFE Plug貨號 管徑mm內孔mm活栓規格 活栓斜度 價格eaDG821000-00002DG82","https://ec.dgs.com.tw/catalog/files/basic-html/page172.html","https://ec.dgs.com.tw/catalog/catalog.html#p=172","2026-02-24T05:56:40.562Z"
"dgs_ecatalog-p172-c4","dgs_ecatalog","A","172","4","4","F活栓 SYNTHWAREStopcock, Straight Bore, PTFE Plug貨號 管徑mm內孔mm活栓規格 活栓斜度 價格eaDG821000-00002DG821000-00003DG821000-0000488102.52.5411/2511/2515.2/301:51:101:5˙硼矽酸玻璃材質製成˙另提供多種規格選購A基礎實驗器材A-160 以上價格與規格僅供參考 , 請以實際報價為主 吸管試劑槽","https://ec.dgs.com.tw/catalog/files/basic-html/page172.html","https://ec.dgs.com.tw/catalog/catalog.html#p=172","2026-02-24T05:56:40.562Z"
"dgs_ecatalog-p173-c1","dgs_ecatalog","A","173","1","3","三方斜孔玻璃活栓 SYNTHWAREStopcock,Glass,Hollow Plug,Double Oblique,High Vacuum˙硼矽酸玻璃材質製成˙可應用於高低真空系統切換貨號 管徑mm 內孔mm 活栓規格 價格eaASG-S351656 10 4 16.2/56 高真空玻璃活栓 KONTESStopcock, High Vacuum˙硼矽酸玻璃材質˙耐真空5x10-7Torr˙全開位置為1-1/2圈˙密封O-RING採用FKM材質˙PTFE軸可在230°C的溫度下連續使用,或在275°C的溫度下間歇使用貨號 活栓開口範圍mm OD(mm) 價格eaAK826500-00004AK826500-00008AK826500-000120~40~80~1291316高真空玻璃活栓 KONTESStopcock, High Vacuum˙硼矽酸玻璃材質˙耐真空5x10-7Torr˙全開位置為1-1/2圈˙密封O-RING採用FKM材質˙PTFE軸可在230°C的溫度下連續使用,或在275°C的溫度下間歇使用貨號 活栓開口範圍mm OD(mm) 價格eaAK826510-00004AK826510-00008AK82","https://ec.dgs.com.tw/catalog/files/basic-html/page173.html","https://ec.dgs.com.tw/catalog/catalog.html#p=173","2026-02-24T05:56:40.562Z"
"dgs_ecatalog-p173-c2","dgs_ecatalog","A","173","2","3","TFE軸可在230°C的溫度下連續使用,或在275°C的溫度下間歇使用貨號 活栓開口範圍mm OD(mm) 價格eaAK826510-00004AK826510-00008AK826510-00012AK826310-000200-40-80-120-209131622高真空玻璃活栓 KONTESStopcock, High Vacuum˙硼矽酸玻璃材質˙耐真空5x10-7Torr˙全開位置為1-1/2圈˙密封O-RING採用FKM材質˙PTFE軸可在230°C的溫度下連續使用,或在275°C的溫度下間歇使用貨號 活栓開口範圍mm OD(mm) 價格eaAK826620-00004AK826620-000080~40~8913高真空PTFE活栓 雙管 SYNTHWAREVacuum/Gas Manifold PTFE Vlave˙PTFE活栓˙5組0-4mm活栓貨號 規格 總長x管身x接管mm 價格setASG-M471005 PTFE真空活栓 550xOD22xOD10 真空氣體分配器 玻璃活栓 雙管 SYNTHWAREVacuum/Gas Manifold Glass Vlave˙硼矽酸玻璃材質˙附玻璃活栓貨號 規格 總","https://ec.dgs.com.tw/catalog/files/basic-html/page173.html","https://ec.dgs.com.tw/catalog/catalog.html#p=173","2026-02-24T05:56:40.562Z"
"dgs_ecatalog-p173-c3","dgs_ecatalog","A","173","3","3","50xOD22xOD10 真空氣體分配器 玻璃活栓 雙管 SYNTHWAREVacuum/Gas Manifold Glass Vlave˙硼矽酸玻璃材質˙附玻璃活栓貨號 規格 總長x管身x接管mm 價格setASG-M411004ASG-M4110054組玻璃活栓5組玻璃活栓375xOD22xOD10450xOD22xOD10 A基礎實驗器材以上價格與規格僅供參考 , 請以實際報價為主 A-161玻璃加工活栓","https://ec.dgs.com.tw/catalog/files/basic-html/page173.html","https://ec.dgs.com.tw/catalog/catalog.html#p=173","2026-02-24T05:56:40.562Z"
"dgs_ecatalog-p174-c1","dgs_ecatalog","A","174","1","3","磨砂公接頭SYNTHWAREGround Joint, Inner Member Only˙硼矽酸玻璃製˙另提供多種規格選購貨號 磨砂口 ODXH(mm) 價格eaDG661250-01420DG661250-01423DG661250-01926DG661250-02440DG661250-02932DG661250-02942DG661250-03445DG661250-04550DG661250-01423LDG661250-02440LDG661250-02932L14/2014/2319/2624/4029/3229/4234/4545/5014/23 長嘴24/40 長嘴29/32 長嘴12x13012x13017x15022x15026x15026x15032x15040x15012x15022x15026x150磨砂母接頭SYNTHWAREGround Joint, Outer Member Only˙硼矽酸玻璃製˙另提供多種規格選購貨號 磨砂口 ODXH(mm) 價格eaDG661500-01420DG661500-01423DG661500-01926DG661500-02440DG661500-0244","https://ec.dgs.com.tw/catalog/files/basic-html/page174.html","https://ec.dgs.com.tw/catalog/catalog.html#p=174","2026-02-24T05:56:40.562Z"
"dgs_ecatalog-p174-c2","dgs_ecatalog","A","174","2","3","購貨號 磨砂口 ODXH(mm) 價格eaDG661500-01420DG661500-01423DG661500-01926DG661500-02440DG661500-02440TDG661500-02932DG661500-02942DG661500-03445DG661500-0455014/2014/2319/2624/4024/40 梯形磨口29/3229/4234/4545/5017x13017x13022x15028x15028x15032x15032x15038x15050x150螺牙接管 德製Tube, Screw Thread˙硼矽酸玻璃製貨號 螺牙規格 價格eaBS-28625160BS-28625320BS-28625620BS-28625880BS-28625340GL 14GL 18GL 25GL 32GL 45 貨號 螺牙規格 價格eaASG-TS14T001ASG-TS18T001GL 14GL 18 螺牙接管 SYNTHWARETube, Screw Thread˙硼矽酸玻璃製PP接管 德製Connection Hose, PP˙PP材質貨號 螺牙規格 型式 價格eaBS-2925506A","https://ec.dgs.com.tw/catalog/files/basic-html/page174.html","https://ec.dgs.com.tw/catalog/catalog.html#p=174","2026-02-24T05:56:40.562Z"
"dgs_ecatalog-p174-c3","dgs_ecatalog","A","174","3","3","YNTHWARETube, Screw Thread˙硼矽酸玻璃製PP接管 德製Connection Hose, PP˙PP材質貨號 螺牙規格 型式 價格eaBS-2925506AZ13600-00BS-2924705BS-28621400BS-28621260GL 14GL 14GL 14GL 18GL 18直型彎型彎型直型彎型 PP接管 SYNTHWAREConnection Hose, PP˙PP材質貨號 螺牙規格 型式 價格eaASG-R201402ASG-R201801GL14 GL18 直型直型中孔螺蓋 PBTDURANClosure, Screw Thread, Red PBT, Open Top˙PBT材質,比PP更耐化學腐蝕,可耐溫度至180℃˙螺牙接管用貨號 螺牙規格 孔徑mm 價格eaBS-2922705BS-2922706BS-2922709BS-2922708BS-2922710GL 14GL 18GL 25GL 32GL 459.511152034A基礎實驗器材A-162 以上價格與規格僅供參考 , 請以實際報價為主 玻璃磨砂接頭","https://ec.dgs.com.tw/catalog/files/basic-html/page174.html","https://ec.dgs.com.tw/catalog/catalog.html#p=174","2026-02-24T05:56:40.562Z"
"dgs_ecatalog-p175-c1","dgs_ecatalog","A","175","1","3","貨號 螺牙規格 孔徑mm 價格eaASG-RC14ASG-RC18GL 14GL 189.511中孔螺蓋 PP SYNTHWAREClosure, Screw Thread, PP, Open Top˙PP材質˙螺牙接管用螺旋牙連接頭 PBT DURANAdapter, Screw thread, Coupling, PBT˙PBT材質,比PP更耐化學腐蝕,可耐溫度至180℃貨號 螺牙規格 價格eaBS-29226055BS-29226065BS-29226095BS-292260852XGL 142XGL 182XGL 252XGL 32螺牙接管用螺蓋 PBT DURANClosure, Screw Thread, Red PBT˙PBT材質,比PP更耐化學腐蝕,可耐溫度至180℃˙內有PTFE墊片貨號 螺牙規格 價格eaBS-2924008BS-2924011BS-2924013BS-2924019BS-2924028GL 14GL 18GL 25GL 32GL 45矽膠/PTFE墊片 螺蓋用 DURANSepta, for Screw Caps, Silicone Rubber˙矽膠製/另一面披覆PTFE貨號 螺牙規格","https://ec.dgs.com.tw/catalog/files/basic-html/page175.html","https://ec.dgs.com.tw/catalog/catalog.html#p=175","2026-02-24T05:56:40.562Z"
"dgs_ecatalog-p175-c2","dgs_ecatalog","A","175","2","3","25GL 32GL 45矽膠/PTFE墊片 螺蓋用 DURANSepta, for Screw Caps, Silicone Rubber˙矽膠製/另一面披覆PTFE貨號 螺牙規格 價格eaBS-2924808BS-2924811BS-2924813BS-2924819BS-2924828GL 14GL 18GL 25GL 32GL 45中孔墊片 DURANSepta, for Open Top Screw Caps, Silicone Rubber˙矽膠製/另一面披覆PTFE貨號 螺牙規格 中孔徑mm IDxOD(mm) 價格eaBS-2923406BS-2923506BS-2923508BS-2923510GL 14GL 18GL 18GL 185.5~6.55.5~6.57.5~9.09.0~11.06x126x168x1610x16圓形石英片Plate, Circle, Quartz˙石英材質˙可依需求尺寸訂做貨號 厚度mm 價格eaCQ-03001CQ-03002CQ-03003CQ-03004CQ-03005CQ-031101234510 方形石英片Plate, Square, Quartz˙石英材質 ˙可依需求","https://ec.dgs.com.tw/catalog/files/basic-html/page175.html","https://ec.dgs.com.tw/catalog/catalog.html#p=175","2026-02-24T05:56:40.562Z"
"dgs_ecatalog-p175-c3","dgs_ecatalog","A","175","3","3","03001CQ-03002CQ-03003CQ-03004CQ-03005CQ-031101234510 方形石英片Plate, Square, Quartz˙石英材質 ˙可依需求尺寸訂做貨號 厚度mm 價格eaCQ-04001CQ-04002CQ-04003CQ-04004CQ-04005CQ-040101234510 圓型玻璃片Plate, Circle, Glass˙鈉玻璃材質˙可依需求尺寸訂做貨號 厚度mm 價格eaDG-01001DG-01002DG-01003DG-01004DG-01005DG-010101234510A基礎實驗器材以上價格與規格僅供參考 , 請以實際報價為主 A-163中孔螺蓋","https://ec.dgs.com.tw/catalog/files/basic-html/page175.html","https://ec.dgs.com.tw/catalog/catalog.html#p=175","2026-02-24T05:56:40.562Z"
"dgs_ecatalog-p176-c1","dgs_ecatalog","A","176","1","3","貨號 厚度mm 價格eaDG-02001DG-02002DG-02003DG-02004DG-02005DG-020101234510方型玻璃片Plate, Square, Glass ˙鈉玻璃材質 ˙可依需求尺寸訂做玻璃L型管Tubing, L Type, Glass ˙硼矽酸玻璃製貨號 ODxL(mm) 價格eaDG-L0011DG-L00128x1558x305 玻璃管Tubing, Glass ˙硼矽酸玻璃製貨號 ODxL(mm) 價格eaDG-L0630DG-L0830DG-L10306x3008x30010x300標準玻璃管Tubing, Glass ˙硼矽酸玻璃製˙長度48英吋貨號 外徑mm 厚度mm 價格eaAK80200-00002AK80200-00003AK80200-00004AK80200-0000523450.60.60.80.8AK80200-00006AK80200-00007AK80200-00008AK80200-00009AK80200-00010AK80200-00011AK80200-0001267891011121.01.01.01.01.01.01.0AK80200-00013A","https://ec.dgs.com.tw/catalog/files/basic-html/page176.html","https://ec.dgs.com.tw/catalog/catalog.html#p=176","2026-02-24T05:56:40.562Z"
"dgs_ecatalog-p176-c2","dgs_ecatalog","A","176","2","3","-00009AK80200-00010AK80200-00011AK80200-0001267891011121.01.01.01.01.01.01.0AK80200-00013AK80200-00014AK80200-00015AK80200-00016AK80200-00017AK80200-00018AK80200-00019AK80200-0002013141516171819201.21.21.21.21.21.21.21.2AK80200-00022AK80200-00025AK80200-00028AK80200-00030AK80200-0003222252830321.51.51.51.81.8AK80200-00035AK80200-00038AK80200-00041AK80200-00045AK80200-0005135384145512.02.02.02.02.0AK80200-00060AK80200-00064AK80200-00070AK80200-00075AK80200-00080AK80200-00085AK80200-00090AK80200-00095AK80200-00100606","https://ec.dgs.com.tw/catalog/files/basic-html/page176.html","https://ec.dgs.com.tw/catalog/catalog.html#p=176","2026-02-24T05:56:40.562Z"
"dgs_ecatalog-p176-c3","dgs_ecatalog","A","176","3","3","200-00070AK80200-00075AK80200-00080AK80200-00085AK80200-00090AK80200-00095AK80200-0010060647075808590951002.42.42.42.42.42.42.42.42.4AK80200-00110AK80200-00120AK80200-00130AK80200-00140AK80200-00150AK80200-00160AK80200-00170AK80200-00180AK80200-001901101201301401501601701801902.63.03.03.53.53.53.53.54.0AK80200-00200AK80200-00210AK80200-00220AK80200-00230AK80200-00240AK80200-002502002102202302402505.05.05.57.07.07.0A基礎實驗器材A-164 以上價格與規格僅供參考 , 請以實際報價為主 玻璃管","https://ec.dgs.com.tw/catalog/files/basic-html/page176.html","https://ec.dgs.com.tw/catalog/catalog.html#p=176","2026-02-24T05:56:40.562Z"
